snapshot_date,track,uploaded_at,uploaded_date,published_at,published_date,track_status,additional_user_tags,genre_user_tagged,track_permalink,title
2026-10-05,soundcloud:tracks:dde8fbc5857fe90415106805dd3b8c6f,2026-10-02 16:00:03 UTC,2026-10-02,2026-10-02 16:00:03 UTC,2026-10-02,public,"[""exclusive"",""voicenotes"",""whatsonot""]",Exclusive,voice-notes-what-so-not-on-candy-flipping-1,"Voice Notes: What So Not on ""Candy Flipping"""
2026-10-05,soundcloud:tracks:e66287ab322a0c3c14bb3dbf6fee2890,2026-10-02 16:00:03 UTC,2026-10-02,2026-10-02 16:00:03 UTC,2026-10-02,public,"[""exclusive"",""voicenotes"",""whatsonot""]",Exclusive,voice-notes-what-so-not-on-trash-5,"Voice Notes: What So Not on ""Trash"""
2026-10-05,soundcloud:tracks:2351dba44e9f7b25ba3666e4b2b05254,2026-10-02 16:00:03 UTC,2026-10-02,2026-10-02 16:00:03 UTC,2026-10-02,public,"[""exclusive"",""voicenotes"",""whatsonot""]",Exclusive,voice-notes-what-so-not-on-wise-and-webs-4,"Voice Notes: What So Not on ""Wise and Webs"""
2026-10-05,soundcloud:tracks:f33760b3920fd61b162370cea49240dd,2026-10-02 16:00:03 UTC,2026-10-02,2026-10-02 16:00:03 UTC,2026-10-02,public,"[""exclusive"",""voicenotes"",""whatsonot""]",Exclusive,voice-notes-what-so-not-on-i-dont-wanna-leave-yet-6,"Voice Notes: What So Not on ""I Don't Wanna Leave Yet"""
2026-10-05,soundcloud:tracks:8714450f84d05bc1fa31ffef4e0083db,2026-10-02 16:00:03 UTC,2026-10-02,2026-10-02 16:00:03 UTC,2026-10-02,public,"[""exclusive"",""voicenotes"",""whatsonot""]",Exclusive,voice-notes-what-so-not-on-mona-lisa-2,"Voice Notes: What So Not on ""Mona Lisa"""
2026-10-05,soundcloud:tracks:4b86f1aa87b4ebb04e7bb58ffe5721dc,2026-10-02 16:00:03 UTC,2026-10-02,2026-10-02 16:00:03 UTC,2026-10-02,public,"[""exclusive"",""voicenotes"",""whatsonot""]",Exclusive,voice-notes-what-so-not-on-everest-3,"Voice Notes: What So Not on ""Everest"""
2026-10-05,soundcloud:tracks:e7d5326b8838903fc45ba8aa58847a82,2026-09-28 17:53:05 UTC,2026-09-28,2026-09-28 17:53:05 UTC,2026-09-28,public,"[""exclusive"",""melé"",""voicenotes""]",,voice-notes-mele-on-wait-a-minute-5,"Voice Notes: Melé  on ""Wait A Minute"""
2026-10-05,soundcloud:tracks:d3277daf7dd346266ebc2de231ac23f9,2026-09-28 17:53:05 UTC,2026-09-28,2026-09-28 17:53:05 UTC,2026-09-28,public,"[""exclusive"",""melé"",""voicenotes""]",,voice-notes-mele-on-the-light-1,"Voice Notes: Melé  on ""The Light"""
2026-10-05,soundcloud:tracks:05df8b930f8a1472f25a73341c30522d,2026-09-28 17:53:05 UTC,2026-09-28,2026-09-28 17:53:05 UTC,2026-09-28,public,"[""exclusive"",""melé"",""voicenotes""]",,voice-notes-mele-on-soul-flower-2,"Voice Notes: Melé  on ""Soul Flower"""
2026-10-05,soundcloud:tracks:014ac45b72b560bed9530349a8d5e168,2026-09-28 17:53:05 UTC,2026-09-28,2026-09-28 17:53:05 UTC,2026-09-28,public,"[""exclusive"",""melé"",""voicenotes""]",,voice-notes-mele-on-this-thing-of-ours-6,"Voice Notes: Melé  on ""This Thing Of Ours"""
2026-10-05,soundcloud:tracks:9a1baeda41c5163918e134a5e205337a,2026-09-28 17:53:05 UTC,2026-09-28,2026-09-28 17:53:05 UTC,2026-09-28,public,"[""exclusive"",""melé"",""voicenotes""]",,voice-notes-mele-on-brazilika-4,"Voice Notes: Melé  on ""Brazilika"""
2026-10-05,soundcloud:tracks:b637a331f656e84bff7691902eca1a76,2026-09-28 17:53:05 UTC,2026-09-28,2026-09-28 17:53:05 UTC,2026-09-28,public,"[""exclusive"",""melé"",""voicenotes""]",,voice-notes-mele-on-protect-your-peace-3,"Voice Notes: Melé  on ""Protect Your Peace"""
2026-10-05,soundcloud:tracks:77ac94f3ad582a0aa89fc82c8b42dbf8,2026-09-25 16:44:28 UTC,2026-09-25,2026-09-25 16:44:28 UTC,2026-09-25,public,"[""ellavos"",""exclusive"",""voicenotes""]",,voice-notes-ella-vos-on-white-noise-1,"Voice Notes: Ella Vos on ""White Noise"""
2026-10-05,soundcloud:tracks:e0c2dd5e893e7b26c5f6f410be2f7014,2026-09-25 16:44:28 UTC,2026-09-25,2026-09-25 16:44:28 UTC,2026-09-25,public,"[""ellavos"",""exclusive"",""voicenotes""]",,voice-notes-ella-vos-on-mindreader-6,"Voice Notes: Ella Vos on ""Mindreader"""
2026-10-05,soundcloud:tracks:7b33b5e495b708c050710375959a3db7,2026-09-25 16:44:28 UTC,2026-09-25,2026-09-25 16:44:28 UTC,2026-09-25,public,"[""ellavos"",""exclusive"",""voicenotes""]",,voice-notes-ella-vos-on-kawaii-5,"Voice Notes: Ella Vos on ""Kawaii"""
2026-10-05,soundcloud:tracks:02a561719d34cbd5af527d328be17f47,2026-09-25 16:44:28 UTC,2026-09-25,2026-09-25 16:44:28 UTC,2026-09-25,public,"[""ellavos"",""exclusive"",""voicenotes""]",,voice-notes-ella-vos-on-down-in-flames-3,"Voice Notes: Ella Vos on ""Down In Flames"""
2026-10-05,soundcloud:tracks:eca70ba4c0df58b2df185f17ccdb9b06,2026-09-25 16:44:28 UTC,2026-09-25,2026-09-25 16:44:28 UTC,2026-09-25,public,"[""ellavos"",""exclusive"",""voicenotes""]",,voice-notes-ella-vos-on-cried-at-the-party-2,"Voice Notes: Ella Vos on ""Cried at the Party"""
2026-10-05,soundcloud:tracks:135080bedfe0af339bda8e2fa2cfca5a,2026-09-25 16:44:28 UTC,2026-09-25,2026-09-25 16:44:28 UTC,2026-09-25,public,"[""ellavos"",""exclusive"",""voicenotes""]",,voice-notes-ella-vos-on-glitter-and-tears-4,"Voice Notes: Ella Vos on ""Glitter And Tears"""
2026-10-05,soundcloud:tracks:2702abb803993e02ca803f5bb6987cca,2026-09-23 19:30:59 UTC,2026-09-23,2026-09-23 19:30:59 UTC,2026-09-23,public,"[""exclusive"",""p-lo"",""voicenotes""]",,voice-notes-p-lo-on-bay-boyz-4ever-1,"Voice Notes: P-Lo on ""BAY BOYZ 4EVER"""
2026-10-05,soundcloud:tracks:0e27609d93dacfeda859ad10460f65f5,2026-09-23 19:30:59 UTC,2026-09-23,2026-09-23 19:30:59 UTC,2026-09-23,public,"[""exclusive"",""p-lo"",""voicenotes""]",,voice-notes-p-lo-on-10-outta-10-3,"Voice Notes: P-Lo on ""10 OUTTA 10"""
2026-10-05,soundcloud:tracks:2d9aece081d119618ba455d7174da1a3,2026-09-23 19:30:59 UTC,2026-09-23,2026-09-23 19:30:59 UTC,2026-09-23,public,"[""exclusive"",""p-lo"",""voicenotes""]",,voice-notes-p-lo-on-huh-alright-2,"Voice Notes: P-Lo on ""HUH ALRIGHT"""
2026-10-05,soundcloud:tracks:38608e60fc84827132741db62a5476d1,2026-09-18 17:25:23 UTC,2026-09-18,2026-09-18 17:25:23 UTC,2026-09-18,public,"[""empressof"",""exclusive"",""voicenotes""]",,voice-notes-empress-of-on-blue-light-1,"Voice Notes: Empress Of on ""Blue Light"""
2026-10-05,soundcloud:tracks:214c19e65779228747ca975dc14ddf63,2026-09-18 17:25:23 UTC,2026-09-18,2026-09-18 17:25:23 UTC,2026-09-18,public,"[""empressof"",""exclusive"",""voicenotes""]",,voice-notes-empress-of-on-dream-house-3,"Voice Notes: Empress Of on ""Dream House"""
2026-10-05,soundcloud:tracks:40adf4323c8c4dcf385ba1bda2981e06,2026-09-18 17:25:23 UTC,2026-09-18,2026-09-18 17:25:23 UTC,2026-09-18,public,"[""empressof"",""exclusive"",""voicenotes""]",,voice-notes-empress-of-on-syw-2,"Voice Notes: Empress Of on ""SYW"""
2026-10-05,soundcloud:tracks:f104182ecf6e33ff131017163098f681,2026-09-14 19:57:59 UTC,2026-09-14,2026-09-14 19:57:59 UTC,2026-09-14,public,"[""cedricgervais"",""exclusive"",""voicenotes""]",,voice-notes-cedric-gervais-on,"Voice Notes: Cedric Gervais on ""Gotta Be"""
2026-10-05,soundcloud:tracks:13a73e9d83d5d98f60ccc6a035c96714,2026-09-14 16:27:01 UTC,2026-09-14,2026-09-14 16:27:01 UTC,2026-09-14,public,"[""exclusive"",""mariboustate"",""voicenotes""]",,voice-notes-maribou-state-on-dance-on-the-world-2,"Voice Notes: Maribou State on ""Dance on the World"""
2026-10-05,soundcloud:tracks:7a4dfb088169ff40e1077d569e3bf471,2026-09-14 16:27:01 UTC,2026-09-14,2026-09-14 16:27:01 UTC,2026-09-14,public,"[""exclusive"",""mariboustate"",""voicenotes""]",,voice-notes-maribou-state-on-passing-clouds-3,"Voice Notes: Maribou State on ""Passing Clouds"""
2026-10-05,soundcloud:tracks:56839e1ffeb87831a044cc9e3c7596b1,2026-09-14 16:27:01 UTC,2026-09-14,2026-09-14 16:27:01 UTC,2026-09-14,public,"[""exclusive"",""mariboustate"",""voicenotes""]",,voice-notes-maribou-state-on-blackoak-1,"Voice Notes: Maribou State on ""Blackoak"""
2026-10-05,soundcloud:tracks:b1e7e0ca599773a82f166475531a27fc,2026-09-14 16:27:01 UTC,2026-09-14,2026-09-14 16:27:01 UTC,2026-09-14,public,"[""exclusive"",""mariboustate"",""voicenotes""]",,voice-notes-maribou-state-on-together-demo-4,"Voice Notes: Maribou State on ""Together (Demo)"""
2026-10-05,soundcloud:tracks:2b01c9343d7fec06f94e26dd65e2ee59,2026-09-10 12:21:54 UTC,2026-09-10,2026-09-10 12:21:54 UTC,2026-09-10,public,"[""exclusive"",""rapsody"",""voicenotes""]",,voice-notes-rapsody-on-black-love-3,"Voice Notes: Rapsody on ""Black Love"""
2026-10-05,soundcloud:tracks:241fb973d765151ed64a6bf70e0d9386,2026-09-10 12:21:54 UTC,2026-09-10,2026-09-10 12:21:54 UTC,2026-09-10,public,"[""exclusive"",""rapsody"",""voicenotes""]",,voice-notes-rapsody-on-apple-juice-1,"Voice Notes: Rapsody on ""Apple Juice"""
2026-10-05,soundcloud:tracks:4d11f3d4b0b8f8503fefda4fada83362,2026-09-10 12:21:54 UTC,2026-09-10,2026-09-10 12:21:54 UTC,2026-09-10,public,"[""exclusive"",""rapsody"",""voicenotes""]",,voice-notes-rapsody-on-pick-a-side-4,"Voice Notes: Rapsody on ""Pick A Side"""
2026-10-05,soundcloud:tracks:f5dc5c97551c47ddd061976c9e86f05b,2026-09-10 12:21:54 UTC,2026-09-10,2026-09-10 12:21:54 UTC,2026-09-10,public,"[""exclusive"",""rapsody"",""voicenotes""]",,voice-notes-rapsody-on-god-gotta-afro-2,"Voice Notes: Rapsody on ""God Gotta Afro"""
2026-10-05,soundcloud:tracks:b7d99933d8d413cc2085b1c237974c61,2026-09-09 19:03:50 UTC,2026-09-09,2026-09-09 19:03:50 UTC,2026-09-09,public,,,voice-notes-galantis-on-cant-take-my-eyes-off-you-2,"Voice Notes: Galantis on ""Can’t Take My Eyes Off You"""
2026-10-05,soundcloud:tracks:01ec40deded1d4a5832d3780a686ae04,2026-09-09 19:03:50 UTC,2026-09-09,2026-09-09 19:03:50 UTC,2026-09-09,public,,,voice-notes-galantis-on-do-you-mind-3,"Voice Notes: Galantis on ""Do You Mind"""
2026-10-05,soundcloud:tracks:fd14b063c0f57945e896277ba12c2710,2026-09-09 19:03:50 UTC,2026-09-09,2026-09-09 19:03:50 UTC,2026-09-09,public,,,voice-notes-galantis-on-stay-alive-4,"Voice Notes: Galantis on ""Stay Alive"""
2026-10-05,soundcloud:tracks:cf8e602ce202e891c5f8278d2ecb70ea,2026-09-09 19:03:50 UTC,2026-09-09,2026-09-09 19:03:50 UTC,2026-09-09,public,,,voice-notes-galantis-on-1234-1,"Voice Notes: Galantis on ""1234"""
2026-10-05,soundcloud:tracks:6f726e79561a6e8e03b035885151bcdb,2026-09-09 13:15:44 UTC,2026-09-09,2026-09-09 13:15:44 UTC,2026-09-09,public,,,voice-notes-almost-monday-on-superprism-4,"Voice Notes: Almost Monday on ""superprism"""
2026-10-05,soundcloud:tracks:4f67f5e16053b8f8ce09b97bc37ec5a1,2026-09-09 13:15:44 UTC,2026-09-09,2026-09-09 13:15:44 UTC,2026-09-09,public,,,voice-notes-almost-monday-on-cant-slow-down-2,"Voice Notes: Almost Monday on ""can't slow down"""
2026-10-05,soundcloud:tracks:381f0391f6c9961ec0b3af0880f7edca,2026-09-09 13:15:44 UTC,2026-09-09,2026-09-09 13:15:44 UTC,2026-09-09,public,,,voice-notes-almost-monday-on-delicate-1,"Voice Notes: Almost Monday on ""delicate"""
2026-10-05,soundcloud:tracks:cf21ddca34dc8f2a931694ad5ab3ef0a,2026-09-09 13:15:44 UTC,2026-09-09,2026-09-09 13:15:44 UTC,2026-09-09,public,,,voice-notes-almost-monday-on-french-kids-3,"Voice Notes: Almost Monday on ""french kids"""
2026-10-05,soundcloud:tracks:d171d40c3921242b102018c901c07ce5,2026-09-02 19:13:10 UTC,2026-09-02,2026-09-02 19:13:10 UTC,2026-09-02,public,"[""exclusive"",""voicenotes"",""wyclefjean""]",,voice-notes-wyclef-jean-on-2010-mr-october-1,"Voice Notes: Wyclef Jean on ""2010 - Mr. October"""
2026-10-05,soundcloud:tracks:463ae88807384910aa2ff205b602b5f3,2026-09-02 19:13:10 UTC,2026-09-02,2026-09-02 19:13:10 UTC,2026-09-02,public,"[""exclusive"",""voicenotes"",""wyclefjean""]",,voice-notes-wyclef-jean-on-freedom-ft-carlos-santana-3,"Voice Notes - Wyclef Jean on ""Freedom"" ft. Carlos Santana and Joyous Celebration"
2026-10-05,soundcloud:tracks:0a072652ebcce2501dc96d7b7a6cc152,2026-09-02 19:13:10 UTC,2026-09-02,2026-09-02 19:13:10 UTC,2026-09-02,public,"[""exclusive"",""voicenotes"",""wyclefjean""]",,voice-notes-wyclef-jean-on-1997-gbtc-feat-lil-wayne-2,"Voice Notes: Wyclef Jean on ""1997 - GBTC (feat. Lil Wayne)"""
2026-10-05,soundcloud:tracks:f70712621ea2bd7f2a68d59cb72df52d,2026-08-31 18:27:57 UTC,2026-08-31,2026-08-31 18:27:57 UTC,2026-08-31,public,"[""exclusive"",""peachtreerascals"",""voicenotes""]",,voice-notes-peach-tree-rascals-on-now-or-never-1,"Voice Notes: Peach Tree Rascals on ""Now or Never"""
2026-10-05,soundcloud:tracks:8cf49e4bcb532f16b3a35f8d62863de2,2026-08-31 18:27:57 UTC,2026-08-31,2026-08-31 18:27:57 UTC,2026-08-31,public,"[""exclusive"",""peachtreerascals"",""voicenotes""]",,voice-notes-peach-tree-rascals-on-crucify-3,"Voice Notes: Peach Tree Rascals on ""Crucify"
2026-10-05,soundcloud:tracks:b27965fb8bc8b7b31cc0ee6ebff62816,2026-08-31 18:27:57 UTC,2026-08-31,2026-08-31 18:27:57 UTC,2026-08-31,public,"[""exclusive"",""peachtreerascals"",""voicenotes""]",,voice-notes-peach-tree-rascals-on-cutie-clips-2,"Voice Notes: Peach Tree Rascals on ""Cutie Clips"""
2026-10-05,soundcloud:tracks:1deb0ca1bd9a3db5ccedda5b7abee773,2026-08-31 18:27:57 UTC,2026-08-31,2026-08-31 18:27:57 UTC,2026-08-31,public,"[""exclusive"",""peachtreerascals"",""voicenotes""]",,voice-notes-peach-tree-rascals-on-shine4ya-4,"Voice Notes: Peach Tree Rascals on ""shine4ya"""
2026-10-05,soundcloud:tracks:9120a437d7a7d6acb89ca3651c95bd56,2026-08-26 20:47:55 UTC,2026-08-26,2026-08-26 20:47:55 UTC,2026-08-26,public,"[""cortis"",""exclusive"",""voicenotes""]",,voice-notes-cortis-on-wassup-5,"Voice Notes: CORTIS on ""Wassup"""
2026-10-05,soundcloud:tracks:31f514c7b87adce6470fbf6ba577a69d,2026-08-26 20:47:55 UTC,2026-08-26,2026-08-26 20:47:55 UTC,2026-08-26,public,"[""cortis"",""exclusive"",""voicenotes""]",,voice-notes-cortis-on-acai-3,"Voice Notes: CORTIS on ""ACAI"""
2026-10-05,soundcloud:tracks:b09ba9c0035f798e5e7b917d221f4116,2026-08-26 20:47:55 UTC,2026-08-26,2026-08-26 20:47:55 UTC,2026-08-26,public,"[""cortis"",""exclusive"",""voicenotes""]",,voice-notes-cortis-on-redred-2,"Voice Notes: CORTIS on ""REDRED"""
2026-10-05,soundcloud:tracks:240dc908587ed1ffb7241f0acdd94d42,2026-08-26 20:47:55 UTC,2026-08-26,2026-08-26 20:47:55 UTC,2026-08-26,public,"[""cortis"",""exclusive"",""voicenotes""]",,voice-notes-cortis-on-moneymoneymoney-8,"Voice Notes: CORTIS on ""MONEYMONEYMONEY"""
2026-10-05,soundcloud:tracks:031503b72984c4e18e287a938cf86363,2026-08-26 20:47:55 UTC,2026-08-26,2026-08-26 20:47:55 UTC,2026-08-26,public,"[""cortis"",""exclusive"",""voicenotes""]",,voice-notes-cortis-on-youngcreatorcrew-4,"Voice Notes: CORTIS on ""YOUNGCREATORCREW"""
2026-10-05,soundcloud:tracks:21f092af1708aaaf8eb1f51a1d54bd23,2026-08-26 20:47:55 UTC,2026-08-26,2026-08-26 20:47:55 UTC,2026-08-26,public,"[""cortis"",""exclusive"",""voicenotes""]",,voice-notes-cortis-on-tnt-1,"Voice Notes: CORTIS on ""TNT"""
2026-10-05,soundcloud:tracks:023bf6b65b5ca67ee66a75e1323d1d93,2026-08-26 20:47:55 UTC,2026-08-26,2026-08-26 20:47:55 UTC,2026-08-26,public,"[""cortis"",""exclusive"",""voicenotes""]",,voice-notes-cortis-on-blue-lips-6,"Voice Notes: CORTIS on ""Blue Lips"""
2026-10-05,soundcloud:tracks:4faa27ceaa4145ed194905a58e1f480a,2026-08-26 20:47:55 UTC,2026-08-26,2026-08-26 20:47:55 UTC,2026-08-26,public,"[""cortis"",""exclusive"",""voicenotes""]",,voice-notes-cortis-on-pack-it-up-7,"Voice Notes: CORTIS on ""PACK IT UP"""
2026-10-05,soundcloud:tracks:4ea5ec0e4ed8f2f7ea488ded9f50b222,2026-08-24 19:07:08 UTC,2026-08-24,2026-08-24 19:07:08 UTC,2026-08-24,public,"[""exclusive"",""melz"",""spencelee"",""voicenotes""]",,voice-notes-spence-lee-on-goin-3,"Voice Notes: Spence Lee on ""GOIN"""
2026-10-05,soundcloud:tracks:c13859c3eb64ed84a35316c9491d5084,2026-08-24 19:07:08 UTC,2026-08-24,2026-08-24 19:07:08 UTC,2026-08-24,public,"[""exclusive"",""melz"",""spencelee"",""voicenotes""]",,voice-notes-spence-lee-on-verified-4,"Voice Notes: Spence Lee on ""VERIFIED"""
2026-10-05,soundcloud:tracks:a17632ae11506cb556ea28cb482702d3,2026-08-24 19:07:08 UTC,2026-08-24,2026-08-24 19:07:08 UTC,2026-08-24,public,"[""exclusive"",""melz"",""spencelee"",""voicenotes""]",,voice-notes-spence-lee-on-bunch-2,"Voice Notes: Spence Lee on ""BUNCH"""
2026-10-05,soundcloud:tracks:09d39ed97d7b729733b4d509e6c0095e,2026-08-24 19:07:08 UTC,2026-08-24,2026-08-24 19:07:08 UTC,2026-08-24,public,"[""exclusive"",""melz"",""spencelee"",""voicenotes""]",,voice-notes-spence-lee-on-savior-1,"Voice Notes: Spence Lee on ""SAVE YA"""
2026-10-05,soundcloud:tracks:e115434a75243f220f567e1167a6ad9d,2026-08-20 19:25:15 UTC,2026-08-20,2026-08-21 03:58:49 UTC,2026-08-21,public,,,voice-notes-claire-rosinkranz-on-rocket-4,"Voice Notes: Claire Rosinkranz on  ""Rocket"""
2026-10-05,soundcloud:tracks:869d3bc3f2cce9b6f08c81bbfcc7016c,2026-08-20 19:25:15 UTC,2026-08-20,2026-08-21 03:59:03 UTC,2026-08-21,public,,,voice-notes-claire-rosinkranz-on-allergic-1,"Voice Notes: Claire Rosinkranz on  ""Allergic"""
2026-10-05,soundcloud:tracks:a3804fc6a3a24d2c019b68bc1024092f,2026-08-20 19:25:15 UTC,2026-08-20,2026-08-21 03:58:56 UTC,2026-08-21,public,,,voice-notes-claire-rosinkranz-on-dancer-3,"Voice Notes: Claire Rosinkranz on  ""Dancer"""
2026-10-05,soundcloud:tracks:4c2acfdce3462ee58577409fa6e63347,2026-08-20 19:25:15 UTC,2026-08-20,2026-08-21 03:58:42 UTC,2026-08-21,public,,,voice-notes-claire-rosinkranz-on-city-2,"Voice Notes: Claire Rosinkranz on  ""City"""
2026-10-05,soundcloud:tracks:84f659bbef829143d6f11c72b2e26028,2026-08-17 20:49:54 UTC,2026-08-17,2026-08-17 20:49:54 UTC,2026-08-17,public,"[""exclusive"",""isaiahfalls"",""voicenotes""]",,voice-notes-isaiah-falls-on-taboo-4,"Voice Notes: Isaiah Falls on ""TABOO"""
2026-10-05,soundcloud:tracks:8ea33e33b7c4f211d7b3d7c21a6dac18,2026-08-17 20:49:54 UTC,2026-08-17,2026-08-17 20:49:54 UTC,2026-08-17,public,"[""exclusive"",""isaiahfalls"",""voicenotes""]",,voice-notes-isaiah-falls-on-out-the-game-3,"Voice Notes: Isaiah Falls on ""OUT THE GAME"""
2026-10-05,soundcloud:tracks:72c9ed4dc39cce7755d6add77390e044,2026-08-17 20:49:54 UTC,2026-08-17,2026-08-17 20:49:54 UTC,2026-08-17,public,"[""exclusive"",""isaiahfalls"",""voicenotes""]",,voice-notes-isaiah-falls-on-honeybutter-1,"Voice Notes: Isaiah Falls on ""HONEYBUTTER"""
2026-10-05,soundcloud:tracks:690cb9ec135b5489d58876c5fcd6bf5b,2026-08-17 20:49:54 UTC,2026-08-17,2026-08-17 20:49:54 UTC,2026-08-17,public,"[""exclusive"",""isaiahfalls"",""voicenotes""]",,voice-notes-isaiah-falls-on-butterflies-2,"Voice Notes: Isaiah Falls on ""BUTTERFLIES"""
2026-10-05,soundcloud:tracks:8a43bc1a723f5018361d015eb1d3ef67,2026-08-14 14:31:09 UTC,2026-08-14,2026-08-14 14:31:09 UTC,2026-08-14,public,"[""exclusive"",""voicenotes"",""zainab""]",,voice-notes-zainab-on-jadoo-3,"Voice Notes: ZAINAB on ""Jadoo"""
2026-10-05,soundcloud:tracks:7d7ae37b7027d8abf04bf1f3a0745086,2026-08-14 14:31:09 UTC,2026-08-14,2026-08-14 14:31:09 UTC,2026-08-14,public,"[""exclusive"",""voicenotes"",""zainab""]",,voice-notes-zainab-on-azadi-2,"Voice Notes: ZAINAB on ""Azadi"""
2026-10-05,soundcloud:tracks:b721bce5ab6f175e7dbc99d9ef7d68d0,2026-08-14 14:31:09 UTC,2026-08-14,2026-08-14 14:31:09 UTC,2026-08-14,public,"[""exclusive"",""voicenotes"",""zainab""]",,voice-notes-zainab-on-delhi-gate-1,"Voice Notes: ZAINAB on ""Delhi Gate"
2026-10-05,soundcloud:tracks:46898a4859a151d27924876454d2d422,2026-08-12 15:25:50 UTC,2026-08-12,2026-08-12 15:25:50 UTC,2026-08-12,public,"[""bujubanton"",""exclusive"",""voicenotes""]",,voice-notes-buju-banton-on-power-3,"Voice Notes - Buju Banton on ""Power"""
2026-10-05,soundcloud:tracks:ad0dfb9e1252c477a589884a548f02f8,2026-08-12 15:25:50 UTC,2026-08-12,2026-08-12 15:25:50 UTC,2026-08-12,public,"[""bujubanton"",""exclusive"",""voicenotes""]",,voice-notes-buju-banton-on-house-call-2,"Voice Notes - Buju Banton on ""House Call"""
2026-10-05,soundcloud:tracks:e6f2809bad381a0aa4d70769a5c2fb57,2026-08-12 15:25:50 UTC,2026-08-12,2026-08-12 15:25:50 UTC,2026-08-12,public,"[""bujubanton"",""exclusive"",""voicenotes""]",,voice-notes-buju-banton-on-good-pum-pum-1,"Voice Notes: Buju Banton on ""Good Pum Pum"""
2026-10-05,soundcloud:tracks:d6c7a0428e915afe083c2cb66b490e35,2026-08-07 17:50:09 UTC,2026-08-07,2026-08-07 17:50:09 UTC,2026-08-07,public,"[""exclusive"",""samgellaitry"",""voicenotes""]",,voice-notes-sam-gellaitry-on-danger-1,"Voice Notes: Sam Gellaitry  on ""DANGER!"""
2026-10-05,soundcloud:tracks:e1134d2f651616f7ea69e39684a33cee,2026-08-07 17:50:09 UTC,2026-08-07,2026-08-07 17:50:09 UTC,2026-08-07,public,"[""exclusive"",""samgellaitry"",""voicenotes""]",,voice-notes-sam-gellaitry-on-lightning-3,"Voice Notes: Sam Gellaitry  on ""LIGHTNING"""
2026-10-05,soundcloud:tracks:590283ccc67f60a0b0fdd470a75ee37b,2026-08-07 17:50:09 UTC,2026-08-07,2026-08-07 17:50:09 UTC,2026-08-07,public,"[""exclusive"",""samgellaitry"",""voicenotes""]",,voice-notes-sam-gellaitry-on-round-and-round-5,"Voice Notes: Sam Gellaitry  on ""ROUND & ROUND"""
2026-10-05,soundcloud:tracks:204b7ff1130b39379fcb1c1472f01255,2026-08-07 17:50:09 UTC,2026-08-07,2026-08-07 17:50:09 UTC,2026-08-07,public,"[""exclusive"",""samgellaitry"",""voicenotes""]",,voice-notes-sam-gellaitry-on-longing-4,"Voice Notes: Sam Gellaitry  on ""LONGING"""
2026-10-05,soundcloud:tracks:fd58c18c31c085607416c1e720d1a37b,2026-08-07 17:50:09 UTC,2026-08-07,2026-08-07 17:50:09 UTC,2026-08-07,public,"[""exclusive"",""samgellaitry"",""voicenotes""]",,voice-notes-sam-gellaitry-on-devotion-2,"Voice Notes: Sam Gellaitry  on ""DEVOTION"""
2026-10-05,soundcloud:tracks:919e05b526d98f4a3762055e06cfe234,2026-08-07 17:50:09 UTC,2026-08-07,2026-08-07 17:50:09 UTC,2026-08-07,public,"[""exclusive"",""samgellaitry"",""voicenotes""]",,voice-notes-sam-gellaitry-on-scar-a-new-void-6,"Voice Notes: Sam Gellaitry  on ""SCAR / A NEW VOID"""
2026-10-05,soundcloud:tracks:897218bcee194b547f6d0de2ccc3ee85,2026-08-05 15:41:13 UTC,2026-08-05,2026-08-05 15:41:13 UTC,2026-08-05,public,"[""dailybread"",""exclusive"",""voicenotes""]",,voice-notes-daily-bread-on-til-the-sun-burns-out-3,"Voice Notes: Daily Bread on ""Til The Sun Burns Out"""
2026-10-05,soundcloud:tracks:bf4403bd6cacb82041d3dd0d1f6aa961,2026-08-05 15:41:13 UTC,2026-08-05,2026-08-05 15:41:13 UTC,2026-08-05,public,"[""dailybread"",""exclusive"",""voicenotes""]",,voice-notes-daily-bread-on-soaring-in-the-sky-2,"Voice Notes: Daily Bread on ""Soaring In The Sky"""
2026-10-05,soundcloud:tracks:13b7ae9bb51494cafadf25b5dfc389cf,2026-08-05 15:41:13 UTC,2026-08-05,2026-08-05 15:41:13 UTC,2026-08-05,public,"[""dailybread"",""exclusive"",""voicenotes""]",,voice-notes-daily-bread-on-a-long-time-1,"Voice Notes: Daily Bread on ""A Long Time"""
2026-10-05,soundcloud:tracks:d9595197e1e88e0661af6ecc134923b0,2026-08-03 16:11:11 UTC,2026-08-03,2026-08-03 16:11:11 UTC,2026-08-03,public,"[""exclusive"",""lareezy"",""voicenotes""]",,voice-notes-la-reezy-on-gold-chains-1,"Voice Notes: La Reezy on ""Gold Chains"""
2026-10-05,soundcloud:tracks:94a64f8347983d6b5984dc9e312aeabf,2026-08-03 16:11:11 UTC,2026-08-03,2026-08-03 16:11:11 UTC,2026-08-03,public,"[""exclusive"",""lareezy"",""voicenotes""]",,voice-notes-la-reezy-on-how-did-you-love-me-2,"Voice Notes: La Reezy on ""How Did You Love Me"""
2026-10-05,soundcloud:tracks:185721aa76289288ac5aef6469b4dea5,2026-08-03 16:11:11 UTC,2026-08-03,2026-08-03 16:11:11 UTC,2026-08-03,public,"[""exclusive"",""lareezy"",""voicenotes""]",,voice-notes-la-reezy-on-melanate-it-3,"Voice Notes: La Reezy on ""Melanate It"""
2026-10-05,soundcloud:tracks:30317c5e89247a5489f53b2152a2cd02,2026-07-27 19:58:13 UTC,2026-07-27,2026-07-27 19:58:13 UTC,2026-07-27,public,"[""exclusive"",""lockerz"",""voicenotes""]",,voice-notes-lockerz-on-secrets-6,"Voice Notes: Lockerz on ""Secrets"""
2026-10-05,soundcloud:tracks:595576f5e17d4260e7d164cb23c708b9,2026-07-27 19:58:13 UTC,2026-07-27,2026-07-27 19:58:13 UTC,2026-07-27,public,"[""exclusive"",""lockerz"",""voicenotes""]",,voice-notes-lockerz-on-memory-card-3,"Voice Notes: Lockerz on ""Memory Card"""
2026-10-05,soundcloud:tracks:7f507655fc7ee04c1b85795443c6607c,2026-07-27 19:58:13 UTC,2026-07-27,2026-07-27 19:58:13 UTC,2026-07-27,public,"[""exclusive"",""lockerz"",""voicenotes""]",,voice-notes-lockerz-on-move-4,"Voice Notes: Lockerz on ""Move"""
2026-10-05,soundcloud:tracks:5ad74e76afb9ad3c7280a0a89ef3c8e5,2026-07-27 19:58:13 UTC,2026-07-27,2026-07-27 19:58:13 UTC,2026-07-27,public,"[""exclusive"",""lockerz"",""voicenotes""]",,voice-notes-lockerz-on-pulse-5,"Voice Notes: Lockerz on ""Pulse"""
2026-10-05,soundcloud:tracks:5c066e5a668e7dce4d4335761b98840f,2026-07-27 19:58:13 UTC,2026-07-27,2026-07-27 19:58:13 UTC,2026-07-27,public,"[""exclusive"",""lockerz"",""voicenotes""]",,voice-notes-lockerz-on-heart-1,"Voice Notes: Lockerz on ""Heart"""
2026-10-05,soundcloud:tracks:613d6eecfa5ac721ccd6a2703342538a,2026-07-27 19:58:13 UTC,2026-07-27,2026-07-27 19:58:13 UTC,2026-07-27,public,"[""exclusive"",""lockerz"",""voicenotes""]",,voice-notes-lockerz-on-levels-2,"Voice Notes: Lockerz on ""Levels"""
2026-10-05,soundcloud:tracks:2bbf68bb8c6e3efb2d3d42db4ceb72f2,2026-07-24 18:01:15 UTC,2026-07-24,2026-07-24 18:01:15 UTC,2026-07-24,public,"[""exclusive"",""showmethebody"",""voicenotes""]",,voice-notes-show-me-the-body-on-do-whats-right-happy-3,"Voice Notes: Show Me The Body on ""Do What's Right (Happy)"""
2026-10-05,soundcloud:tracks:4413478fd0a80742e4bb18bc8056da99,2026-07-24 18:01:15 UTC,2026-07-24,2026-07-24 18:01:15 UTC,2026-07-24,public,"[""exclusive"",""showmethebody"",""voicenotes""]",,voice-notes-show-me-the-body-on-dance-in-the-usa-2,"Voice Notes: Show Me The Body on ""Dance In The USA"""
2026-10-05,soundcloud:tracks:206721e4a35b948fce92de9ffbd89f7e,2026-07-24 18:01:15 UTC,2026-07-24,2026-07-24 18:01:15 UTC,2026-07-24,public,"[""exclusive"",""showmethebody"",""voicenotes""]",,voice-notes-show-me-the-body-on-alone-together-1,"Voice Notes: Show Me The Body on ""Alone Together"""
2026-10-05,soundcloud:tracks:f2031b36cb333580002ec84933ddbebd,2026-07-24 14:23:02 UTC,2026-07-24,2026-07-24 14:23:02 UTC,2026-07-24,public,"[""exclusive"",""tsunami"",""voicenotes""]",,voice-notes-tsu-nami-on-perfume-2,"Voice Notes: Tsu Nami on ""Perfume"""
2026-10-05,soundcloud:tracks:69f1021809b0142251df4b91f0013349,2026-07-24 14:23:02 UTC,2026-07-24,2026-07-24 14:23:02 UTC,2026-07-24,public,"[""exclusive"",""tsunami"",""voicenotes""]",,voice-notes-tsu-nami-on-obsessed-4,"Voice Notes: Tsu Nami on ""Obsessed"""
2026-10-05,soundcloud:tracks:1398299938f0f8bf815d6386a5d25c49,2026-07-24 14:23:02 UTC,2026-07-24,2026-07-24 14:23:02 UTC,2026-07-24,public,"[""exclusive"",""tsunami"",""voicenotes""]",,voice-notes-tsu-nami-on-dj-play-that-1,"Voice Notes: Tsu Nami on ""DJ Play That"""
2026-10-05,soundcloud:tracks:c7901c5b8c7d608ffe8bc4a92557bd7b,2026-07-24 14:23:02 UTC,2026-07-24,2026-07-24 14:23:02 UTC,2026-07-24,public,"[""exclusive"",""tsunami"",""voicenotes""]",,voice-notes-tsu-nami-on-remedy-3,"Voice Notes: Tsu Nami on ""Remedy"""
2026-10-05,soundcloud:tracks:e928cc8e37d872194241f62432114a68,2026-07-24 14:23:02 UTC,2026-07-24,2026-07-24 14:23:02 UTC,2026-07-24,public,"[""exclusive"",""tsunami"",""voicenotes""]",,voice-notes-tsu-nami-on-alone-dancing-on-my-own-5,"Voice Notes: Tsu Nami on ""Alone (Dancing On My Own)"""
2026-10-05,soundcloud:tracks:26f4e3d351e65f26161b64fc34cf8db7,2026-07-21 18:49:38 UTC,2026-07-21,2026-07-21 18:49:38 UTC,2026-07-21,public,"[""exclusive"",""m-high"",""voicenotes""]",,voice-notes-m-high-on-taking-time-2,"Voice Notes: M-HIGH on ""Taking Time"""
2026-10-05,soundcloud:tracks:093d52686dd7c73f0abdad6721432da1,2026-07-21 18:49:38 UTC,2026-07-21,2026-07-21 18:49:38 UTC,2026-07-21,public,"[""exclusive"",""m-high"",""voicenotes""]",,voice-notes-m-high-on-dark-web-pinger-1,"Voice Notes: M-HIGH on "" Dark Web Pinger"""
2026-10-05,soundcloud:tracks:56681e378df1e37c229ecb0def2d08d8,2026-07-21 18:49:38 UTC,2026-07-21,2026-07-21 18:49:38 UTC,2026-07-21,public,"[""exclusive"",""m-high"",""voicenotes""]",,voice-notes-m-high-on-thief-of-joy-3,"Voice Notes: M-HIGH on ""Thief Of Joy"""
2026-10-05,soundcloud:tracks:3dc0966cc555e07312e61091fe2256ee,2026-07-21 18:49:38 UTC,2026-07-21,2026-07-21 18:49:38 UTC,2026-07-21,public,"[""exclusive"",""m-high"",""voicenotes""]",,voice-notes-m-high-on-here-we-go-again-4,"Voice Notes: M-HIGH on ""Here We Go Again"""
2026-10-05,soundcloud:tracks:3c75fb7f64585b0167a3bd4e25babb49,2026-07-01 18:54:11 UTC,2026-07-01,2026-07-01 18:54:11 UTC,2026-07-01,public,"[""exclusive"",""kcamp"",""voicenotes""]",,voice-notes-k-camp-on-humble-giant-intro-1,"Voice Notes: K Camp on ""Humble Giant (Intro)"""
2026-10-05,soundcloud:tracks:4252a3c117be310242bdd220d4d42263,2026-07-01 18:54:11 UTC,2026-07-01,2026-07-01 18:54:11 UTC,2026-07-01,public,"[""exclusive"",""kcamp"",""voicenotes""]",,voice-notes-k-camp-on-gentleman-3,"Voice Notes: K Camp on ""Gentleman"""
2026-10-05,soundcloud:tracks:98db6570b6711634905b384b1b5d8938,2026-07-01 18:54:11 UTC,2026-07-01,2026-07-01 18:54:11 UTC,2026-07-01,public,"[""exclusive"",""kcamp"",""voicenotes""]",,voice-notes-k-camp-on-attractive-2,"Voice Notes: K Camp on ""Attractive"""
2026-10-05,soundcloud:tracks:b3d7dda4dcfcd55c4a9b78cd249488a4,2026-06-30 14:16:05 UTC,2026-06-30,2026-06-30 14:16:05 UTC,2026-06-30,public,,,voice-notes-ezra-collective-on-jubalie-feeling-4,"Voice Notes: Ezra Collective on ""Jubilee Feeling"""
2026-10-05,soundcloud:tracks:d9a75b5398fa900e657786f25723be3c,2026-06-30 14:16:05 UTC,2026-06-30,2026-06-30 14:16:05 UTC,2026-06-30,public,,,voice-notes-ezra-collective-on-black-flag-2,"Voice Notes: Ezra Collective on ""Black Flag"""
2026-10-05,soundcloud:tracks:28ae3cbc37e7ecb5b506aa10c6f308b6,2026-06-30 14:16:05 UTC,2026-06-30,2026-06-30 14:16:05 UTC,2026-06-30,public,,,voice-notes-ezra-collective-on-only-love-1,"Voice Notes: Ezra Collective on ""Only Love""  feat. Pa Salieu"
2026-10-05,soundcloud:tracks:5fe4fef043e3de3b50e4064d4113ec1f,2026-06-30 14:16:05 UTC,2026-06-30,2026-06-30 14:16:05 UTC,2026-06-30,public,,,voice-notes-ezra-collective-on-well-organized-5,"Voice Notes: Ezra Collective on ""Well Organised"" feat. Lila Iké"
2026-10-05,soundcloud:tracks:46bf1ed2476373db715ebfe971d346a5,2026-06-29 15:20:57 UTC,2026-06-29,2026-06-29 15:20:57 UTC,2026-06-29,public,"[""exclusive"",""haydenjames"",""voicenotes""]",,voice-notes-hayden-james-on-one-i-want-2,"Voice Notes: Hayden James on ""One I Want"""
2026-10-05,soundcloud:tracks:4df8e7a5207d9aeea20db6c76c4d02fb,2026-06-29 15:20:57 UTC,2026-06-29,2026-06-29 15:20:57 UTC,2026-06-29,public,"[""exclusive"",""haydenjames"",""voicenotes""]",,voice-notes-hayden-james-on-for-the-girls-1,"Voice Notes: Hayden James on ""For The Girls"""
2026-10-05,soundcloud:tracks:8b09deb0a66e5b5fd3ffea8f4f1ab439,2026-06-29 15:20:57 UTC,2026-06-29,2026-06-29 15:20:57 UTC,2026-06-29,public,"[""exclusive"",""haydenjames"",""voicenotes""]",,voice-notes-hayden-james-on-on-your-own-4,"Voice Notes: Hayden James on ""On Your Own"""
2026-10-05,soundcloud:tracks:ec555f90b87ac6af39634114c0059d72,2026-06-29 15:20:57 UTC,2026-06-29,2026-06-29 15:20:57 UTC,2026-06-29,public,"[""exclusive"",""haydenjames"",""voicenotes""]",,voice-notes-hayden-james-on-just-friends-3,"Voice Notes: Hayden James on ""Just Friends"""
2026-10-05,soundcloud:tracks:3124b51c308afc8e120fb67bdf74394b,2026-06-26 17:55:55 UTC,2026-06-26,2026-06-26 17:55:55 UTC,2026-06-26,public,"[""exclusive"",""kels"",""voicenotes""]",,voice-notes-kels-on-fly-on-the-wall-4,"Voice Notes: KELS on ""Fly On The Wall"""
2026-10-05,soundcloud:tracks:f2400182346a755b9dbffcdc615ac1a0,2026-06-26 17:55:55 UTC,2026-06-26,2026-06-26 17:55:55 UTC,2026-06-26,public,"[""exclusive"",""kels"",""voicenotes""]",,voice-notes-kels-on-call-me-5,"Voice Notes: KELS on ""Call Me"""
2026-10-05,soundcloud:tracks:7de591ed630bd387dc09f52cf31ce73e,2026-06-26 17:55:55 UTC,2026-06-26,2026-06-26 17:55:55 UTC,2026-06-26,public,"[""exclusive"",""kels"",""voicenotes""]",,voice-notes-kels-on-gone-1,"Voice Notes: KELS on ""Gone"""
2026-10-05,soundcloud:tracks:089a400357c33025dec1102b5d03ff2e,2026-06-26 17:55:55 UTC,2026-06-26,2026-06-26 17:55:55 UTC,2026-06-26,public,"[""exclusive"",""kels"",""voicenotes""]",,voice-notes-kels-on-daddys-not-the-one-2,"Voice Notes: KELS on ""Daddy's Not The One"""
2026-10-05,soundcloud:tracks:3c9be6539a999437f9886e9fb6595069,2026-06-26 17:55:55 UTC,2026-06-26,2026-06-26 17:55:55 UTC,2026-06-26,public,"[""exclusive"",""kels"",""voicenotes""]",,voice-notes-kels-on-warn-out-shoes-6,"Voice Notes: KELS on ""Warn Out Shoes"""
2026-10-05,soundcloud:tracks:9e10134fd27d6b70c83904e5415b4e4e,2026-06-26 17:55:55 UTC,2026-06-26,2026-06-26 17:55:55 UTC,2026-06-26,public,"[""exclusive"",""kels"",""voicenotes""]",,voice-notes-kels-on-6ft-under-3,"Voice Notes: KELS on ""6ft Under"""
2026-10-05,soundcloud:tracks:bc0728c3821c7d53e1fd032c128db733,2026-06-25 12:46:21 UTC,2026-06-25,2026-06-25 12:46:21 UTC,2026-06-25,public,"[""exclusive"",""levenkali"",""voicenotes""]",,voice-notes-leven-kali-on-sleepwalking-4,"Voice Notes: Leven Kali on ""Sleepwalking"""
2026-10-05,soundcloud:tracks:b913a4aa818dd53a9c697c2aa6458c79,2026-06-25 12:46:21 UTC,2026-06-25,2026-06-25 12:46:21 UTC,2026-06-25,public,"[""exclusive"",""levenkali"",""voicenotes""]",,voice-notes-leven-kali-on-starlet-3,"Voice Notes: Leven Kali on ""Starlet"""
2026-10-05,soundcloud:tracks:8587e17202ebc4e1318b95a89cd964da,2026-06-25 12:46:21 UTC,2026-06-25,2026-06-25 12:46:21 UTC,2026-06-25,public,"[""exclusive"",""levenkali"",""voicenotes""]",,voice-notes-leven-kali-on-breathe-1,"Voice Notes: Leven Kali on ""BREATHE!"""
2026-10-05,soundcloud:tracks:2b93c40f067cf59ad218b2f70942dcdb,2026-06-25 12:46:21 UTC,2026-06-25,2026-06-25 12:46:21 UTC,2026-06-25,public,"[""exclusive"",""levenkali"",""voicenotes""]",,voice-notes-leven-kali-on-remedy-2,"Voice Notes: Leven Kali on ""Remedy"""
2026-10-05,soundcloud:tracks:0cf499d8ae3cb49e659648ff959a78d3,2026-06-24 19:09:51 UTC,2026-06-24,2026-06-24 19:09:51 UTC,2026-06-24,public,"[""aviva"",""exclusive"",""voicenotes""]",,voice-notes-aviva-on-monsters-2,"Voice Notes:  AViVA on ""Monsters"""
2026-10-05,soundcloud:tracks:641818abd0263a8783260cc78d7be2b9,2026-06-24 19:09:51 UTC,2026-06-24,2026-06-24 19:09:51 UTC,2026-06-24,public,"[""aviva"",""exclusive"",""voicenotes""]",,voice-notes-aviva-on-panic-room-1,"Voice Notes:  AViVA on ""Panic Room"""
2026-10-05,soundcloud:tracks:7ac4472ed4391a4f4a0cb3ba32d3c7fd,2026-06-23 17:53:08 UTC,2026-06-23,2026-06-23 17:53:08 UTC,2026-06-23,public,"[""dexter&themoonrocks"",""exclusive"",""voicenotes""]",,voice-notes-dexter-and-the,"Voice Notes: Dexter and The Moonrocks on ""12 Steps"""
2026-10-05,soundcloud:tracks:de88702bbb1563c8ed951f9651c22a10,2026-06-22 19:45:43 UTC,2026-06-22,2026-06-22 19:45:43 UTC,2026-06-22,public,"[""exclusive"",""inayah"",""voicenotes""]",,voice-notes-inayah-on-too-much-to-lie-4,"Voice Notes: INAYAH on ""Too Much To Lie"""
2026-10-05,soundcloud:tracks:52c6e0316d0b919e7020bd08cb33d9e1,2026-06-22 19:45:43 UTC,2026-06-22,2026-06-22 19:45:43 UTC,2026-06-22,public,"[""exclusive"",""inayah"",""voicenotes""]",,voice-notes-inayah-on-crazy-too-2,"Voice Notes: INAYAH on ""Crazy Too"""
2026-10-05,soundcloud:tracks:c1d342e044fbffee6c37ae54ec1f156f,2026-06-22 19:45:43 UTC,2026-06-22,2026-06-22 19:45:43 UTC,2026-06-22,public,"[""exclusive"",""inayah"",""voicenotes""]",,voice-notes-inayah-on-outside-3,"Voice Notes: INAYAH on ""Outside"""
2026-10-05,soundcloud:tracks:6b2836a65530f0f46b995b338c71d6a2,2026-06-22 19:45:43 UTC,2026-06-22,2026-06-22 19:45:43 UTC,2026-06-22,public,"[""exclusive"",""inayah"",""voicenotes""]",,voice-notes-inayah-on-choose-1,"Voice Notes: INAYAH on ""Choose"""
2026-10-05,soundcloud:tracks:207dfc457f8ab081cde36214e7ca2ac6,2026-06-17 18:49:19 UTC,2026-06-17,2026-06-17 18:49:19 UTC,2026-06-17,public,"[""exclusive"",""veggi"",""voicenotes""]",,voice-notes-veggi-on-higher-2,"Voice Notes: veggi on ""HIGHER"""
2026-10-05,soundcloud:tracks:0b8b906baf1eadc1070d9c1dd3736cd5,2026-06-17 18:49:19 UTC,2026-06-17,2026-06-17 18:49:19 UTC,2026-06-17,public,"[""exclusive"",""veggi"",""voicenotes""]",,voice-notes-veggi-on-luvin-you-is-3,"Voice Notes: veggi on ""LUVIN YOU IS"""
2026-10-05,soundcloud:tracks:8dbbaa2b2b17c93dbd2433acbb1f116d,2026-06-17 18:49:19 UTC,2026-06-17,2026-06-17 18:49:19 UTC,2026-06-17,public,"[""exclusive"",""veggi"",""voicenotes""]",,voice-notes-veggi-on-shake-sum-4,"Voice Notes: veggi on ""SHAKE SUM"""
2026-10-05,soundcloud:tracks:3c19f3e3eddb3c3130f873d4b9dc174f,2026-06-17 18:49:19 UTC,2026-06-17,2026-06-17 18:49:19 UTC,2026-06-17,public,"[""exclusive"",""veggi"",""voicenotes""]",,voice-notes-veggi-on-uptown-1,"Voice Notes: veggi on ""UPTOWN"""
2026-10-05,soundcloud:tracks:daaa9ef8d03f0c0df721b6504f0a69ba,2026-06-17 11:17:13 UTC,2026-06-17,2026-06-17 11:17:13 UTC,2026-06-17,public,"[""exclusive"",""novah"",""voicenotes""]",,voice-notes-novah-on-lalalo-4,"Voice Notes: Novah on ""LaLaLo"
2026-10-05,soundcloud:tracks:bfe4d5ad7f3b97b59e683a89f0dba4cc,2026-06-17 11:17:13 UTC,2026-06-17,2026-06-17 11:17:13 UTC,2026-06-17,public,"[""exclusive"",""novah"",""voicenotes""]",,voice-notes-novah-on-rave-kid-2,"Voice Notes: Novah on ""Rave Kid"""
2026-10-05,soundcloud:tracks:07cdf51cab197ab07811832ada459d3a,2026-06-17 11:17:13 UTC,2026-06-17,2026-06-17 11:17:13 UTC,2026-06-17,public,"[""exclusive"",""novah"",""voicenotes""]",,voice-notes-novah-on-rave-never-ends-3,"Voice Notes: Novah on ""Rave Never Ends"""
2026-10-05,soundcloud:tracks:71f795b28c555830b4043d061035b95a,2026-06-17 11:17:13 UTC,2026-06-17,2026-06-17 11:17:13 UTC,2026-06-17,public,"[""exclusive"",""novah"",""voicenotes""]",,voice-notes-novah-on-rave-complete-1,"Voice Notes: Novah on ""Rave Complete"""
2026-10-05,soundcloud:tracks:4eeaae7426b519c7391046ec034b3f34,2026-06-15 17:38:44 UTC,2026-06-15,2026-06-15 17:38:44 UTC,2026-06-15,public,"[""exclusive"",""voicenotes"",""youngthegiant""]",,voice-notes-young-the-gianton-different-kind-of-love-2,"Voice Notes: Young the Gianton ""Different Kind Of Love"""
2026-10-05,soundcloud:tracks:9bad4d6c7e540da8dd63cce744c76edc,2026-06-15 17:38:44 UTC,2026-06-15,2026-06-15 17:38:44 UTC,2026-06-15,public,"[""exclusive"",""voicenotes"",""youngthegiant""]",,voice-notes-young-the-giant-on-evergreen-1,"Voice Notes: Young the Giant on ""Evergreen"""
2026-10-05,soundcloud:tracks:7f378587889a222908cfa511ed9c7d33,2026-06-15 17:38:44 UTC,2026-06-15,2026-06-15 17:38:44 UTC,2026-06-15,public,"[""exclusive"",""voicenotes"",""youngthegiant""]",,voice-notes-young-the-giant-on-bitter-fruit-3,"Voice Notes: Young the Giant on ""Bitter Fruit"""
2026-10-05,soundcloud:tracks:a48986b7d1d242125271b215b6c793be,2026-06-15 17:38:44 UTC,2026-06-15,2026-06-15 17:38:44 UTC,2026-06-15,public,"[""exclusive"",""voicenotes"",""youngthegiant""]",,voice-notes-young-the-giant-on-this-too-shall-pass-4,"Voice Notes: Young the Giant on ""This Too Shall Pass"""
2026-10-05,soundcloud:tracks:cf1c202c63ebe7b76248d216d7a66e0e,2026-06-12 17:39:13 UTC,2026-06-12,2026-06-12 17:39:13 UTC,2026-06-12,public,"[""exclusive"",""swavay"",""voicenotes""]",,voice-notes-swavey-on-all-i-do-1,"Voice Notes:  SWAVEY on ""All I Do"""
2026-10-05,soundcloud:tracks:9f446b8cc673b3c5ac00faedbbdec4e9,2026-06-12 17:39:13 UTC,2026-06-12,2026-06-12 17:39:13 UTC,2026-06-12,public,"[""exclusive"",""swavay"",""voicenotes""]",,voice-notes-swavey-on-no-ordinary-love-2,"Voice Notes:  SWAVEY on ""NO ORDINARY LOVE"""
2026-10-05,soundcloud:tracks:77b515be1ca67d672abd9e213fb40210,2026-06-12 17:39:13 UTC,2026-06-12,2026-06-12 17:39:13 UTC,2026-06-12,public,"[""exclusive"",""swavay"",""voicenotes""]",,voice-notes-swavey-on-sixx-minutes-3,"Voice Notes:  SWAVEY on ""SIXX MINUTES"""
2026-10-05,soundcloud:tracks:566c12b7d04b983ab46ccb5ebefd2d3b,2026-06-10 19:10:09 UTC,2026-06-10,2026-06-10 19:10:09 UTC,2026-06-10,public,"[""exclusive"",""indiashawn"",""voicenotes""]",,voice-notes-india-shawn-on-rain-on-me-3,"Voice Notes: India Shawn on ""Rain On Me"""
2026-10-05,soundcloud:tracks:f793131e466ff1fd1bccf2fadc5b65fa,2026-06-10 19:10:09 UTC,2026-06-10,2026-06-10 19:10:09 UTC,2026-06-10,public,"[""exclusive"",""indiashawn"",""voicenotes""]",,voice-notes-india-shawn-on-marmalade-1,"Voice Notes: India Shawn on ""Marmalade"""
2026-10-05,soundcloud:tracks:796ae7917349a6de8d88e9707bdfbf0c,2026-06-10 19:10:09 UTC,2026-06-10,2026-06-10 19:10:09 UTC,2026-06-10,public,"[""exclusive"",""indiashawn"",""voicenotes""]",,voice-notes-india-shawn-on-multiplicity-2,"Voice Notes: India Shawn on ""Multiplicity"""
2026-10-05,soundcloud:tracks:f75c72372d1e8484f75bad91b7a0458d,2026-06-10 19:10:09 UTC,2026-06-10,2026-06-10 19:10:09 UTC,2026-06-10,public,"[""exclusive"",""indiashawn"",""voicenotes""]",,voice-notes-india-shawn-on-til-infinity-4,"Voice Notes: India Shawn on ""'Til Infinity"""
2026-10-05,soundcloud:tracks:d788087b824be2e820ca0f56c4b93763,2026-06-05 18:08:26 UTC,2026-06-05,2026-06-05 18:08:26 UTC,2026-06-05,public,"[""exclusive"",""voicenotes""]",,voice-notes-horsegiirl-on-hands-hands-hands-3,"Voice Notes: horsegiirL  on ""hands hands hands"""
2026-10-05,soundcloud:tracks:76ad3f8b10e8388b941448ff4dd6ab7b,2026-06-05 18:08:26 UTC,2026-06-05,2026-06-05 18:08:26 UTC,2026-06-05,public,"[""exclusive"",""voicenotes""]",,voice-notes-horsegiirl-on-aura-1,"Voice Notes: horsegiirL  on ""AURA"""
2026-10-05,soundcloud:tracks:c5670f73737c001c50bcae21fdf47c6f,2026-06-05 18:08:26 UTC,2026-06-05,2026-06-05 18:08:26 UTC,2026-06-05,public,"[""exclusive"",""voicenotes""]",,voice-notes-horsegiirl-on-nature-is-healing-4,"Voice Notes: horsegiirL  on ""nature is healing"""
2026-10-05,soundcloud:tracks:861796c5b69e61851ee8bf1f3d5d8732,2026-06-05 18:08:26 UTC,2026-06-05,2026-06-05 18:08:26 UTC,2026-06-05,public,"[""exclusive"",""voicenotes""]",,voice-notes-horsegiirl-on-thats-my-beach-2,"Voice Notes: horsegiirL  on ""that's my beach!"""
2026-10-05,soundcloud:tracks:d8faa0a40795ed8616dd84710b741fe1,2026-06-03 19:02:18 UTC,2026-06-03,2026-06-03 19:02:18 UTC,2026-06-03,public,"[""exclusive"",""nghtmre"",""voicenotes""]",,voice-notes-nghtmre-on-up-top-4,"Voice Notes: NGHTMRE on ""Up Top"""
2026-10-05,soundcloud:tracks:61216fdc2bcffeb557cafd35356464da,2026-06-03 19:02:18 UTC,2026-06-03,2026-06-03 19:02:18 UTC,2026-06-03,public,"[""exclusive"",""nghtmre"",""voicenotes""]",,voice-notes-nghtmre-on-type-sht-3,"Voice Notes: NGHTMRE on ""TYPE SH*T"""
2026-10-05,soundcloud:tracks:bd1c5e9d415c7d131afe62a08f28edd5,2026-06-03 19:02:18 UTC,2026-06-03,2026-06-03 19:02:18 UTC,2026-06-03,public,"[""exclusive"",""nghtmre"",""voicenotes""]",,voice-notes-nghtmre-on-torch-2,"Voice Notes: NGHTMRE on ""Torch"""
2026-10-05,soundcloud:tracks:1e744780d113047efe92b4ba1c03d27e,2026-06-03 19:02:18 UTC,2026-06-03,2026-06-03 19:02:18 UTC,2026-06-03,public,"[""exclusive"",""nghtmre"",""voicenotes""]",,voice-notes-nghtmre-on-screen-time-1,"Voice Notes: NGHTMRE on ""Screen Time"""
2026-10-05,soundcloud:tracks:e12073fbc5e0d10e6683995a73668b94,2026-06-01 16:16:42 UTC,2026-06-01,2026-06-01 16:16:42 UTC,2026-06-01,public,"[""exclusive"",""tkandz"",""voicenotes""]",,voice-notes-tkandz-on-had-a-dream-2,"Voice Notes: Tkandz on ""HAD A DREAM"""
2026-10-05,soundcloud:tracks:c25455a97d43ff29432162b30359f367,2026-06-01 16:16:42 UTC,2026-06-01,2026-06-01 16:16:42 UTC,2026-06-01,public,"[""exclusive"",""tkandz"",""voicenotes""]",,voice-notes-tkandz-on-dont-wake-me-up-1,"Voice Notes: Tkandz on ""DON'T WAKE ME UP"""
2026-10-05,soundcloud:tracks:a8100ec069c01fd17b8e46592c16a5f1,2026-06-01 16:16:42 UTC,2026-06-01,2026-06-01 16:16:42 UTC,2026-06-01,public,"[""exclusive"",""tkandz"",""voicenotes""]",,voice-notes-tkandz-on-prodigy-3,"Voice Notes: Tkandz on ""PRODIGY"""
2026-10-05,soundcloud:tracks:d510a31733d10206b44f5711625c77d3,2026-06-01 16:16:42 UTC,2026-06-01,2026-06-01 16:16:42 UTC,2026-06-01,public,"[""exclusive"",""tkandz"",""voicenotes""]",,voice-notes-tkandz-on-work-of-art-4,"Voice Notes: Tkandz on ""WORK OF ART"""
2026-10-05,soundcloud:tracks:94ccdb9e09463463222db5467adb163a,2026-05-29 19:40:59 UTC,2026-05-29,2026-05-29 19:40:59 UTC,2026-05-29,public,"[""exclusive"",""saintharison"",""voicenotes""]",,voice-notes-saint-harison-on-bad-1,"Voice Notes: Saint Harison on ""bad"""
2026-10-05,soundcloud:tracks:4b029fd9e889bca71fb826f166c81dcb,2026-05-29 19:40:59 UTC,2026-05-29,2026-05-29 19:40:59 UTC,2026-05-29,public,"[""exclusive"",""saintharison"",""voicenotes""]",,voice-notes-saint-harison-on-minute-3,"Voice Notes: Saint Harison on ""minute"""
2026-10-05,soundcloud:tracks:a360bdd665f3cb39e168fc85cf6d0981,2026-05-29 19:40:59 UTC,2026-05-29,2026-05-29 19:40:59 UTC,2026-05-29,public,"[""exclusive"",""saintharison"",""voicenotes""]",,voice-notes-saint-harison-on-panic-room-4,"Voice Notes: Saint Harison on ""panic room"""
2026-10-05,soundcloud:tracks:9d9e1b1d32425732c9d6e649f1520d8e,2026-05-29 19:40:59 UTC,2026-05-29,2026-05-29 19:40:59 UTC,2026-05-29,public,"[""exclusive"",""saintharison"",""voicenotes""]",,voice-notes-saint-harison-on-stuck-5,"Voice Notes: Saint Harison on ""stuck"""
2026-10-05,soundcloud:tracks:f1bcc10a1f6578f85d6a0db1cbb592ce,2026-05-29 19:40:59 UTC,2026-05-29,2026-05-29 19:40:59 UTC,2026-05-29,public,"[""exclusive"",""saintharison"",""voicenotes""]",,voice-notes-saint-harison-on-glass-houses-2,"Voice Notes: Saint Harison on ""glass houses"""
2026-10-05,soundcloud:tracks:b5f12fe05151fc11905dba087846c9a8,2026-05-22 15:59:49 UTC,2026-05-22,2026-05-22 15:59:49 UTC,2026-05-22,public,,,voice-notes-anella-on-talking-bout-us-6,"Voice Notes: Anella on ""Thinkin Bout Us"""
2026-10-05,soundcloud:tracks:9e3eea9a6ce064f6aeade2fc0d3cece9,2026-05-22 15:59:49 UTC,2026-05-22,2026-05-22 15:59:49 UTC,2026-05-22,public,,,voice-notes-anella-on-someone-u-wanted-5,"Voice Notes: Anella on ""Someone U Wanted"""
2026-10-05,soundcloud:tracks:0dbb1648892cfb7e54e0ab77f3970f48,2026-05-22 15:59:49 UTC,2026-05-22,2026-05-22 15:59:49 UTC,2026-05-22,public,,,voice-notes-anella-on-gg-3,"Voice Notes: Anella on ""GG"""
2026-10-05,soundcloud:tracks:0553b819779c6d530dd2366072d1315b,2026-05-22 15:59:49 UTC,2026-05-22,2026-05-22 15:59:49 UTC,2026-05-22,public,,,voice-notes-anella-on-how-ive-been-1,"Voice Notes: Anella on ""How I've Been"""
2026-10-05,soundcloud:tracks:5ecdbe79f339523894209d8c7b1becef,2026-05-22 15:59:49 UTC,2026-05-22,2026-05-22 15:59:49 UTC,2026-05-22,public,,,voice-notes-anella-on-demons-2,"Voice Notes: Anella on ""Demons"""
2026-10-05,soundcloud:tracks:11b16e274af86f3fd4bbfb96ea155915,2026-05-22 15:59:49 UTC,2026-05-22,2026-05-22 15:59:49 UTC,2026-05-22,public,,,voice-notes-anella-on-here-and-home-4,"Voice Notes: Anella on ""Here and Home"""
2026-10-05,soundcloud:tracks:da6b0aae00a89f6fdf4aca73e89d20ea,2026-05-13 21:10:30 UTC,2026-05-13,2026-05-13 21:10:30 UTC,2026-05-13,public,"[""1-800-girls"",""exclusive"",""voicenotes""]",,voice-notes-1-800-girls-on-home-2,"Voice Notes: 1-800-GIRLS on ""home"""
2026-10-05,soundcloud:tracks:a00acc5874287eb906cfd19e256baab1,2026-05-13 21:10:30 UTC,2026-05-13,2026-05-13 21:10:30 UTC,2026-05-13,public,"[""1-800-girls"",""exclusive"",""voicenotes""]",,voice-notes-1-800-girls-on-everythingtogether-3,"Voice Notes: 1-800-GIRLS on ""everythingtogether"""
2026-10-05,soundcloud:tracks:f8f8d6d6950c2b02d23c25c09eb12b0a,2026-05-13 21:10:30 UTC,2026-05-13,2026-05-13 21:10:30 UTC,2026-05-13,public,"[""1-800-girls"",""exclusive"",""voicenotes""]",,voice-notes-1-800-girls-on-this-cant-be-good-1,"Voice Notes: 1-800-GIRLS on ""this can't be good"""
2026-10-05,soundcloud:tracks:ac56f4fbfe61af0a236b876b2abd70af,2026-05-11 18:49:13 UTC,2026-05-11,2026-05-11 18:49:13 UTC,2026-05-11,public,"[""exclusive"",""menü"",""voicenotes""]",,voice-notes-me-n-u-on-superrich-3,"Voice Notes: me n ü on ""Superrich"""
2026-10-05,soundcloud:tracks:41ce5b6b985982ce89a7f295c61e75bc,2026-05-11 18:49:13 UTC,2026-05-11,2026-05-11 18:49:13 UTC,2026-05-11,public,"[""exclusive"",""menü"",""voicenotes""]",,voice-notes-me-n-u-on-your-eyes-1,"Voice Notes: me n ü on ""YOUR EYES"""
2026-10-05,soundcloud:tracks:841526841d2a5a7d940eebe0a351ce45,2026-05-11 18:49:13 UTC,2026-05-11,2026-05-11 18:49:13 UTC,2026-05-11,public,"[""exclusive"",""menü"",""voicenotes""]",,voice-notes-me-n-u-on-jump-2,"Voice Notes: me n ü on ""JUMP"""
2026-10-05,soundcloud:tracks:cc133fc85ac1b092cae7fd3f03e731c5,2026-05-08 17:54:51 UTC,2026-05-08,2026-05-08 17:54:51 UTC,2026-05-08,public,"[""debnever"",""exclusive"",""voicenotes""]",,voice-notes-deb-never-on-all-the-time-3,"Voice Notes: Deb Never on ""all the time"""
2026-10-05,soundcloud:tracks:3139190e93cf32487c521b412fd99350,2026-05-08 17:54:51 UTC,2026-05-08,2026-05-08 17:54:51 UTC,2026-05-08,public,"[""debnever"",""exclusive"",""voicenotes""]",,voice-notes-deb-never-on-how-to-forget-2,"Voice Notes: Deb Never on ""How to Forget"""
2026-10-05,soundcloud:tracks:9337d0d03025faa9db0a2b79e5862ab0,2026-05-08 17:54:51 UTC,2026-05-08,2026-05-08 17:54:51 UTC,2026-05-08,public,"[""debnever"",""exclusive"",""voicenotes""]",,voice-notes-deb-never-on-arcade-1,"Voice Notes: Deb Never on ""ARCADE"""
2026-10-05,soundcloud:tracks:473f14d1792f341e4d2de973247b34ec,2026-05-06 19:26:02 UTC,2026-05-06,2026-05-06 19:26:02 UTC,2026-05-06,public,"[""dexterandthemoonrocks"",""exclusive"",""voicenotes""]",,voice-notes-dexter-and-the-moonrocks-on-freakin-out-2,"Voice Notes: Dexter and The Moonrocks on ""Freakin' Out"""
2026-10-05,soundcloud:tracks:02585a085a7e9fa59d37fbe22f265d72,2026-05-06 19:26:02 UTC,2026-05-06,2026-05-06 19:26:02 UTC,2026-05-06,public,"[""dexterandthemoonrocks"",""exclusive"",""voicenotes""]",,voice-notes-dexter-and-the-moonrocks-on-sad-in-carolina-4,"Voice Notes: Dexter and The Moonrocks on ""Sad In Carolina"""
2026-10-05,soundcloud:tracks:3811e06320f9ae3b1d39200c617b72b3,2026-05-06 19:26:02 UTC,2026-05-06,2026-05-06 19:26:02 UTC,2026-05-06,public,"[""dexterandthemoonrocks"",""exclusive"",""voicenotes""]",,voice-notes-dexter-and-the-moonrocks-on-flavorless-1,"Voice Notes: Dexter and The Moonrocks on ""Flavorless'"""
2026-10-05,soundcloud:tracks:48ce3d37c80a94d360ed082311c56826,2026-05-06 19:26:02 UTC,2026-05-06,2026-05-06 19:26:02 UTC,2026-05-06,public,"[""dexterandthemoonrocks"",""exclusive"",""voicenotes""]",,voice-notes-dexter-and-the-moonrocks-on-ritalin-3,"Voice Notes: Dexter and The Moonrocks on ""Ritalin"""
2026-10-05,soundcloud:tracks:80002ca2cfcce385d599b92a374967b7,2026-05-06 19:26:02 UTC,2026-05-06,2026-05-06 19:26:02 UTC,2026-05-06,public,"[""dexterandthemoonrocks"",""exclusive"",""voicenotes""]",,voice-notes-dexter-and-the-moonrocks-on-wet-5,"Voice Notes: Dexter and The Moonrocks on ""Wet"""
2026-10-05,soundcloud:tracks:135d10b583db8c8cb0ffa2fc6660edc0,2026-05-05 22:09:05 UTC,2026-05-05,2026-05-05 22:09:05 UTC,2026-05-05,public,"[""exclusive"",""s.fidelity"",""voicenotes""]",,voice-notes-s-fidelity-on-when-dumb-thoughts-learn-how-to-walk-5,"Voice Notes: S. Fidelity on ""When Dumb Thoughts Learn How to Walk"""
2026-10-05,soundcloud:tracks:8ec1d3ea10ab7dbf240563150c23e93d,2026-05-05 22:09:05 UTC,2026-05-05,2026-05-05 22:09:05 UTC,2026-05-05,public,"[""exclusive"",""s.fidelity"",""voicenotes""]",,voice-notes-s-fidelity-on-grey-mirror-1,"Voice Notes: S. Fidelity on ""Grey Mirror"""
2026-10-05,soundcloud:tracks:c43da6d414f8a832c117b22b0020d0de,2026-05-05 22:09:05 UTC,2026-05-05,2026-05-05 22:09:05 UTC,2026-05-05,public,"[""exclusive"",""s.fidelity"",""voicenotes""]",,voice-notes-s-fidelity-on-two-steps-on-the-water-4,"Voice Notes: S. Fidelity on ""Two Steps on the Water"""
2026-10-05,soundcloud:tracks:fbd0f323d1902d4f5a75dbbaa0fee5e1,2026-05-05 22:09:05 UTC,2026-05-05,2026-05-05 22:09:05 UTC,2026-05-05,public,"[""exclusive"",""s.fidelity"",""voicenotes""]",,voice-notes-s-fidelity-on-limelight-2,"Voice Notes: S. Fidelity on ""Limelight"""
2026-10-05,soundcloud:tracks:a0d8588a10d8afa905daa7e13fcd858f,2026-05-05 22:09:05 UTC,2026-05-05,2026-05-05 22:09:05 UTC,2026-05-05,public,"[""exclusive"",""s.fidelity"",""voicenotes""]",,voice-notes-s-fidelity-on-play-3,"Voice Notes: S. Fidelity on ""Play"""
2026-10-05,soundcloud:tracks:ba063519c63fd26781fdb3f12c290bea,2026-05-01 18:29:47 UTC,2026-05-01,2026-05-01 21:17:30 UTC,2026-05-01,public,,,voice-notes-infected-mushroom-on-no-more-happy-endings-5,"Voice Notes: Infected Mushroom on ""No More Happy Endings"""
2026-10-05,soundcloud:tracks:191bb49509cea2c091b93558659da6e4,2026-05-01 18:29:47 UTC,2026-05-01,2026-05-01 21:17:45 UTC,2026-05-01,public,,,voice-notes-infected-mushroom-on-lightweight-4,"Voice Notes: Infected Mushroom on ""Lightweight"""
2026-10-05,soundcloud:tracks:0ffd6c3a3e51f7c543315de16ca3ccea,2026-05-01 18:29:47 UTC,2026-05-01,2026-05-01 21:17:21 UTC,2026-05-01,public,,,voice-notes-infected-mushroom-on-heavy-weight-2,"Voice Notes: Infected Mushroom on ""Heavy Weight"""
2026-10-05,soundcloud:tracks:46c71b3e2a2a4540761facf93fab0d7f,2026-05-01 18:29:47 UTC,2026-05-01,2026-05-01 21:17:14 UTC,2026-05-01,public,,,voice-notes-infected-mushroom-on-ai-therapist-1,"Voice Notes: Infected Mushroom on ""AI Therapist"""
2026-10-05,soundcloud:tracks:48409d213b239323828327674979aac8,2026-05-01 18:29:47 UTC,2026-05-01,2026-05-01 21:17:37 UTC,2026-05-01,public,,,voice-notes-infected-mushroom-on-i-wish-3,"Voice Notes: Infected Mushroom on ""I Wish"""
2026-10-05,soundcloud:tracks:ebea4e1fd45340f1b87229bc669248cb,2026-04-30 21:48:25 UTC,2026-04-30,2026-04-30 21:48:25 UTC,2026-04-30,public,,,voice-notes-sacha-robotti-on-words-6,"Voice Notes: Sacha Robotti on ""Words"""
2026-10-05,soundcloud:tracks:a1fa36b47aeab47b734309dabc11eb70,2026-04-30 21:48:25 UTC,2026-04-30,2026-04-30 21:48:25 UTC,2026-04-30,public,,,voice-notes-sacha-robotti-on-say-it-5,"Voice Notes: Sacha Robotti on ""Say It"""
2026-10-05,soundcloud:tracks:c441e84e5602cc34dfc10d5e5df90bd8,2026-04-30 21:48:25 UTC,2026-04-30,2026-04-30 21:48:25 UTC,2026-04-30,public,,,voice-notes-sacha-robotti-on-all-night-1,"Voice Notes: Sacha Robotti on ""All Night"""
2026-10-05,soundcloud:tracks:fa63a6bac29f6c0cf06d278e1d4a36c7,2026-04-30 21:48:25 UTC,2026-04-30,2026-04-30 21:48:25 UTC,2026-04-30,public,,,voice-notes-sacha-robotti-on-whistleman-2,"Voice Notes: Sacha Robotti on ""Whistleman"""
2026-10-05,soundcloud:tracks:c44561572857d1dd61871f2f6515eb36,2026-04-30 21:48:25 UTC,2026-04-30,2026-04-30 21:48:25 UTC,2026-04-30,public,,,voice-notes-sacha-robotti-on-manifest-4,"Voice Notes: Sacha Robotti on ""Manifest"""
2026-10-05,soundcloud:tracks:27ccbc547a17c0f3bb1115e4cd8254ff,2026-04-30 20:34:02 UTC,2026-04-30,2026-04-30 20:34:02 UTC,2026-04-30,public,"[""exclusive"",""swaelee"",""voicenotes""]",,voice-notes-swae-lee-on-fav-anna-3,"Voice Notes: Swae Lee on ""FAV / ANNA"""
2026-10-05,soundcloud:tracks:835acb4c39d2367a0909aee1b129f335,2026-04-30 20:34:02 UTC,2026-04-30,2026-04-30 20:34:02 UTC,2026-04-30,public,"[""exclusive"",""swaelee"",""voicenotes""]",,voice-notes-swae-lee-on-dont-even-call-1,"Voice Notes: Swae Lee on ""DON'T EVEN CALL"""
2026-10-05,soundcloud:tracks:85fd250fe310d56cb04f3adbe47956e0,2026-04-30 20:34:02 UTC,2026-04-30,2026-04-30 20:34:02 UTC,2026-04-30,public,"[""exclusive"",""swaelee"",""voicenotes""]",,voice-notes-swae-lee-on-mural-2,"Voice Notes: Swae Lee on ""MURAL"""
2026-10-05,soundcloud:tracks:fc1db7178255000637d94e6293ec32d2,2026-04-27 18:12:13 UTC,2026-04-27,2026-04-27 18:12:13 UTC,2026-04-27,public,"[""exclusive"",""forester"",""voicenotes""]",,voice-notes-forrester-on-needed-you-1,"Voice Notes: Forrester on ""Needed You"""
2026-10-05,soundcloud:tracks:1aa0e3befaddfbd520f600ce2178a8f3,2026-04-27 18:12:13 UTC,2026-04-27,2026-04-27 18:12:13 UTC,2026-04-27,public,"[""exclusive"",""forester"",""voicenotes""]",,voice-notes-forrester-on-close-your-eyes-4,"Voice Notes: Forrester on ""Close Your Eyes"""
2026-10-05,soundcloud:tracks:9654134c6061924068653c48e0dea703,2026-04-27 18:12:13 UTC,2026-04-27,2026-04-27 18:12:13 UTC,2026-04-27,public,"[""exclusive"",""forester"",""voicenotes""]",,voice-notes-forrester-on-electric-soul-2,"Voice Notes: Forrester on ""Electric Soul"""
2026-10-05,soundcloud:tracks:64efd820fb5715ff3619b36ea62f26ec,2026-04-27 18:12:13 UTC,2026-04-27,2026-04-27 18:12:13 UTC,2026-04-27,public,"[""exclusive"",""forester"",""voicenotes""]",,voice-notes-forrester-on-days-in-the-sun-3,"Voice Notes: Forrester on ""Days In The Sun"""
2026-10-05,soundcloud:tracks:74a16e88398a2aab6ace32e57511c60e,2026-04-22 17:07:47 UTC,2026-04-22,2026-04-22 17:07:47 UTC,2026-04-22,public,"[""arloparks"",""exclusive"",""voicenotes""]",,voice-notes-arlo-parks-on-senses-3,"Voice Notes: Arlo Parks on ""Senses"""
2026-10-05,soundcloud:tracks:c679a2b1d4adf90d1a1facf8dab221f2,2026-04-22 17:07:47 UTC,2026-04-22,2026-04-22 17:07:47 UTC,2026-04-22,public,"[""arloparks"",""exclusive"",""voicenotes""]",,voice-notes-arlo-parks-on-floette-4,"Voice Notes: Arlo Parks on ""Floette"""
2026-10-05,soundcloud:tracks:4d86c76f6e154b79bbbcb9744aeb470a,2026-04-22 17:07:47 UTC,2026-04-22,2026-04-22 17:07:47 UTC,2026-04-22,public,"[""arloparks"",""exclusive"",""voicenotes""]",,voice-notes-arlo-parks-on-heaven-2,"Voice Notes: Arlo Parks on ""Heaven"""
2026-10-05,soundcloud:tracks:55b1f772d27d3fb6672aa0e936b66834,2026-04-22 17:07:47 UTC,2026-04-22,2026-04-22 17:07:47 UTC,2026-04-22,public,"[""arloparks"",""exclusive"",""voicenotes""]",,voice-notes-arlo-parks-on-get-go-1,"Voice Notes: Arlo Parks on ""Get Go"""
2026-10-05,soundcloud:tracks:9fcc088a31f395bf35536fd69717058b,2026-04-20 19:42:55 UTC,2026-04-20,2026-04-20 19:42:55 UTC,2026-04-20,public,"[""arkells"",""exclusive"",""voicenotes""]",,voice-notes-arkells-on-next-summer-1,"Voice Notes: Arkells on ""Next Summer"""
2026-10-05,soundcloud:tracks:871bc4d2276561297b8d4135933aca6e,2026-04-20 19:42:55 UTC,2026-04-20,2026-04-20 19:42:55 UTC,2026-04-20,public,"[""arkells"",""exclusive"",""voicenotes""]",,voice-notes-arkells-on-imagine-barcelona-2,"Voice Notes: Arkells on ""Imagine Barcelona"""
2026-10-05,soundcloud:tracks:f49f55b1dad8322af7c17233d8ae925b,2026-04-20 19:42:55 UTC,2026-04-20,2026-04-20 19:42:55 UTC,2026-04-20,public,"[""arkells"",""exclusive"",""voicenotes""]",,voice-notes-arkells-on-money-3,"Voice Notes: Arkells on ""Money"""
2026-10-05,soundcloud:tracks:8ee46d9524fc6c56856bcb1c4f8cffcc,2026-04-20 19:42:55 UTC,2026-04-20,2026-04-20 19:42:55 UTC,2026-04-20,public,"[""arkells"",""exclusive"",""voicenotes""]",,voice-notes-arkells-on-whats-on-your-mind-5,"Voice Notes: Arkells on ""What's On Your Mind"""
2026-10-05,soundcloud:tracks:85fb603c45325093de0d0b779eaca70b,2026-04-20 19:42:55 UTC,2026-04-20,2026-04-20 19:42:55 UTC,2026-04-20,public,"[""arkells"",""exclusive"",""voicenotes""]",,voice-notes-arkells-on-ride-4,"Voice Notes: Arkells on ""Ride"""
2026-10-05,soundcloud:tracks:434e847c66e2562534afde6975cee229,2026-04-17 13:35:05 UTC,2026-04-17,2026-04-17 13:35:05 UTC,2026-04-17,public,"[""exclusive"",""pumablue"",""voicenotes""]",,voice-notes-puma-blue-on-cocoons-2,"Voice Notes: Puma Blue on ""Cocoons"""
2026-10-05,soundcloud:tracks:464410e3ed539d6465d164a128fce77c,2026-04-17 13:35:05 UTC,2026-04-17,2026-04-17 13:35:05 UTC,2026-04-17,public,"[""exclusive"",""pumablue"",""voicenotes""]",,voice-notes-puma-blue-on-croak-dream-3,"Voice Notes: Puma Blue on ""Croak Dream"""
2026-10-05,soundcloud:tracks:02d15c0da18cf323227de6c0e0e0390b,2026-04-17 13:35:05 UTC,2026-04-17,2026-04-17 13:35:05 UTC,2026-04-17,public,"[""exclusive"",""pumablue"",""voicenotes""]",,voice-notes-puma-blue-on-desire-1,"Voice Notes: Puma Blue on ""Desire"""
2026-10-05,soundcloud:tracks:02542aa834826e0735403a393f81ee36,2026-04-17 13:35:05 UTC,2026-04-17,2026-04-17 13:35:05 UTC,2026-04-17,public,"[""exclusive"",""pumablue"",""voicenotes""]",,voice-notes-puma-blue-on-mr-lost-4,"Voice Notes: Puma Blue on ""Mr Lost"""
2026-10-05,soundcloud:tracks:a120a7ff6effeb67ef847b3e5c5c4a65,2026-04-15 18:54:24 UTC,2026-04-15,2026-04-15 18:54:24 UTC,2026-04-15,public,"[""exclusive"",""solya"",""voicenotes""]",,voice-notes-solya-on-is-this-love-2,"Voice Notes: Solya on "" Is This Love??"""
2026-10-05,soundcloud:tracks:d545792ace455ee283b6a0593a86d835,2026-04-15 18:54:24 UTC,2026-04-15,2026-04-15 18:54:24 UTC,2026-04-15,public,"[""exclusive"",""solya"",""voicenotes""]",,voice-notes-solya-on-silver-swan-4,"Voice Notes: Solya on ""Silver Swan"""
2026-10-05,soundcloud:tracks:ce0704b4f3ddc866bb22cfec1ce1fac5,2026-04-15 18:54:24 UTC,2026-04-15,2026-04-15 18:54:24 UTC,2026-04-15,public,"[""exclusive"",""solya"",""voicenotes""]",,voice-notes-solya-on-queen-of-texas-3,"Voice Notes: Solya on ""Queen Of Texas"""
2026-10-05,soundcloud:tracks:f3898b39b9a5ca2cb18cb97ab04dab11,2026-04-15 18:54:24 UTC,2026-04-15,2026-04-15 18:54:24 UTC,2026-04-15,public,"[""exclusive"",""solya"",""voicenotes""]",,voice-notes-solya-on-tell-me-its-over-5,"Voice Notes: Solya on ""Tell Me It's Over"""
2026-10-05,soundcloud:tracks:801caaf9f4e763abd26b50f1a2eeb251,2026-04-15 18:54:24 UTC,2026-04-15,2026-04-15 18:54:24 UTC,2026-04-15,public,"[""exclusive"",""solya"",""voicenotes""]",,voice-notes-solya-on-aim-to-kill-1,"Voice Notes: Solya on ""Aim to Kill"""
2026-10-05,soundcloud:tracks:f56e471f2e501e7e08c7a504aa9faebd,2026-04-13 19:39:21 UTC,2026-04-13,2026-04-13 19:39:21 UTC,2026-04-13,public,"[""exclusive"",""lolozouaï"",""voicenotes""]",,voice-notes-lolo-zouai-on-desert-rose-pt-2-1,"Voice Notes: Lolo Zouaï  on ""Desert Rose  Pt. 2"""
2026-10-05,soundcloud:tracks:2bc9846835dd8e0157cf313fa7b47ce7,2026-04-13 19:39:21 UTC,2026-04-13,2026-04-13 19:39:21 UTC,2026-04-13,public,"[""exclusive"",""lolozouaï"",""voicenotes""]",,voice-notes-lolo-zouai-on-3am-in-san-francisco-3,"Voice Notes: Lolo Zouaï  on ""3AM in San Francisco"""
2026-10-05,soundcloud:tracks:3778a1c93ac444f1be4f31d08be7b898,2026-04-13 19:39:21 UTC,2026-04-13,2026-04-13 19:39:21 UTC,2026-04-13,public,"[""exclusive"",""lolozouaï"",""voicenotes""]",,voice-notes-lolo-zouai-on-holding-on-2,"Voice Notes: Lolo Zouaï  on ""Holding On"""
2026-10-05,soundcloud:tracks:13848d7a796bfe230adb3fcc4f4deba0,2026-04-13 16:59:29 UTC,2026-04-13,2026-04-13 16:59:29 UTC,2026-04-13,public,"[""djkhaled"",""exclusive"",""voicenotes""]",,voice-notes-dj-khaled,"Voice Notes: DJ Khaled on ""One of Them"""
2026-10-05,soundcloud:tracks:5a3c6cbc173f40ede9ce20b5a074253f,2026-04-10 19:00:00 UTC,2026-04-10,2026-04-10 19:00:00 UTC,2026-04-10,public,"[""exclusive"",""k3ko"",""voicenotes""]",,voice-notes-k3ko-on-moonlight-3,"Voice Notes: k3ko on ""moonlight"""
2026-10-05,soundcloud:tracks:a26f81e380d8d070f464ac3856696bc2,2026-04-10 19:00:00 UTC,2026-04-10,2026-04-10 19:00:00 UTC,2026-04-10,public,"[""exclusive"",""k3ko"",""voicenotes""]",,voice-notes-k3ko-on-luv-urself-2,"Voice Notes: k3ko on ""luv urself"""
2026-10-05,soundcloud:tracks:e7b86f2d14324bc35547525ffed8e752,2026-04-10 19:00:00 UTC,2026-04-10,2026-04-10 19:00:00 UTC,2026-04-10,public,"[""exclusive"",""k3ko"",""voicenotes""]",,voice-notes-k3ko-on-burn-up-1,"Voice Notes: k3ko on ""burn up"""
2026-10-05,soundcloud:tracks:ef92c3864cd88fcd1e2361c01b6ae927,2026-04-10 19:00:00 UTC,2026-04-10,2026-04-10 19:00:00 UTC,2026-04-10,public,"[""exclusive"",""k3ko"",""voicenotes""]",,voice-notes-k3ko-on-my-mind-mia-4,"Voice Notes: k3ko on ""my mind MIA"""
2026-10-05,soundcloud:tracks:fce09c465fd58292f2e71e375c1493c1,2026-04-10 16:05:10 UTC,2026-04-10,2026-04-24 20:09:44 UTC,2026-04-24,public,"[""ellaeyre"",""exclusive"",""voicenotes""]",,voice-notes-ella-eyre-on-everything-in-time-1,"Voice Notes: Ella Eyre on ""everything, in time"""
2026-10-05,soundcloud:tracks:0622552df53ee8297776ffda6c3d30a6,2026-04-10 16:05:10 UTC,2026-04-10,2026-04-24 20:16:33 UTC,2026-04-24,public,"[""ellaeyre"",""exclusive"",""voicenotes""]",,voice-notes-ella-eyre-on-lover-man-4,"Voice Notes: Ella Eyre on ""loverman"""
2026-10-05,soundcloud:tracks:a9477220c5c07df7c036141f952b191e,2026-04-10 16:05:10 UTC,2026-04-10,2026-04-24 20:16:17 UTC,2026-04-24,public,"[""ellaeyre"",""exclusive"",""voicenotes""]",,voice-notes-ella-eyre-on-kunsugi-3,"Voice Notes: Ella Eyre on ""kintsugi"""
2026-10-05,soundcloud:tracks:9bc783a992740b0a9b14989a8ce000b0,2026-04-10 16:05:10 UTC,2026-04-10,2026-04-24 20:16:47 UTC,2026-04-24,public,"[""ellaeyre"",""exclusive"",""voicenotes""]",,voice-notes-ella-eyre-on-rain-in-heaven-5,"Voice Notes: Ella Eyre on ""rain in heaven (demo)"""
2026-10-05,soundcloud:tracks:77deaa5a2aad4312bed876013375c94f,2026-04-10 16:05:10 UTC,2026-04-10,2026-04-24 20:16:56 UTC,2026-04-24,public,"[""ellaeyre"",""exclusive"",""voicenotes""]",,voice-notes-ella-eyre-on-red-flags-and-love-hearts-6,"Voice Notes: Ella Eyre on ""red flags & love hearts"""
2026-10-05,soundcloud:tracks:c5d0512d63f2cf1f6e8b6de23aa0a3e3,2026-04-08 20:09:11 UTC,2026-04-08,2026-04-08 20:09:11 UTC,2026-04-08,public,"[""austinmarc"",""exclusive"",""voicenotes""]",,voice-notes-austin-marc-on-giving-1,"Voice Notes: Austin Marc on ""giving"""
2026-10-05,soundcloud:tracks:09c6424d5e46b7ae9cc771c1864baa9f,2026-04-08 20:09:11 UTC,2026-04-08,2026-04-08 20:09:11 UTC,2026-04-08,public,"[""austinmarc"",""exclusive"",""voicenotes""]",,voice-notes-austin-marc-on-lose-control-2,"Voice Notes: Austin Marc on ""Lose Control"""
2026-10-05,soundcloud:tracks:856165c8759cfda6318bc621e2a6caf7,2026-04-08 20:09:11 UTC,2026-04-08,2026-04-08 20:09:11 UTC,2026-04-08,public,"[""austinmarc"",""exclusive"",""voicenotes""]",,voice-notes-austin-marc-on-mercury-morris-3,"Voice Notes: Austin Marc on ""mercurymorris"""
2026-10-05,soundcloud:tracks:dab49482c131ad2e8a624be103f262ce,2026-04-06 18:31:59 UTC,2026-04-06,2026-04-06 18:31:59 UTC,2026-04-06,public,"[""exclusive"",""mietzeconte"",""voicenotes""]",,voice-notes-mietze-conte-on-numbers-1,"Voice Notes: Mietze Conte on ""Numbers"""
2026-10-05,soundcloud:tracks:936a287c5cd5b58a3999d8e7a3c758d8,2026-04-06 18:31:59 UTC,2026-04-06,2026-04-06 18:31:59 UTC,2026-04-06,public,"[""exclusive"",""mietzeconte"",""voicenotes""]",,voice-notes-mietze-conte-on-wake-up-3,"Voice Notes: Mietze Conte on ""wakeup"""
2026-10-05,soundcloud:tracks:51f7a18692d239a509300bf399df748f,2026-04-06 18:31:59 UTC,2026-04-06,2026-04-06 18:31:59 UTC,2026-04-06,public,"[""exclusive"",""mietzeconte"",""voicenotes""]",,voice-notes-mietze-conte-on-special-2,"Voice Notes: Mietze Conte on ""special*"""
2026-10-05,soundcloud:tracks:6028985bd57a4b6f624c22464fcad163,2026-04-03 16:55:22 UTC,2026-04-03,2026-04-03 16:55:22 UTC,2026-04-03,public,"[""exclusive"",""feliciatemple"",""voicenotes""]",,voice-notes-felicia-temple-on-alone-together-1,"Voice Notes: Felicia Temple on ""Alone Together"""
2026-10-05,soundcloud:tracks:f007062ba3e2f52eff67ea48a7f3ea27,2026-04-03 16:55:22 UTC,2026-04-03,2026-04-03 16:55:22 UTC,2026-04-03,public,"[""exclusive"",""feliciatemple"",""voicenotes""]",,voice-notes-felicia-temple-on-two-ships-5,"Voice Notes: Felicia Temple on ""Two Ships"""
2026-10-05,soundcloud:tracks:453a3cb7a44a7118424f1611f80f8e53,2026-04-03 16:55:22 UTC,2026-04-03,2026-04-03 16:55:22 UTC,2026-04-03,public,"[""exclusive"",""feliciatemple"",""voicenotes""]",,voice-notes-felicia-temple-on-cant-stop-loving-you-2,"Voice Notes: Felicia Temple on ""Can't Stop Loving You"""
2026-10-05,soundcloud:tracks:0c9a75c1bb4ccc24b51c0a5cc611fa1e,2026-04-03 16:55:22 UTC,2026-04-03,2026-04-03 16:55:22 UTC,2026-04-03,public,"[""exclusive"",""feliciatemple"",""voicenotes""]",,voice-notes-felicia-temple-on-dont-want-to-be-lonely-4,"Voice Notes: Felicia Temple on ""Don't Want To Be Lonely"""
2026-10-05,soundcloud:tracks:baef92ab3174575bdd7f211103fdb024,2026-04-03 16:55:22 UTC,2026-04-03,2026-04-03 16:55:22 UTC,2026-04-03,public,"[""exclusive"",""feliciatemple"",""voicenotes""]",,voice-notes-felicia-temple-on-colorblind-3,"Voice Notes: Felicia Temple on ""Colorblind"""
2026-10-05,soundcloud:tracks:df92e794e25799dd5f756d023ef63c91,2026-03-27 23:45:33 UTC,2026-03-27,2026-04-10 15:06:46 UTC,2026-04-10,public,,,voice-notes-nav-on-tap-4,"Voice Notes: NAV on ""Tap (feat. Meek Mill)"""
2026-10-05,soundcloud:tracks:4d3e0acf78192f849a37db84418b7640,2026-03-27 23:45:33 UTC,2026-03-27,2026-04-10 15:06:29 UTC,2026-04-10,public,,,voice-notes-nav-on-trimski-1,"Voice Notes: NAV on ""TrimskI"""
2026-10-05,soundcloud:tracks:fc96fef1d4c50313ecbbe6125e2d6c04,2026-03-27 23:45:33 UTC,2026-03-27,2026-04-10 15:06:37 UTC,2026-04-10,public,,,voice-notes-nav-on-wanted-you-feat-lil-uzi-vert-2,"Voice Notes: NAV on ""Wanted You (feat. Lil Uzi Vert)"""
2026-10-05,soundcloud:tracks:da38466ed34761a6779f163dd1d65ffd,2026-03-27 23:45:33 UTC,2026-03-27,2026-04-10 15:07:01 UTC,2026-04-10,public,,,voice-notes-nav-on-ttd-5,"Voice Notes: NAV on ""TTD"""
2026-10-05,soundcloud:tracks:99c72738377c7d8d952b4aafc38567cb,2026-03-27 20:57:48 UTC,2026-03-27,2026-03-27 20:57:48 UTC,2026-03-27,public,,,voice-notes-little-image-on-kill-the-ghost-3,"Voice Notes: little image on ""Kill The Ghost"""
2026-10-05,soundcloud:tracks:fd8ee3568163b698c92ce688f8cd871d,2026-03-27 20:57:48 UTC,2026-03-27,2026-03-27 20:57:48 UTC,2026-03-27,public,,,voice-notes-little-image-on-the-reaper-4,"Voice Notes: little image on ""The Reaper"""
2026-10-05,soundcloud:tracks:a2be32467da5908d366ee40fec739141,2026-03-27 20:57:48 UTC,2026-03-27,2026-03-27 20:57:48 UTC,2026-03-27,public,,,voice-notes-little-image-on-defcon-1,"Voice Notes: little image on ""Defcon"""
2026-10-05,soundcloud:tracks:2a39f06f5d9432f660e561a3cb105332,2026-03-27 20:57:48 UTC,2026-03-27,2026-03-27 20:57:48 UTC,2026-03-27,public,,,voice-notes-little-image-on-easy-to-love-2,"Voice Notes: little image on ""Easy To Love"""
2026-10-05,soundcloud:tracks:7802f84e88cd962fbc745a93b404bd45,2026-03-27 15:25:51 UTC,2026-03-27,2026-03-27 15:25:51 UTC,2026-03-27,public,"[""exclusive"",""voicenotes"",""wilkinson""]",,voice-notes-wilkinson-on-eternity-2,"Voice Notes: Wilkinson on ""Eternity"""
2026-10-05,soundcloud:tracks:02055ab5b5cd6376b3af63f043f65353,2026-03-27 15:25:51 UTC,2026-03-27,2026-03-27 15:25:51 UTC,2026-03-27,public,"[""exclusive"",""voicenotes"",""wilkinson""]",,voice-notes-wilkinson-on-ultraviolet-1,"Voice Notes: Wilkinson on ""Ultraviolet"""
2026-10-05,soundcloud:tracks:e092b042f0b010eaa81757d35710e594,2026-03-27 15:25:51 UTC,2026-03-27,2026-03-27 15:25:51 UTC,2026-03-27,public,"[""exclusive"",""voicenotes"",""wilkinson""]",,voice-notes-wilkinson-on-drop-it-3,"Voice Notes: Wilkinson on ""Drop It"""
2026-10-05,soundcloud:tracks:47e197f31ccbdf73a4eeced38b3df9c1,2026-03-27 15:25:51 UTC,2026-03-27,2026-03-27 15:25:51 UTC,2026-03-27,public,"[""exclusive"",""voicenotes"",""wilkinson""]",,voice-notes-wilkinson-on-back-to-life-4,"Voice Notes: Wilkinson on ""Back To Life"""
2026-10-05,soundcloud:tracks:5326dca6175963408c7d417f137465b4,2026-03-26 13:58:33 UTC,2026-03-26,2026-03-26 13:58:33 UTC,2026-03-26,public,"[""exclusive"",""maryjo"",""voicenotes""]",,voice-notes-maryjo-on-living-room-1,"Voice Notes: maryjo on ""LIVING ROOM"""
2026-10-05,soundcloud:tracks:ecc9b4d32a49b116fe23f28d6bacc4cb,2026-03-26 13:58:33 UTC,2026-03-26,2026-03-26 13:58:33 UTC,2026-03-26,public,"[""exclusive"",""maryjo"",""voicenotes""]",,voice-notes-maryjo-on-cleveland-3,"Voice Notes: maryjo on ""Cleveland"""
2026-10-05,soundcloud:tracks:b49757ea84073d0688e2bb5add56676b,2026-03-26 13:58:33 UTC,2026-03-26,2026-03-26 13:58:33 UTC,2026-03-26,public,"[""exclusive"",""maryjo"",""voicenotes""]",,voice-notes-maryjo-on-i-woke-up-2,"Voice Notes: maryjo on ""I Woke Up"""
2026-10-05,soundcloud:tracks:660fe23031630060529dc79f046282db,2026-03-26 13:58:33 UTC,2026-03-26,2026-03-26 13:58:33 UTC,2026-03-26,public,"[""exclusive"",""maryjo"",""voicenotes""]",,voice-notes-maryjo-on-traffic-4,"Voice Notes: maryjo on ""Traffic"""
2026-10-05,soundcloud:tracks:026f7d0481bac8035dd05ddea04bed7b,2026-03-24 18:45:11 UTC,2026-03-24,2026-03-24 18:45:11 UTC,2026-03-24,public,"[""egoellamay"",""exclusive"",""voicenotes""]",,voice-notes-ego-ella-may-on-back-to-sea-1,"Voice Notes: Ego Ella May on ""Back To Sea"""
2026-10-05,soundcloud:tracks:ea6bed7546f25021c960a1634a2f3308,2026-03-24 18:45:11 UTC,2026-03-24,2026-03-24 18:45:11 UTC,2026-03-24,public,"[""egoellamay"",""exclusive"",""voicenotes""]",,voice-notes-ego-ella-may-on-what-we-do-4,"Voice Notes: Ego Ella May on ""What We Do"""
2026-10-05,soundcloud:tracks:d7ce4766f51a03d27cd3a2078cb8d692,2026-03-24 18:45:11 UTC,2026-03-24,2026-03-24 18:45:11 UTC,2026-03-24,public,"[""egoellamay"",""exclusive"",""voicenotes""]",,voice-notes-ego-ella-may-on-good-intentions-2,"Voice Notes: Ego Ella May on ""Good Intentions"""
2026-10-05,soundcloud:tracks:dd956bcca61a79c9e252811c15457e2f,2026-03-24 18:45:11 UTC,2026-03-24,2026-03-24 18:45:11 UTC,2026-03-24,public,"[""egoellamay"",""exclusive"",""voicenotes""]",,voice-notes-ego-ella-may-on-hold-on-3,"Voice Notes: Ego Ella May on ""Hold On"""
2026-10-05,soundcloud:tracks:2bac69b6308c2c3a6f0a19300177b50b,2026-03-24 17:00:28 UTC,2026-03-24,2026-03-24 17:00:28 UTC,2026-03-24,public,"[""exclusive"",""sk8star"",""voicenotes""]",,voice-notes-sk8star-on-muse-1,"Voice Notes: Sk8star on ""Muse"""
2026-10-05,soundcloud:tracks:66a224422b1e2d18498e6126bc49b7cb,2026-03-24 17:00:28 UTC,2026-03-24,2026-03-24 17:00:28 UTC,2026-03-24,public,"[""exclusive"",""sk8star"",""voicenotes""]",,voice-notes-sk8star-on-nsd-2,"Voice Notes: Sk8star on ""NSD"""
2026-10-05,soundcloud:tracks:e6f657636164c68e458321078977d8f7,2026-03-24 17:00:28 UTC,2026-03-24,2026-03-24 17:00:28 UTC,2026-03-24,public,"[""exclusive"",""sk8star"",""voicenotes""]",,voice-notes-sk8star-on-playyapart-3,"Voice Notes: Sk8star on ""PlayYaPart"""
2026-10-05,soundcloud:tracks:c576fcc102d6d62e85c64b137660f702,2026-03-20 18:00:09 UTC,2026-03-20,2026-03-20 18:00:09 UTC,2026-03-20,public,"[""exclusive"",""jaymin"",""voicenotes""]",,voice-notes-jaymin-on-something-real-3,"Voice Notes: Jaymin on ""Something Real"""
2026-10-05,soundcloud:tracks:77ad5fd2ed78e0eaf09013d286ce22c6,2026-03-20 18:00:09 UTC,2026-03-20,2026-03-20 18:00:09 UTC,2026-03-20,public,"[""exclusive"",""jaymin"",""voicenotes""]",,voice-notes-jaymin-on-help-1,"Voice Notes: Jaymin on ""HELP!"""
2026-10-05,soundcloud:tracks:f3579b49a9f221d1eff24c2c0a1d70fd,2026-03-20 18:00:09 UTC,2026-03-20,2026-03-20 18:00:09 UTC,2026-03-20,public,"[""exclusive"",""jaymin"",""voicenotes""]",,voice-notes-jaymin-on-wamu-4,"Voice Notes: Jaymin on ""Wamu"""
2026-10-05,soundcloud:tracks:8934d5d0546244ab5f522bcdd04f3587,2026-03-20 18:00:09 UTC,2026-03-20,2026-03-20 18:00:09 UTC,2026-03-20,public,"[""exclusive"",""jaymin"",""voicenotes""]",,voice-notes-jaymin-on-smoke-and-mirrors-2,"Voice Notes: Jaymin on ""Smoke And Mirrors"""
2026-10-05,soundcloud:tracks:b8adf71f5f230c4e30722e4c0d654e25,2026-03-18 19:12:49 UTC,2026-03-18,2026-03-18 19:12:49 UTC,2026-03-18,public,"[""exclusive"",""jamesblake"",""voicenotes""]",,voice-notes-james-blake-on-rest-of-your-life-3,"Voice Notes: James Blake on ""Rest Of Your Life"
2026-10-05,soundcloud:tracks:fa0f1a9e13c629f228394906fd2f70ec,2026-03-18 19:12:49 UTC,2026-03-18,2026-03-18 19:12:49 UTC,2026-03-18,public,"[""exclusive"",""jamesblake"",""voicenotes""]",,voice-notes-james-blake-on-make-something-up-2,"Voice Notes: James Blake on ""Make Something Up"""
2026-10-05,soundcloud:tracks:aaed7b798d6c13e17b856f39d715bc17,2026-03-18 19:12:49 UTC,2026-03-18,2026-03-18 19:12:49 UTC,2026-03-18,public,"[""exclusive"",""jamesblake"",""voicenotes""]",,voice-notes-james-blake-on-trying-times-1,"Voice Notes: James Blake on ""Trying Times"""
2026-10-05,soundcloud:tracks:b157f1f4bf45ef2ae24ba4f27900c27c,2026-03-16 17:30:45 UTC,2026-03-16,2026-03-16 17:30:45 UTC,2026-03-16,public,,,voice-notes-adrian-lyles-on-it,"Voice Notes: Adrian Lyles on ""It Isn't Over Until You Die"""
2026-10-05,soundcloud:tracks:9a1985e5cf7aabeba9843ae21194a8b9,2026-03-16 17:30:05 UTC,2026-03-16,2026-03-16 17:30:05 UTC,2026-03-16,public,,,voice-notes-adrian-lyles-on-2,"Voice Notes: Adrian Lyles on ""Than I Am"""
2026-10-05,soundcloud:tracks:68693d2dbc7c8083067dfc130d7014c5,2026-03-16 17:29:29 UTC,2026-03-16,2026-03-16 17:29:29 UTC,2026-03-16,public,,,voice-notes-adrian-lyles-on-1,"Voice Notes: Adrian Lyles on ""Why Not"""
2026-10-05,soundcloud:tracks:e9ea1ba7cab8b2110cc4455dd8a3dee0,2026-03-16 17:28:54 UTC,2026-03-16,2026-03-16 17:28:54 UTC,2026-03-16,public,,,voice-notes-adrian-lyles-on,"Voice Notes: Adrian Lyles on ""All That I Wanted Was You"""
2026-10-05,soundcloud:tracks:0c2fb2dd65d639e55780a6c076e15a5f,2026-03-13 18:39:32 UTC,2026-03-13,2026-03-13 18:39:32 UTC,2026-03-13,public,"[""cobrah"",""exclusive"",""voicenotes""]",,voice-notes-cobrah-on-torn-4,"Voice Notes: Cobrah on ""Torn"""
2026-10-05,soundcloud:tracks:8c969d28447b51e8de1b43cd5177113e,2026-03-13 18:39:32 UTC,2026-03-13,2026-03-13 18:39:32 UTC,2026-03-13,public,"[""cobrah"",""exclusive"",""voicenotes""]",,voice-notes-cobrah-on-really-hard-3,"Voice Notes: Cobrah on ""Really Hard"""
2026-10-05,soundcloud:tracks:de5b18fb7d1a9f809b050cba32f7db1d,2026-03-13 18:39:32 UTC,2026-03-13,2026-03-13 18:39:32 UTC,2026-03-13,public,"[""cobrah"",""exclusive"",""voicenotes""]",,voice-notes-cobrah-on-dog-1,"Voice Notes: Cobrah on ""Dog"""
2026-10-05,soundcloud:tracks:7a1743a494bb2405884b2c05d8a2fbc2,2026-03-13 18:39:32 UTC,2026-03-13,2026-03-13 18:39:32 UTC,2026-03-13,public,"[""cobrah"",""exclusive"",""voicenotes""]",,voice-notes-cobrah-on-hush-2,"Voice Notes: Cobrah on ""Hush"""
2026-10-05,soundcloud:tracks:4f5d927b1a308853098a1d066ae1415a,2026-03-11 19:32:16 UTC,2026-03-11,2026-03-11 19:32:16 UTC,2026-03-11,public,"[""b.u.gantman"",""exclusive"",""voicenotes""]",,voice-notes-bug-antman-on-every-race-2,"Voice Notes:  B.U.G Antman on ""Every Race"""
2026-10-05,soundcloud:tracks:f50e9eb14e586a7d8ae4f98efd2d3ab1,2026-03-11 19:32:16 UTC,2026-03-11,2026-03-11 19:32:16 UTC,2026-03-11,public,"[""b.u.gantman"",""exclusive"",""voicenotes""]",,voice-notes-bug-antman-on-souf-atlanta-3,"Voice Notes:  B.U.G Antman on ""Souf Atlanta"""
2026-10-05,soundcloud:tracks:aa4d6a6464c3fd4122d7e4991a4516b1,2026-03-11 19:32:16 UTC,2026-03-11,2026-03-11 19:32:16 UTC,2026-03-11,public,"[""b.u.gantman"",""exclusive"",""voicenotes""]",,voice-notes-bug-antman-on-lil-shordie-1,"Voice Notes:  B.U.G Antman on ""Lil Shordie"""
2026-10-05,soundcloud:tracks:bb62111433b8f5c153d921bdccb6e5ab,2026-03-11 17:31:54 UTC,2026-03-11,2026-03-11 17:31:54 UTC,2026-03-11,public,"[""exclusive"",""gabrieljacoby"",""voicenotes""]",,voice-notes-gabriel-jacoby-on-be-careful-2,"Voice Notes: Gabriel Jacoby on ""be careful"""
2026-10-05,soundcloud:tracks:5ca10e800fca6545e9c7abf07f4f426e,2026-03-11 17:31:54 UTC,2026-03-11,2026-03-11 17:31:54 UTC,2026-03-11,public,"[""exclusive"",""gabrieljacoby"",""voicenotes""]",,voice-notes-gabriel-jacoby-on-bootleg-1,"Voice Notes: Gabriel Jacoby on ""bootleg"""
2026-10-05,soundcloud:tracks:5c7d35b4e77f86c97240c907779d2f44,2026-03-11 17:31:54 UTC,2026-03-11,2026-03-11 17:31:54 UTC,2026-03-11,public,"[""exclusive"",""gabrieljacoby"",""voicenotes""]",,voice-notes-gabriel-jacoby-on-the-one-4,"Voice Notes: Gabriel Jacoby on ""the one"""
2026-10-05,soundcloud:tracks:a2f556a7e12f0cbe343399bf731f1984,2026-03-11 17:31:54 UTC,2026-03-11,2026-03-11 17:31:54 UTC,2026-03-11,public,"[""exclusive"",""gabrieljacoby"",""voicenotes""]",,voice-notes-gabriel-jacoby-on-baby-3,"Voice Notes: Gabriel Jacoby on ""baby"""
2026-10-05,soundcloud:tracks:3a5259669644b66cfa42fd57066ce244,2026-03-09 20:14:19 UTC,2026-03-09,2026-03-09 20:14:19 UTC,2026-03-09,public,"[""exclusive"",""foggieraw"",""voicenotes""]",,voice-notes-foggieraw-on-mo-money-than-ur-dad-2,"Voice Notes: Foggieraw on ""Mo Money Than Ur Dad"""
2026-10-05,soundcloud:tracks:0afeeab36eadc30fc8c5c24ce01a096e,2026-03-09 20:14:19 UTC,2026-03-09,2026-03-09 20:14:19 UTC,2026-03-09,public,"[""exclusive"",""foggieraw"",""voicenotes""]",,voice-notes-foggieraw-on-rookie-of-the-year-4,"Voice Notes: Foggieraw on ""Rookie Of The Year"""
2026-10-05,soundcloud:tracks:efec4cf29947286fa1d850f22bcbc486,2026-03-09 20:14:19 UTC,2026-03-09,2026-03-09 20:14:19 UTC,2026-03-09,public,"[""exclusive"",""foggieraw"",""voicenotes""]",,voice-notes-foggieraw-on-psalm-and-islam-3,"Voice Notes: Foggieraw on ""Psalm and Islam"""
2026-10-05,soundcloud:tracks:4c8d84faf385958f772b8ea571581906,2026-03-09 20:14:19 UTC,2026-03-09,2026-03-09 20:14:19 UTC,2026-03-09,public,"[""exclusive"",""foggieraw"",""voicenotes""]",,voice-notes-foggieraw-on-disrespectfully-decline-1,"Voice Notes: Foggieraw on ""Disrespectfully Decline"""
2026-10-05,soundcloud:tracks:3089018fd38d213488bd2bea833f0d84,2026-03-09 18:57:36 UTC,2026-03-09,2026-03-09 18:57:36 UTC,2026-03-09,public,,,voice-notes-amiify-on-skin,"Voice Notes:  AmiiFy on ""Skin"""
2026-10-05,soundcloud:tracks:f75b1e95061879d82438d5ada61e4e32,2026-03-09 18:57:04 UTC,2026-03-09,2026-03-09 18:57:04 UTC,2026-03-09,public,,,voice-notes-amiify-on-other,"Voice Notes: AmiiFy on ""Otherside"""
2026-10-05,soundcloud:tracks:9e3c6dba46075b2e4a717852c5c34d34,2026-03-09 18:56:41 UTC,2026-03-09,2026-03-09 18:56:41 UTC,2026-03-09,public,,,voice-notes-amiify-on-holding,"Voice Notes: AmiiFy on ""Holding On"""
2026-10-05,soundcloud:tracks:daf46c84542cef801b0b88b25032ffc5,2026-03-09 18:56:14 UTC,2026-03-09,2026-03-09 18:56:14 UTC,2026-03-09,public,,,voice-notes-amiify-on-departed,"Voice Notes: AmiiFy on ""Departed"""
2026-10-05,soundcloud:tracks:263cfba59b36cfedc4c15827d2da8b1e,2026-03-06 19:23:57 UTC,2026-03-06,2026-03-06 19:23:57 UTC,2026-03-06,public,"[""denzelcurry"",""exclusive"",""voicenotes""]",Hip-hop & Rap,voice-notes-denzel-curry-on-the-scythe-1,"Voice Notes: Denzel Curry on ""THE SCYTHE"""
2026-10-05,soundcloud:tracks:57482d73e626c1815239b02a48587202,2026-03-06 19:23:57 UTC,2026-03-06,2026-03-06 19:23:57 UTC,2026-03-06,public,"[""denzelcurry"",""exclusive"",""voicenotes""]",Hip-hop & Rap,voice-notes-denzel-curry-on-mutt-that-bih-2,"Voice Notes: Denzel Curry on ""MUTT THAT BIH"""
2026-10-05,soundcloud:tracks:36a966aad19670fdc5db41f6b5d3ffe1,2026-03-06 19:23:57 UTC,2026-03-06,2026-03-06 19:23:57 UTC,2026-03-06,public,"[""denzelcurry"",""exclusive"",""voicenotes""]",Hip-hop & Rap,voice-notes-denzel-curry-on-lit-effect-3,"Voice Notes: Denzel Curry on ""LIT EFFECT"""
2026-10-05,soundcloud:tracks:5683186775c265ca477b801fd079d4ce,2026-03-04 17:16:10 UTC,2026-03-04,2026-03-04 17:16:10 UTC,2026-03-04,public,"[""dinaayada"",""exclusive"",""voicenotes""]",,voice-notes-dina-avada-on-dont-get-me-started-3,"Voice Notes: Dina Ayada on ""don't get me started"""
2026-10-05,soundcloud:tracks:073c6332f1c1ad4fa1eafe64a0cf636f,2026-03-04 17:16:10 UTC,2026-03-04,2026-03-04 17:16:10 UTC,2026-03-04,public,"[""dinaayada"",""exclusive"",""voicenotes""]",,voice-notes-dina-avada-on-no-rush-2,"Voice Notes: Dina Ayada on ""no rush"""
2026-10-05,soundcloud:tracks:209b44d8bd2fe6b07444c92adf63bc98,2026-03-04 17:16:10 UTC,2026-03-04,2026-03-04 17:16:10 UTC,2026-03-04,public,"[""dinaayada"",""exclusive"",""voicenotes""]",,voice-notes-dina-avada-on-alive-1,"Voice Notes: Dina Ayada on ""alive"""
2026-10-05,soundcloud:tracks:077824894f348a7a7b1d81782ee87afd,2026-03-02 21:20:38 UTC,2026-03-02,2026-03-02 21:20:38 UTC,2026-03-02,public,"[""exclusive"",""steller"",""voicenotes""]",,voice-notes-steller-on-shifting-the-lens-1,"Voice Notes: Steller on ""Shifting The Lens"""
2026-10-05,soundcloud:tracks:975e126c07c94587bbbc588fde326853,2026-03-02 21:20:38 UTC,2026-03-02,2026-03-02 21:20:38 UTC,2026-03-02,public,"[""exclusive"",""steller"",""voicenotes""]",,voice-notes-steller-on-universe-provides-2,"Voice Notes: Steller on ""Universe Provides"""
2026-10-05,soundcloud:tracks:0675d70b5e235868334199ae6209efac,2026-03-02 21:20:38 UTC,2026-03-02,2026-03-02 21:20:38 UTC,2026-03-02,public,"[""exclusive"",""steller"",""voicenotes""]",,voice-notes-steller-on-bring-the-energy-3,"Voice Notes: Steller on ""Bring The Energy"""
2026-10-05,soundcloud:tracks:47542a1975776666aefefbb91cf9d177,2026-03-02 21:20:38 UTC,2026-03-02,2026-03-02 21:20:38 UTC,2026-03-02,public,"[""exclusive"",""steller"",""voicenotes""]",,voice-notes-steller-on-frames-of-infinity-4,"Voice Notes: Steller on ""Frames Of Infinity"""
2026-10-05,soundcloud:tracks:6155aed13d964698a2763a3c7d297b8b,2026-02-25 15:18:42 UTC,2026-02-25,2026-02-25 15:18:42 UTC,2026-02-25,public,"[""exclusive"",""naïka"",""voicenotes""]",,voice-notes-naika-on-what-a-day-2,"Voice Notes: Naïka on ""WHAT A DAY!"""
2026-10-05,soundcloud:tracks:ef18488c97c5f55d4529f3e442e3db17,2026-02-25 15:18:42 UTC,2026-02-25,2026-02-25 15:18:42 UTC,2026-02-25,public,"[""exclusive"",""naïka"",""voicenotes""]",,voice-notes-naika-on-blessings-1,"Voice Notes: Naïka on ""BLESSINGS"""
2026-10-05,soundcloud:tracks:2e648bfb2dee0755fa234889e72a794f,2026-02-25 15:18:42 UTC,2026-02-25,2026-02-25 15:18:42 UTC,2026-02-25,public,"[""exclusive"",""naïka"",""voicenotes""]",,voice-notes-naika-on-matador-3,"Voice Notes: Naïka on ""MATADOR"""
2026-10-05,soundcloud:tracks:1c619c55006eaea1b32209fa0f75ed46,2026-02-20 18:48:15 UTC,2026-02-20,2026-02-20 18:48:15 UTC,2026-02-20,public,"[""emmyadelle"",""exclusive"",""voicenotes""]",,voice-notes-emmy-adelle-on-you-make-me-fee-lalive-3,"Voice Notes:  Emmy Adelle on ""You Make Me Feel Alive"""
2026-10-05,soundcloud:tracks:8632cc576b83b02efd9441ce86e73573,2026-02-20 18:48:15 UTC,2026-02-20,2026-02-20 18:48:15 UTC,2026-02-20,public,"[""emmyadelle"",""exclusive"",""voicenotes""]",,voice-notes-emmy-adelle-on-about-u-2,"Voice Notes:  Emmy Adelle on ""About U"""
2026-10-05,soundcloud:tracks:c061e5e192fce0b6983b72a2cf02ce29,2026-02-20 18:48:15 UTC,2026-02-20,2026-02-20 18:48:15 UTC,2026-02-20,public,"[""emmyadelle"",""exclusive"",""voicenotes""]",,voice-notes-emmy-adelle-on-running-1,"Voice Notes:  Emmy Adelle on ""Running"""
2026-10-05,soundcloud:tracks:9b4a1c3470368110788b72ce2c13eb14,2026-02-19 15:34:17 UTC,2026-02-19,2026-02-19 15:34:17 UTC,2026-02-19,public,"[""avalonemerson"",""exclusive"",""voicenotes""]",,voice-notes-avalon-emerson-on-how-dare-this-beer-3,"Voice Notes: Avalon Emerson on ""How Dare This Beer"""
2026-10-05,soundcloud:tracks:34611b38105f8c2e69b84c7fac6d7bca,2026-02-19 15:34:17 UTC,2026-02-19,2026-02-19 15:34:17 UTC,2026-02-19,public,"[""avalonemerson"",""exclusive"",""voicenotes""]",,voice-notes-avalon-emerson-on-written-into-changes-1,"Voice Notes: Avalon Emerson on ""Written Into Changes"""
2026-10-05,soundcloud:tracks:03f36508248095fa473cce93a63f9313,2026-02-19 15:34:17 UTC,2026-02-19,2026-02-19 15:34:17 UTC,2026-02-19,public,"[""avalonemerson"",""exclusive"",""voicenotes""]",,voice-notes-avalon-emerson-on-happy-birthday-2,"Voice Notes: Avalon Emerson on ""Happy Birthday"""
2026-10-05,soundcloud:tracks:4588e5e6ef1fc1198dca892b480b07da,2026-02-13 19:22:48 UTC,2026-02-13,2026-02-13 19:22:48 UTC,2026-02-13,public,"[""exclusive"",""raahiim"",""voicenotes""]",,voice-notes-raahiim-on-everyones-girl-2,"Voice Notes: RAAHiiM on ""Everyone's Girl"""
2026-10-05,soundcloud:tracks:127203954c1de75c073b965ec021cdd5,2026-02-13 19:22:48 UTC,2026-02-13,2026-02-13 19:22:48 UTC,2026-02-13,public,"[""exclusive"",""raahiim"",""voicenotes""]",,voice-notes-raahiim-on-prayersformyex-3,"Voice Notes: RAAHiiM on ""PRAYERSFORMYEX"""
2026-10-05,soundcloud:tracks:2812833d1b41ec4959f9dd25cb141af5,2026-02-13 19:22:48 UTC,2026-02-13,2026-02-13 19:22:48 UTC,2026-02-13,public,"[""exclusive"",""raahiim"",""voicenotes""]",,voice-notes-raahiim-on-96-camry-1,"Voice Notes: RAAHiiM on ""96 Camry"""
2026-10-05,soundcloud:tracks:bec37b38ce3a9f90cf1b5bf64969023f,2026-02-13 19:22:48 UTC,2026-02-13,2026-02-13 19:22:48 UTC,2026-02-13,public,"[""exclusive"",""raahiim"",""voicenotes""]",,voice-notes-raahiim-on-save-a-moment-4,"Voice Notes: RAAHiiM on ""SAVE A MOMENT"""
2026-10-05,soundcloud:tracks:66830aa5723ad9f0e314d62f2c018f0c,2026-02-11 22:24:30 UTC,2026-02-11,2026-02-11 22:24:30 UTC,2026-02-11,public,"[""amiify"",""exclusive"",""voicenotes""]",,voice-notes-amiify-on-something-stupid-2,"Voice Notes: AmiiFy on “Something Stupid"""
2026-10-05,soundcloud:tracks:463e68192e5617a2c6e6f4b1e58a36de,2026-02-11 22:24:30 UTC,2026-02-11,2026-02-11 22:24:30 UTC,2026-02-11,public,"[""amiify"",""exclusive"",""voicenotes""]",,voice-notes-amiify-on-he-dont-deserve-you-1,"Voice Notes: AmiiFy on “He Don’t Deserve You"""
2026-10-05,soundcloud:tracks:8efe0145eb327cb56002d491839c29be,2026-02-05 20:57:25 UTC,2026-02-05,2026-02-05 20:57:25 UTC,2026-02-05,public,,,voice-notes-lb-aka-labat-on,"Voice Notes: LB aka LABAT on ""Feel So Good Around U"""
2026-10-05,soundcloud:tracks:417432feb5f2376b260b4df1b2afb3d7,2026-02-05 20:56:01 UTC,2026-02-05,2026-02-05 20:56:01 UTC,2026-02-05,public,"[""exclusive"",""lbakalabat"",""voicenotes""]",,voice-notes-lb-aka-lebat-fixated-1,"Voice Notes: LB aka LABAT on ""Fixated"""
2026-10-05,soundcloud:tracks:38077254d3e8b8a3cdd07ae2be22790f,2026-02-04 21:13:29 UTC,2026-02-04,2026-02-04 21:13:29 UTC,2026-02-04,public,"[""excluisve"",""voicenotes"",""warhol.ss""]",,voice-notes-warholss-on-second-nature-2,"Voice Notes: Warhol.SS on ""SECOND NATURE"""
2026-10-05,soundcloud:tracks:e509eb9598ad0bb40ed562d52065ed64,2026-02-04 21:13:29 UTC,2026-02-04,2026-02-04 21:13:29 UTC,2026-02-04,public,"[""excluisve"",""voicenotes"",""warhol.ss""]",,voice-notes-warholss-on-catchyouout-4,"Voice Notes: Warhol.SS on ""CATCHYOUOUT"""
2026-10-05,soundcloud:tracks:57e6a4d50010f88e7a3fd5f86945994f,2026-02-04 21:13:29 UTC,2026-02-04,2026-02-04 21:13:29 UTC,2026-02-04,public,"[""excluisve"",""voicenotes"",""warhol.ss""]",,voice-notes-warholss-on-not-missin-1,"Voice Notes: Warhol.SS on ""NOT MISSIN"""
2026-10-05,soundcloud:tracks:cfd6a0dbbab34734b09641261b60a16e,2026-02-04 21:13:29 UTC,2026-02-04,2026-02-04 21:13:29 UTC,2026-02-04,public,"[""excluisve"",""voicenotes"",""warhol.ss""]",,voice-notes-warholss-on-made-man-3,"Voice Notes: Warhol.SS on ""MADE MAN"""
2026-10-05,soundcloud:tracks:486d0b74a79039e8ea25bd134054b6fe,2026-02-03 19:16:25 UTC,2026-02-03,2026-02-03 19:16:25 UTC,2026-02-03,public,"[""exclusive"",""frenchmontana"",""maxb"",""vocienotes""]",,voice-notes-french-montana-and-max-b-on-pop-the-half-3,"Voice Notes: French Montana and Max B on ""Pop The Half"""
2026-10-05,soundcloud:tracks:33404d06cfb884b4490d508613cffc14,2026-02-03 19:16:25 UTC,2026-02-03,2026-02-03 19:16:25 UTC,2026-02-03,public,"[""exclusive"",""frenchmontana"",""maxb"",""vocienotes""]",,voice-notes-french-montana-and-max-b-on-ever-since-u-left-me-i-went-deaf-2,"Voice Notes: French Montana and Max B on ""Ever Since U Left Me (I Went Deaf)"""
2026-10-05,soundcloud:tracks:a0acc090b994d495f435819b5ab315e4,2026-02-03 19:16:25 UTC,2026-02-03,2026-02-03 19:16:25 UTC,2026-02-03,public,"[""exclusive"",""frenchmontana"",""maxb"",""vocienotes""]",,voice-notes-french-montana-and-max-b-on-make-america-wavy-again-mawa-1,"Voice Notes: French Montana and Max B on ""Make America Wavy Again (MAWA)"""
2026-10-05,soundcloud:tracks:ab9ddd5dc4aaf5079149b73ff35d7142,2026-02-02 21:38:01 UTC,2026-02-02,2026-02-02 21:38:01 UTC,2026-02-02,public,"[""exclusive"",""levelup"",""voicenotes"",""zingara""]",,voice-notes-zingara-level-up-on-crossroads-2,"Voice Notes: Zingara on ""The Crossroads"""
2026-10-05,soundcloud:tracks:7e5fd4b2dcf23ccc372a0562188d1e11,2026-02-02 21:38:01 UTC,2026-02-02,2026-02-02 21:38:01 UTC,2026-02-02,public,"[""exclusive"",""levelup"",""voicenotes"",""zingara""]",,voice-notes-zingara-level-up-on-the-medium-1,"Voice Notes: Zingara & LEVEL UP on ""The Medium"""
2026-10-05,soundcloud:tracks:fe9fdd917aa2dab363d29f42fde21b4b,2026-02-02 21:38:01 UTC,2026-02-02,2026-02-02 21:38:01 UTC,2026-02-02,public,"[""exclusive"",""levelup"",""voicenotes"",""zingara""]",,voice-notes-zingara-level-up-on-other-side-3,"Voice Notes: LEVEL UP on ""The Other Side"""
2026-10-05,soundcloud:tracks:d6a5d9ae7a094f28cc97214db5bf01b5,2026-01-28 22:07:02 UTC,2026-01-28,2026-01-28 22:07:02 UTC,2026-01-28,public,"[""exclusive"",""voicenotes"",""walkingintrusivethought""]",,voice-notes-walking-intrusive-thoughts-on-libido-1,"Voice Notes: Walking Intrusive Thoughts on ""LIBIDO"""
2026-10-05,soundcloud:tracks:0853eeb1218cd06df745d525377b4a57,2026-01-28 22:07:02 UTC,2026-01-28,2026-01-28 22:07:02 UTC,2026-01-28,public,"[""exclusive"",""voicenotes"",""walkingintrusivethought""]",,voice-notes-walking-intrusive-thoughts-on-gunplay-3,"Voice Notes: Walking Intrusive Thoughts on ""GUNPLAY"""
2026-10-05,soundcloud:tracks:a5506e55b2f3b8a65cce0a2754292000,2026-01-28 22:07:02 UTC,2026-01-28,2026-01-28 22:07:02 UTC,2026-01-28,public,"[""exclusive"",""voicenotes"",""walkingintrusivethought""]",,voice-notes-walking-intrusive-thoughts-on-all-the-way-up-2,"Voice Notes: Walking Intrusive Thoughts on ""ALL THE WAY UP"""
2026-10-05,soundcloud:tracks:85230ea29e9fbf95e9adffc3e3046a4d,2026-01-26 18:28:14 UTC,2026-01-26,2026-01-26 18:28:14 UTC,2026-01-26,public,"[""bushyb"",""exclusive"",""voicenotes""]",,voice-notes-bushy-b-on-scared-2,"Voice Notes : Bushy B on ""SCARED"""
2026-10-05,soundcloud:tracks:db8fe45f5419d7b5586ace0e1f07876a,2026-01-26 18:28:14 UTC,2026-01-26,2026-01-26 18:28:14 UTC,2026-01-26,public,"[""bushyb"",""exclusive"",""voicenotes""]",,voice-notes-bushy-b-on-hype-me-up-1,"Voice Notes : Bushy B on ""Hype Me Up"""
2026-10-05,soundcloud:tracks:7a5e600c9b5f66e429480bbfebdab1db,2026-01-26 18:28:14 UTC,2026-01-26,2026-01-26 18:28:14 UTC,2026-01-26,public,"[""bushyb"",""exclusive"",""voicenotes""]",,voice-notes-bushy-b-on-back-on-my-feet-4,"Voice Notes : Bushy B on ""Back On My Feet"""
2026-10-05,soundcloud:tracks:13fe7ddfacdfd0f93e2591bcb9f82247,2026-01-26 18:28:14 UTC,2026-01-26,2026-01-26 18:28:14 UTC,2026-01-26,public,"[""bushyb"",""exclusive"",""voicenotes""]",,voice-notes-bushy-b-on-meet-me-in-305-3,"Voice Notes : Bushy B on ""Meet Me In 305"""
2026-10-05,soundcloud:tracks:701fcbab110ea80293a272a7e1e1bd3e,2026-01-23 19:52:18 UTC,2026-01-23,2026-01-23 19:52:18 UTC,2026-01-23,public,"[""exclusive"",""samsilver"",""voicenotes""]",Dance & EDM,voice-notes-sam-silver-on-supposed-to-love-1,"Voice Notes: Sam Silver on ""Supposed to Love"""
2026-10-05,soundcloud:tracks:f54d87de1134a07aaac31a939c664229,2026-01-23 19:52:18 UTC,2026-01-23,2026-01-23 19:52:18 UTC,2026-01-23,public,"[""exclusive"",""samsilver"",""voicenotes""]",Dance & EDM,voice-notes-sam-silver-on-nightlife-3,"Voice Notes: Sam Silver on ""Nightlife"""
2026-10-05,soundcloud:tracks:19b6c23b1b480d897b50986e97426592,2026-01-23 19:52:18 UTC,2026-01-23,2026-01-23 19:52:18 UTC,2026-01-23,public,"[""exclusive"",""samsilver"",""voicenotes""]",Dance & EDM,voice-notes-sam-silver-on-a-little-after-sunset-2,"Voice Notes: Sam Silver on ""Little After Sunset"""
2026-10-05,soundcloud:tracks:029300049b1f1db98409e5be037c1259,2026-01-16 15:45:28 UTC,2026-01-16,2026-01-16 15:45:28 UTC,2026-01-16,public,"[""exclusive"",""leroysanchez"",""voicenotes""]",,voice-notes-leroy-sanchez-on-sorry-for-the-chaos-1,"Voice Notes: Leroy Sanchez on ""Sorry For The Chaos"""
2026-10-05,soundcloud:tracks:10ffcb8ddab357f2274ae650010d5170,2026-01-16 15:45:28 UTC,2026-01-16,2026-01-16 15:45:28 UTC,2026-01-16,public,"[""exclusive"",""leroysanchez"",""voicenotes""]",,voice-notes-leroy-sanchez-on-nuclear-2,"Voice Notes: Leroy Sanchez on ""Nuclear"""
2026-10-05,soundcloud:tracks:cabee5d6649c22748ca5072da3e6afdb,2026-01-16 15:45:28 UTC,2026-01-16,2026-01-16 15:45:28 UTC,2026-01-16,public,"[""exclusive"",""leroysanchez"",""voicenotes""]",,voice-notes-leroy-sanchez-on-boots-3,"Voice Notes: Leroy Sanchez on ""Boots"""
2026-10-05,soundcloud:tracks:653c7f35632c97d73f0ab90653ef5a44,2026-01-12 17:10:47 UTC,2026-01-12,2026-01-12 17:10:47 UTC,2026-01-12,public,"[""exclusive"",""thecriticals"",""voicenotes""]",,efe5fffe-1dc7-4fba-8cf3-e0a48f76fdf6,"Voice Notes: The Criticals on  ""Here Comes My Doll"""
2026-10-05,soundcloud:tracks:4d3d911bcc7e8b58d97ca2c6173a0b35,2026-01-12 17:10:47 UTC,2026-01-12,2026-01-12 17:10:47 UTC,2026-01-12,public,"[""exclusive"",""thecriticals"",""voicenotes""]",,voice-notes-the-criticals-on-keep-me-high-3,"Voice Notes: The Criticals on  ""Keep Me High"""
2026-10-05,soundcloud:tracks:9f20d5894c41b9ef45da577342f3b512,2026-01-12 17:10:47 UTC,2026-01-12,2026-01-12 17:10:47 UTC,2026-01-12,public,"[""exclusive"",""thecriticals"",""voicenotes""]",,voice-notes-the-criticals-on-reba-4,"Voice Notes: The Criticals on  ""Reba"""
2026-10-05,soundcloud:tracks:01a9a67db5b94988c7da82d1682f7c5b,2025-12-19 17:18:18 UTC,2025-12-19,2025-12-19 17:18:18 UTC,2025-12-19,public,"[""exclusive"",""marcoplus"",""voicenotes""]",,voice-notes-marco-plus-on-black-truck-2,"Voice Notes: MARCO PLUS on ""black truck"""
2026-10-05,soundcloud:tracks:01a0acad3548d2c149b8f046913755a6,2025-12-19 17:18:18 UTC,2025-12-19,2025-12-19 17:18:18 UTC,2025-12-19,public,"[""exclusive"",""marcoplus"",""voicenotes""]",,voice-notes-marco-plus-on-jamal-crawford-3,"Voice Notes: MARCO PLUS on ""jamal crawford"""
2026-10-05,soundcloud:tracks:22a16ce2affc05288f26fb2d1d2ea5c4,2025-12-19 17:18:18 UTC,2025-12-19,2025-12-19 17:18:18 UTC,2025-12-19,public,"[""exclusive"",""marcoplus"",""voicenotes""]",,voice-notes-marco-plus-on-stones-4,"Voice Notes: MARCO PLUS on ""Stones"""
2026-10-05,soundcloud:tracks:3327dcc722ed46c07eed2cc879dc0389,2025-12-19 17:18:18 UTC,2025-12-19,2025-12-19 17:18:18 UTC,2025-12-19,public,"[""exclusive"",""marcoplus"",""voicenotes""]",,voice-notes-marco-plus-on-airmail-1,"Voice Notes: MARCO PLUS on ""AIRMAIL!"""
2026-10-05,soundcloud:tracks:409a32d4a7630ceef14eeb050fbfb1d2,2025-12-19 16:20:59 UTC,2025-12-19,2025-12-19 16:20:59 UTC,2025-12-19,public,"[""exclusive"",""fattmack"",""voicenotes""]",,voice-notes-fattmack-on-mckenzie-3,"Voice Notes: FattMack  on ""McKenzie"""
2026-10-05,soundcloud:tracks:909a432a7ae7e5deec31d660a20a9e15,2025-12-19 16:20:59 UTC,2025-12-19,2025-12-19 16:20:59 UTC,2025-12-19,public,"[""exclusive"",""fattmack"",""voicenotes""]",,voice-notes-fattmack-on-5-minutes-1,"Voice Notes: FattMack  on ""5 Minutes"""
2026-10-05,soundcloud:tracks:84650306ec8a3af818ee79b4b1623334,2025-12-19 16:20:59 UTC,2025-12-19,2025-12-19 16:20:59 UTC,2025-12-19,public,"[""exclusive"",""fattmack"",""voicenotes""]",,voice-notes-fattmack-on-ll-smaky-2,"Voice Notes: FattMack  on ""LL Smaky"""
2026-10-05,soundcloud:tracks:751bbc7564e65510e57cefcbb757a827,2025-12-17 16:18:03 UTC,2025-12-17,2025-12-17 16:18:03 UTC,2025-12-17,public,"[""exclusive"",""planetgiza"",""voicenotes""]",,voice-notes-planet-giza-on-the-fall-3,"Voice Notes: Planet Giza on ""THE FALL"""
2026-10-05,soundcloud:tracks:699d7631bec7bc3688af389e51df42da,2025-12-17 16:18:03 UTC,2025-12-17,2025-12-17 16:18:03 UTC,2025-12-17,public,"[""exclusive"",""planetgiza"",""voicenotes""]",,voice-notes-planet-giza-on-lonely-1,"Voice Notes: Planet Giza on ""LONELY"""
2026-10-05,soundcloud:tracks:086004bb145b37e2e7f0cab70a417e92,2025-12-17 16:18:03 UTC,2025-12-17,2025-12-17 16:18:03 UTC,2025-12-17,public,"[""exclusive"",""planetgiza"",""voicenotes""]",,voice-notes-planet-giza-on-minding-my-business-2,"Voice Notes: Planet Giza on ""MINDING MY BUSINESS"""
2026-10-05,soundcloud:tracks:5a3ff2b25e3be637a6789a2dcb3e3249,2025-12-15 18:38:02 UTC,2025-12-15,2025-12-15 18:38:02 UTC,2025-12-15,public,"[""exclusive"",""majorlazer"",""voicenotes""]",,voice-notes-major-lazer-on-goat-3,"Voice Notes: Major Lazer on ""GOAT"""
2026-10-05,soundcloud:tracks:20f420dc8057b32fd49ba3578277ce8a,2025-12-15 18:38:02 UTC,2025-12-15,2025-12-15 18:38:02 UTC,2025-12-15,public,"[""exclusive"",""majorlazer"",""voicenotes""]",,voice-notes-major-lazer-on-bruk-down-1,"Voice Notes: Major Lazer on ""BRUK DOWN"""
2026-10-05,soundcloud:tracks:22973d49ff65dbaa5f351fe3ff6c2759,2025-12-15 18:38:02 UTC,2025-12-15,2025-12-15 18:38:02 UTC,2025-12-15,public,"[""exclusive"",""majorlazer"",""voicenotes""]",,voice-notes-major-lazer-on-gangsta-2,"Voice Notes: Major Lazer on ""GANGSTA"""
2026-10-05,soundcloud:tracks:8efd3d3b75e6c723b70d41860dd87b1b,2025-12-15 18:38:02 UTC,2025-12-15,2025-12-15 18:38:02 UTC,2025-12-15,public,"[""exclusive"",""majorlazer"",""voicenotes""]",,voice-notes-major-lazer-on-peppa-pot-4,"Voice Notes: Major Lazer on ""PEPPA POT"""
2026-10-05,soundcloud:tracks:33af00dd5286241a6e1d0156621b809d,2025-12-12 15:09:17 UTC,2025-12-12,2025-12-12 15:09:17 UTC,2025-12-12,public,"[""exclusive"",""galimatias"",""voicenotes""]",,voice-notes-galimatias-on-amber-4,"Voice Notes: Galimatias on ""Amber"""
2026-10-05,soundcloud:tracks:b8e6e0ce87cb9057ec54083de5564f0a,2025-12-12 15:09:17 UTC,2025-12-12,2025-12-12 15:09:17 UTC,2025-12-12,public,"[""exclusive"",""galimatias"",""voicenotes""]",,voice-notes-galimatias-on-just-one-time-1,"Voice Notes: Galimatias on ""Just One Time"""
2026-10-05,soundcloud:tracks:cb98101ebc401cbfd2c07ce2c6674652,2025-12-12 15:09:17 UTC,2025-12-12,2025-12-12 15:09:17 UTC,2025-12-12,public,"[""exclusive"",""galimatias"",""voicenotes""]",,voice-notes-galimatias-on-responsible-3,"Voice Notes: Galimatias on ""Responsible"""
2026-10-05,soundcloud:tracks:98924628d6e3dd14ea9da2c79c71c072,2025-12-12 15:09:17 UTC,2025-12-12,2025-12-12 15:09:17 UTC,2025-12-12,public,"[""exclusive"",""galimatias"",""voicenotes""]",,voice-notes-galimatias-on-polyester-city-2,"Voice Notes: Galimatias on ""Polyester City"""
2026-10-05,soundcloud:tracks:653cde25200fe0aed6cb6905355cfe93,2025-12-11 14:43:31 UTC,2025-12-11,2025-12-11 14:43:31 UTC,2025-12-11,public,,,voice-notes-myles-lloyd-on-im-still-thinking,"Voice Notes: Myles Lloyd on ""I'm Still Thinking"""
2026-10-05,soundcloud:tracks:344f0be9b8b437367850b369b0f71146,2025-12-11 14:42:53 UTC,2025-12-11,2025-12-11 14:42:53 UTC,2025-12-11,public,,,voice-notes-myles-lloyd-on-what-do-you-want-from-me,"Voice Notes: Myles Lloyd on ""What Do You Want From Me"""
2026-10-05,soundcloud:tracks:6ff2ce20e6e1a488db5a89a7b0af4361,2025-12-11 14:42:04 UTC,2025-12-11,2025-12-11 14:42:04 UTC,2025-12-11,public,,,voice-notes-myles-lloyd-on-cold,"Voice Notes: Myles Lloyd on ""Cold"""
2026-10-05,soundcloud:tracks:ffc624ffaddf701f20d60c10b4a5ecbc,2025-12-11 14:41:34 UTC,2025-12-11,2025-12-11 14:41:34 UTC,2025-12-11,public,,,voice-notes-myles-lloyd-on-different,"Voice Notes: Myles Lloyd on ""Different"""
2026-10-05,soundcloud:tracks:c94982718d1a0a327227ceaf59f67651,2025-12-11 14:40:56 UTC,2025-12-11,2025-12-11 14:40:56 UTC,2025-12-11,public,,,voice-notes-myles-lloyd-on-scared,"Voice Notes: Myles Lloyd on ""Scared"""
2026-10-05,soundcloud:tracks:5c68bc1cef464233efa7a6a7c232e1a0,2025-12-08 23:06:03 UTC,2025-12-08,2025-12-08 23:06:03 UTC,2025-12-08,public,"[""exclusive"",""redveil"",""voicenotes""]",,voice-notes-redveil-on-pray-4-me-4,"Voice Notes: redveil on ""pray 4 me"""
2026-10-05,soundcloud:tracks:5a1ee883541a6382bc829115442ef22c,2025-12-08 23:06:03 UTC,2025-12-08,2025-12-08 23:06:03 UTC,2025-12-08,public,"[""exclusive"",""redveil"",""voicenotes""]",,voice-notes-redveil-on-brown-sugar-1,"Voice Notes: redveil on ""brown sugar"""
2026-10-05,soundcloud:tracks:e0123bc750a60aa53f6f9763c7947f80,2025-12-08 23:06:03 UTC,2025-12-08,2025-12-08 23:06:03 UTC,2025-12-08,public,"[""exclusive"",""redveil"",""voicenotes""]",,voice-notes-redveil-on-lone-star-3,"Voice Notes: redveil on ""lone star"""
2026-10-05,soundcloud:tracks:eab5278d9ee1cb6af8333f921fc2be4d,2025-12-08 23:06:03 UTC,2025-12-08,2025-12-08 23:06:03 UTC,2025-12-08,public,"[""exclusive"",""redveil"",""voicenotes""]",,voice-notes-redveil-on-buzzerbeater-black-christmas-5,"Voice Notes: redveil on ""buzzerbeater / black christmas"""
2026-10-05,soundcloud:tracks:713a23c160238d7bdcde034ad4c93b8f,2025-12-08 23:06:03 UTC,2025-12-08,2025-12-08 23:06:03 UTC,2025-12-08,public,"[""exclusive"",""redveil"",""voicenotes""]",,voice-notes-redveil-on-mini-me-2,"Voice Notes: redveil on ""mini me"""
2026-10-05,soundcloud:tracks:dcfaf3e63a41a4a73a9a01e7ee13a70a,2025-12-08 22:01:20 UTC,2025-12-08,2025-12-08 22:01:20 UTC,2025-12-08,public,"[""dxrknova"",""exclusive"",""voicenotes""]",,voice-notes-dxrknova-on-go-far-2,"Voice Notes: DXRKNOVA on ""go far"""
2026-10-05,soundcloud:tracks:ffd918ca09673bd5599249ad408bd3aa,2025-12-08 22:01:20 UTC,2025-12-08,2025-12-08 22:01:20 UTC,2025-12-08,public,"[""dxrknova"",""exclusive"",""voicenotes""]",,voice-notes-dxrknova-on-rundown-4,"Voice Notes: DXRKNOVA on ""rundown"""
2026-10-05,soundcloud:tracks:649bad6f3cd85ea9f9f6a1be0800405d,2025-12-08 22:01:20 UTC,2025-12-08,2025-12-08 22:01:20 UTC,2025-12-08,public,"[""dxrknova"",""exclusive"",""voicenotes""]",,voice-notes-dxrknova-on-bobby-valentino-1,"Voice Notes: DXRKNOVA on ""bobby valentino"""
2026-10-05,soundcloud:tracks:4085b1c0d2d6b2d7111348e2d3ddafac,2025-12-08 22:01:20 UTC,2025-12-08,2025-12-08 22:01:20 UTC,2025-12-08,public,"[""dxrknova"",""exclusive"",""voicenotes""]",,voice-notes-dxrknova-on-missed-calls-6-interlude-5,"Voice Notes: DXRKNOVA on ""missed calls (6) interlude"""
2026-10-05,soundcloud:tracks:d6073c9e9f6cd9a5370ab3afa68adb2d,2025-12-08 22:01:20 UTC,2025-12-08,2025-12-08 22:01:20 UTC,2025-12-08,public,"[""dxrknova"",""exclusive"",""voicenotes""]",,voice-notes-dxrknova-on-mission-3,"Voice Notes: DXRKNOVA on ""mission"""
2026-10-05,soundcloud:tracks:d69cc67430794f0f16d6af7147df4b8b,2025-12-05 21:27:07 UTC,2025-12-05,2025-12-05 21:27:07 UTC,2025-12-05,public,"[""ambient"",""exclusive"",""subtronics"",""vocienotes""]",,voice-notes-subtronics-on-infinity,"Voice Notes: Subtronics on ""Infinity"""
2026-10-05,soundcloud:tracks:d8e23c7392b38a329c37edd69060c069,2025-12-05 21:26:27 UTC,2025-12-05,2025-12-05 21:26:27 UTC,2025-12-05,public,"[""exclusive"",""subtronics"",""voicenotes""]",,voice-notes-subtronics-on-contour,"Voice Notes: Subtronics on ""Contour"""
2026-10-05,soundcloud:tracks:4b89c1505e22c3fd345ec006afd892b7,2025-12-05 21:25:25 UTC,2025-12-05,2025-12-05 21:25:25 UTC,2025-12-05,public,"[""exclusive"",""subtronics"",""voicenotes""]",,voice-notes-subtronics-on-anxious,"Voice Notes: Subtronics on ""Anxious"""
2026-10-05,soundcloud:tracks:12af350a87fb4d95c1c1988a13638fe9,2025-12-05 16:20:44 UTC,2025-12-05,2025-12-05 16:20:44 UTC,2025-12-05,public,"[""exclusive"",""subfocus"",""voicenotes""]",Drum & Bass,voice-notes-sub-focus-on-lost-in-heaven-4,"Voice Notes: Sub Focus on ""Lost In Heaven"""
2026-10-05,soundcloud:tracks:99bdb5bfd3096a59738a54ff50e3b977,2025-12-05 16:20:44 UTC,2025-12-05,2025-12-05 16:20:44 UTC,2025-12-05,public,"[""exclusive"",""subfocus"",""voicenotes""]",Drum & Bass,voice-notes-sub-focus-on-entwined-3,"Voice Notes: Sub Focus on ""Entwined"""
2026-10-05,soundcloud:tracks:d84b58b26c8fd20914badaf315898494,2025-12-05 16:20:44 UTC,2025-12-05,2025-12-05 16:20:44 UTC,2025-12-05,public,"[""exclusive"",""subfocus"",""voicenotes""]",Drum & Bass,voice-notes-sub-focus-on-go-back-2,"Voice Notes: Sub Focus on ""Go Back"""
2026-10-05,soundcloud:tracks:f4355bdb90c85f2532cbe3ec951ee774,2025-12-05 16:20:44 UTC,2025-12-05,2025-12-05 16:20:44 UTC,2025-12-05,public,"[""exclusive"",""subfocus"",""voicenotes""]",Drum & Bass,voice-notes-sub-focus-on-let-your-body-rock-5,"Voice Notes: Sub Focus on ""Let Your Body Rock"""
2026-10-05,soundcloud:tracks:ba6d7e1f4d72afcb438ee44143c3ec96,2025-12-05 16:20:44 UTC,2025-12-05,2025-12-05 16:20:44 UTC,2025-12-05,public,"[""exclusive"",""subfocus"",""voicenotes""]",Drum & Bass,voice-notes-sub-focus-on-on-on-6,"Voice Notes: Sub Focus on ""On & On"""
2026-10-05,soundcloud:tracks:363121ad9cf9f54e5fdd35cf26f390e0,2025-12-05 16:20:44 UTC,2025-12-05,2025-12-05 16:20:44 UTC,2025-12-05,public,"[""exclusive"",""subfocus"",""voicenotes""]",Drum & Bass,voice-notes-sub-focus-on-ecuador-1,"Voice Notes: Sub Focus on ""Ecuador"""
2026-10-05,soundcloud:tracks:8bc37be33e225059aa62daa83b60cff5,2025-12-03 16:44:19 UTC,2025-12-03,2025-12-03 16:44:19 UTC,2025-12-03,public,"[""exclusive"",""sophiagalaté"",""voicenotes""]",,voice-notes-sophia-galate-on-just-for-a-moment-3,"Voice Notes: Sophia Galaté on ""Just For A Moment"""
2026-10-05,soundcloud:tracks:8813986c214f83228407943d7ef198c3,2025-12-03 16:44:19 UTC,2025-12-03,2025-12-03 16:44:19 UTC,2025-12-03,public,"[""exclusive"",""sophiagalaté"",""voicenotes""]",,voice-notes-sophia-galate-on-should-i-tell-you-5,"Voice Notes: Sophia Galaté on ""Should I Tell You"""
2026-10-05,soundcloud:tracks:b268ebf43b1b98e3f96a9530abf71406,2025-12-03 16:44:19 UTC,2025-12-03,2025-12-03 16:44:19 UTC,2025-12-03,public,"[""exclusive"",""sophiagalaté"",""voicenotes""]",,voice-notes-sophia-galate-on-room-in-my-world-4,"Voice Notes: Sophia Galaté on ""Room In My World"""
2026-10-05,soundcloud:tracks:a77288cd13bf8460f4f739a420552370,2025-12-03 16:44:19 UTC,2025-12-03,2025-12-03 16:44:19 UTC,2025-12-03,public,"[""exclusive"",""sophiagalaté"",""voicenotes""]",,voice-notes-sophia-galate-on-for-my-own-entertainment-1,"Voice Notes: Sophia Galaté on ""For My Own Entertainment"""
2026-10-05,soundcloud:tracks:79a41d1da1fd3dc5c7d268acb67211d4,2025-12-03 16:44:19 UTC,2025-12-03,2025-12-03 16:44:19 UTC,2025-12-03,public,"[""exclusive"",""sophiagalaté"",""voicenotes""]",,voice-notes-sophia-galate-on-jet-ski-driver-2,"Voice Notes: Sophia Galaté on ""Jet Ski Driver"""
2026-10-05,soundcloud:tracks:4898540e0c33d95e7292b4046d45781a,2025-12-01 20:45:49 UTC,2025-12-01,2025-12-01 20:48:13 UTC,2025-12-01,public,"[""exclusive"",""violentvira"",""voicenotes""]",,voice-notes-violent-vira-on-i-dont-care-1,"Voice Notes: Violent Vira on  ""I Don't Care"""
2026-10-05,soundcloud:tracks:32a6a1196ac64ec164f100230800094a,2025-12-01 20:45:49 UTC,2025-12-01,2025-12-01 20:48:07 UTC,2025-12-01,public,"[""exclusive"",""violentvira"",""voicenotes""]",,voice-notes-violent-vira-on-common-decency-2,"Voice Notes: Violent Vira on  ""Common Decency """
2026-10-05,soundcloud:tracks:ed8c236dab2824ee2396ec146c49097c,2025-12-01 20:45:49 UTC,2025-12-01,2025-12-01 20:48:20 UTC,2025-12-01,public,"[""exclusive"",""violentvira"",""voicenotes""]",,voice-notes-violent-vira-on-little-crush-3,"Voice Notes: Violent Vira on  ""Lil Crush"""
2026-10-05,soundcloud:tracks:11512eff5bc72850b5a41acd0281f218,2025-12-01 20:45:49 UTC,2025-12-01,2025-12-01 20:48:32 UTC,2025-12-01,public,"[""exclusive"",""violentvira"",""voicenotes""]",,voice-notes-violent-vira-on-saccharine-5,"Voice Notes: Violent Vira on  ""saccharine"""
2026-10-05,soundcloud:tracks:293151483a6732ea8d445ccf507f3a38,2025-12-01 20:45:49 UTC,2025-12-01,2025-12-01 20:48:27 UTC,2025-12-01,public,"[""exclusive"",""violentvira"",""voicenotes""]",,voice-notes-violent-vira-on-chasing-ghosts-4,"Voice Notes: Violent Vira on  ""Chasing Ghosts"""
2026-10-05,soundcloud:tracks:e6c996cf4aeffe30ee99f2bc8a36d9cf,2025-11-24 21:10:36 UTC,2025-11-24,2025-11-24 21:10:36 UTC,2025-11-24,public,"[""exclusive"",""trevorjackson"",""voicenotes""]",,voice-notes-trevor-jackson-on-strong-enough-5,"Voice Notes: Trevor Jackson on ""Strong Enough"""
2026-10-05,soundcloud:tracks:da898f7e52edf67750d48dfbe437ba72,2025-11-24 21:10:36 UTC,2025-11-24,2025-11-24 21:10:36 UTC,2025-11-24,public,"[""exclusive"",""trevorjackson"",""voicenotes""]",,voice-notes-trevor-jackson-on-one-foot-in-4,"Voice Notes: Trevor Jackson on ""One Foot In"""
2026-10-05,soundcloud:tracks:af6cdc875dcf48f0003a4971c17a61b2,2025-11-24 21:10:36 UTC,2025-11-24,2025-11-24 21:10:36 UTC,2025-11-24,public,"[""exclusive"",""trevorjackson"",""voicenotes""]",,voice-notes-trevor-jackson-on-collection-2,"Voice Notes: Trevor Jackson on ""Collection"""
2026-10-05,soundcloud:tracks:9a9df37fa4fa037de4fada2f12a54d7f,2025-11-24 21:10:36 UTC,2025-11-24,2025-11-24 21:10:36 UTC,2025-11-24,public,"[""exclusive"",""trevorjackson"",""voicenotes""]",,voice-notes-trevor-jackson-on-bleed-next-to-a-shark-1,"Voice Notes: Trevor Jackson on ""Bleed Next To a Shark"""
2026-10-05,soundcloud:tracks:155c5e7e92a7499d1be0ff7f46ccdb0b,2025-11-24 21:10:36 UTC,2025-11-24,2025-11-24 21:10:36 UTC,2025-11-24,public,"[""exclusive"",""trevorjackson"",""voicenotes""]",,voice-notes-trevor-jackson-on-man-of-steel-3,"Voice Notes: Trevor Jackson on ""Man of Steel"""
2026-10-05,soundcloud:tracks:7bf29ace4afcd733c146a5598ce64f88,2025-11-24 20:51:49 UTC,2025-11-24,2025-11-24 20:51:49 UTC,2025-11-24,public,"[""exclusive"",""suubi"",""voicenotes""]",,voice-notes-suubi-on-growth-2,"Voice Notes: Suubi on ""Growth"""
2026-10-05,soundcloud:tracks:b9f6dbc077ddbb540b1f382485e1b9a4,2025-11-24 20:51:49 UTC,2025-11-24,2025-11-24 20:51:49 UTC,2025-11-24,public,"[""exclusive"",""suubi"",""voicenotes""]",,voice-notes-suubi-on-incognizant-3,"Voice Notes: Suubi on ""Incognizant"""
2026-10-05,soundcloud:tracks:c7c175a118e162aac3daa96bacfdaf09,2025-11-24 20:51:49 UTC,2025-11-24,2025-11-24 20:51:49 UTC,2025-11-24,public,"[""exclusive"",""suubi"",""voicenotes""]",,voice-notes-suubi-on-changes-1,"Voice Notes: Suubi on ""Changes"""
2026-10-05,soundcloud:tracks:1a3b36cec82052ccbcd285123cbb0e3d,2025-11-21 19:42:39 UTC,2025-11-21,2025-11-21 19:42:39 UTC,2025-11-21,public,"[""exclusive"",""twofriends"",""voicenotes""]",,voice-notes-two-friends-on-waiting-4-u-3,"Voice Notes: Two Friends on ""Waiting 4 U"""
2026-10-05,soundcloud:tracks:91b37a09cece214f4c24d262f0f3f0c0,2025-11-21 19:42:39 UTC,2025-11-21,2025-11-21 19:42:39 UTC,2025-11-21,public,"[""exclusive"",""twofriends"",""voicenotes""]",,voice-notes-two-friends-on-trouble-2,"Voice Notes: Two Friends on ""Trouble"""
2026-10-05,soundcloud:tracks:10e1e4e5dfd5b3046c725ff2d67365a4,2025-11-21 19:42:39 UTC,2025-11-21,2025-11-21 19:42:39 UTC,2025-11-21,public,"[""exclusive"",""twofriends"",""voicenotes""]",,voice-notes-two-friends-on-no-one-else-1,"Voice Notes: Two Friends on ""No One Else"""
2026-10-05,soundcloud:tracks:c25932e4ab26896133d87d5a60bfdee9,2025-11-21 19:42:39 UTC,2025-11-21,2025-11-21 19:42:39 UTC,2025-11-21,public,"[""exclusive"",""twofriends"",""voicenotes""]",,voice-notes-two-friends-on-way-it-was-4,"Voice Notes: Two Friends on ""Way It Was"""
2026-10-05,soundcloud:tracks:bccc89ea15d81870fd7cdd033013b9ab,2025-11-19 17:24:21 UTC,2025-11-19,2025-11-19 17:24:21 UTC,2025-11-19,public,"[""exclusive"",""skybreak"",""voicenotes""]",Dubstep,voice-notes-skybreak-on-like-this-1,"Voice Notes: Skybreak on ""LIKE THIS"""
2026-10-05,soundcloud:tracks:c99b1a26de4f738e6b331c31ce5b5a4e,2025-11-19 17:24:21 UTC,2025-11-19,2025-11-19 17:24:21 UTC,2025-11-19,public,"[""exclusive"",""skybreak"",""voicenotes""]",Dubstep,voice-notes-skybreak-on-star-cannon-3,"Voice Notes: Skybreak on ""STAR CANNON"""
2026-10-05,soundcloud:tracks:aa2495a5375202bca8a424840fac6eb9,2025-11-19 17:24:21 UTC,2025-11-19,2025-11-19 17:24:21 UTC,2025-11-19,public,"[""exclusive"",""skybreak"",""voicenotes""]",Dubstep,voice-notes-skybreak-on-antimatter-2,"Voice Notes: Skybreak on ""ANTIMATTER"""
2026-10-05,soundcloud:tracks:137328b4154f625dec27dd8539641acf,2025-11-19 17:24:21 UTC,2025-11-19,2025-11-19 17:24:21 UTC,2025-11-19,public,"[""exclusive"",""skybreak"",""voicenotes""]",Dubstep,voice-notes-skybreak-on-street-garden-4,"Voice Notes: Skybreak on ""STREET GARDEN"""
2026-10-05,soundcloud:tracks:30e13f80f59dd6e882b9c57139b3330e,2025-11-17 21:14:01 UTC,2025-11-17,2025-11-17 21:14:01 UTC,2025-11-17,public,"[""exclusive"",""shima"",""voicenotes""]",,voice-notes-shima-on-karma-1,"Voice Notes: SHIMA on ""KARMA"""
2026-10-05,soundcloud:tracks:61f043d826d034ea6789cea4b7adbcc5,2025-11-17 21:14:01 UTC,2025-11-17,2025-11-17 21:14:01 UTC,2025-11-17,public,"[""exclusive"",""shima"",""voicenotes""]",,voice-notes-shima-on-maitake-2,"Voice Notes: SHIMA on ""MAITAKE"""
2026-10-05,soundcloud:tracks:5fe97e8c3a5ac369d8aa375d96fd6cd4,2025-11-17 21:14:01 UTC,2025-11-17,2025-11-17 21:14:01 UTC,2025-11-17,public,"[""exclusive"",""shima"",""voicenotes""]",,voice-notes-shima-on-1807-3,"Voice Notes: SHIMA on ""1807"""
2026-10-05,soundcloud:tracks:ce31d1642561de97c0ba0882d12cde2f,2025-11-17 21:14:01 UTC,2025-11-17,2025-11-17 21:14:01 UTC,2025-11-17,public,"[""exclusive"",""shima"",""voicenotes""]",,voice-notes-shima-on-sunset-4,"Voice Notes: SHIMA on ""SUNSET"""
2026-10-05,soundcloud:tracks:6d6964493bfd591eb039aee1ebf2cd23,2025-11-17 19:57:17 UTC,2025-11-17,2025-11-17 19:57:17 UTC,2025-11-17,public,"[""exclusive"",""lauramarano"",""voicenotes""]",,voice-notes-laura-marano-on-you-baggage-2,"Voice Notes: Laura Marano on ""YOU (Baggage)"""
2026-10-05,soundcloud:tracks:6f50986e50c1a3ff962b4b07d67582a8,2025-11-17 19:57:17 UTC,2025-11-17,2025-11-17 19:57:17 UTC,2025-11-17,public,"[""exclusive"",""lauramarano"",""voicenotes""]",,voice-notes-laura-marano-on-cant-hold-on-forever-4,"Voice Notes: Laura Marano on ""Can't Hold On Forever"""
2026-10-05,soundcloud:tracks:e4bf1a9a5c01cedab06b4eda79067861,2025-11-17 19:57:17 UTC,2025-11-17,2025-11-17 19:57:17 UTC,2025-11-17,public,"[""exclusive"",""lauramarano"",""voicenotes""]",,voice-notes-laura-marano-on-something-to-believe-in-5,"Voice Notes: Laura Marano on ""Something to Believe In"""
2026-10-05,soundcloud:tracks:05b7a010a74d8666b50c01957aec8261,2025-11-17 19:57:17 UTC,2025-11-17,2025-11-17 19:57:17 UTC,2025-11-17,public,"[""exclusive"",""lauramarano"",""voicenotes""]",,voice-notes-laura-marano-on-when-you-wake-up-1,"Voice Notes: Laura Marano on ""When You Wake Up"""
2026-10-05,soundcloud:tracks:8731b6cb8a12698a062251ccb545838f,2025-11-17 19:57:17 UTC,2025-11-17,2025-11-17 19:57:17 UTC,2025-11-17,public,"[""exclusive"",""lauramarano"",""voicenotes""]",,voice-notes-laura-marano-on-run-3,"Voice Notes: Laura Marano on ""Run"""
2026-10-05,soundcloud:tracks:50b5e0c14ef1302ea8116c12d21af3a6,2025-11-10 16:37:20 UTC,2025-11-10,2025-11-10 16:37:20 UTC,2025-11-10,public,"[""exclusive"",""midlake"",""voicenotes""]",,voice-notes-midlake-on-a-bridge-to-far-6,"Voice Notes: Midlake on ""A Bridge To Far"""
2026-10-05,soundcloud:tracks:10d3f7f8bd648bf7082b4b5f7a932142,2025-11-10 16:37:20 UTC,2025-11-10,2025-11-10 16:37:20 UTC,2025-11-10,public,"[""exclusive"",""midlake"",""voicenotes""]",,voice-notes-midlake-on-guardians-5,"Voice Notes: Midlake on ""Guardians"""
2026-10-05,soundcloud:tracks:4465b6b2d539c2ef017b2f0cda157dc7,2025-11-10 16:37:20 UTC,2025-11-10,2025-11-10 16:37:20 UTC,2025-11-10,public,"[""exclusive"",""midlake"",""voicenotes""]",,voice-notes-midlake-on-the-ghouls-1,"Voice Notes: Midlake on ""The Ghouls"""
2026-10-05,soundcloud:tracks:39876ad1da67d9a8fdb61e82354f7e84,2025-11-10 16:37:20 UTC,2025-11-10,2025-11-10 16:37:20 UTC,2025-11-10,public,"[""exclusive"",""midlake"",""voicenotes""]",,voice-notes-midlake-on-the-calling-4,"Voice Notes: Midlake on ""The Calling"""
2026-10-05,soundcloud:tracks:283ee20a643741f296f9b9b36cc10296,2025-11-10 16:37:20 UTC,2025-11-10,2025-11-10 16:37:20 UTC,2025-11-10,public,"[""exclusive"",""midlake"",""voicenotes""]",,voice-notes-midlake-on-days-gone-by-3,"Voice Notes: Midlake on ""Days Gone By"""
2026-10-05,soundcloud:tracks:1e9299b963319d488f36e3fa39b65b39,2025-11-10 16:37:20 UTC,2025-11-10,2025-11-10 16:37:20 UTC,2025-11-10,public,"[""exclusive"",""midlake"",""voicenotes""]",,voice-notes-midlake-on-eyes-full-of-animal-2,"Voice Notes: Midlake on ""Eyes Full Of Animal"""
2026-10-05,soundcloud:tracks:2afcc5b9b4471c90ce6994d82f4a7d74,2025-11-10 15:47:00 UTC,2025-11-10,2025-11-10 15:47:00 UTC,2025-11-10,public,"[""exclusive"",""heladonegro"",""voicenotes""]",,voice-notes-helado-negro-on-protector-2,"Voice Notes: Helado Negro on ""Protector"""
2026-10-05,soundcloud:tracks:235c844dd786ee2353f3202417415b66,2025-11-10 15:47:00 UTC,2025-11-10,2025-11-10 15:47:00 UTC,2025-11-10,public,"[""exclusive"",""heladonegro"",""voicenotes""]",,voice-notes-helado-negro-on-sender-receiver-3,"Voice Notes: Helado Negro on ""Sender Receiver"""
2026-10-05,soundcloud:tracks:7ea3935e241ff0c75858b4f227f6458f,2025-11-10 15:47:00 UTC,2025-11-10,2025-11-10 15:47:00 UTC,2025-11-10,public,"[""exclusive"",""heladonegro"",""voicenotes""]",,voice-notes-helado-negro-on-more-1,"Voice Notes: Helado Negro on ""More"""
2026-10-05,soundcloud:tracks:379961566c5468236cee531aa7e330c8,2025-11-10 15:19:11 UTC,2025-11-10,2025-11-12 15:06:00 UTC,2025-11-12,public,"[""exclusive"",""luukhanyo"",""voicenotes""]",,voice-notes-luukhanyo-on-high-roller-2,"Voice Notes: LUUKHANYO on ""Hii ROLLER"""
2026-10-05,soundcloud:tracks:a893e1de34ad36f38826321b1d511016,2025-11-10 15:19:11 UTC,2025-11-10,2025-11-12 15:06:39 UTC,2025-11-12,public,"[""exclusive"",""luukhanyo"",""voicenotes""]",,voice-notes-luukhanyo-on-open-casket-4,"Voice Notes: LUUKHANYO on ""Open Casket"""
2026-10-05,soundcloud:tracks:741cb0f0da6e1c974878b74b7d095c12,2025-11-10 15:19:11 UTC,2025-11-10,2025-11-12 15:07:05 UTC,2025-11-12,public,"[""exclusive"",""luukhanyo"",""voicenotes""]",,voice-notes-luukhanyo-on-sweet-renegade-5,"Voice Notes: LUUKHANYO on ""Sweet Renegade"""
2026-10-05,soundcloud:tracks:66cdde5ad2a18947ffd14bc33763e45d,2025-11-10 15:19:11 UTC,2025-11-10,2025-11-12 15:06:21 UTC,2025-11-12,public,"[""exclusive"",""luukhanyo"",""voicenotes""]",,voice-notes-luukhanyo-on-midnight-wanderer-3,"Voice Notes: LUUKHANYO on ""The Midnight Wanderer"""
2026-10-05,soundcloud:tracks:b50033a6b3398aa28477781612493b01,2025-11-10 15:19:11 UTC,2025-11-10,2025-11-12 15:03:24 UTC,2025-11-12,public,"[""exclusive"",""luukhanyo"",""voicenotes""]",,voice-notes-luukhanyo-on-birth-of-dawn-1,"Voice Notes: LUUKHANYO on ""Birth Of Dawn"""
2026-10-05,soundcloud:tracks:501204351267ce5a5b7788d396cea12e,2025-11-10 15:19:11 UTC,2025-11-10,2025-11-12 15:07:18 UTC,2025-11-12,public,"[""exclusive"",""luukhanyo"",""voicenotes""]",,voice-notes-luukhanyo-venture-6,"Voice Notes: LUUKHANYO on ""Venture"""
2026-10-05,soundcloud:tracks:e877121e7cd77b1fabc4ea8bc8f5f8e0,2025-11-07 15:28:00 UTC,2025-11-07,2025-11-07 15:28:00 UTC,2025-11-07,public,"[""charlottedewitte"",""exclusive"",""voicenotes""]",,voice-notes-charlotte-de-witte-on-domine-5,"Voice Notes: Charlotte de Witte on ""Domine"""
2026-10-05,soundcloud:tracks:efbbeb4bc202935a8f6236bccf6cd493,2025-11-07 15:28:00 UTC,2025-11-07,2025-11-07 15:28:00 UTC,2025-11-07,public,"[""charlottedewitte"",""exclusive"",""voicenotes""]",,voice-notes-charlotte-de-witte-on-the-realm-3,"Voice Notes: Charlotte de Witte on ""The Realm"""
2026-10-05,soundcloud:tracks:4c39e5c370051c38684846be82dff58b,2025-11-07 15:28:00 UTC,2025-11-07,2025-11-07 15:28:00 UTC,2025-11-07,public,"[""charlottedewitte"",""exclusive"",""voicenotes""]",,voice-notes-charlotte-de-witte-on-the-heads-that-know-1,"Voice Notes: Charlotte de Witte on ""The Heads That Know"""
2026-10-05,soundcloud:tracks:4f47bfc857af35fc267ac36d7b17aff5,2025-11-07 15:28:00 UTC,2025-11-07,2025-11-07 15:28:00 UTC,2025-11-07,public,"[""charlottedewitte"",""exclusive"",""voicenotes""]",,voice-notes-charlotte-de-witte-on-after-the-fall-2,"Voice Notes: Charlotte de Witte on ""After The Fall"""
2026-10-05,soundcloud:tracks:37789cb3908524d63eb2e0b2cdf71c2a,2025-11-07 15:28:00 UTC,2025-11-07,2025-11-07 15:28:00 UTC,2025-11-07,public,"[""charlottedewitte"",""exclusive"",""voicenotes""]",,voice-notes-charlotte-de-witte-on-no-division-4,"Voice Notes: Charlotte de Witte on ""No Division"""
2026-10-05,soundcloud:tracks:434ad7b5e760162a5b25316bdfd780a3,2025-11-05 19:16:29 UTC,2025-11-05,2025-11-05 19:16:29 UTC,2025-11-05,public,"[""exclusive"",""nextdimensional"",""voicenotes""]",,voice-notes-nextdimensional-on-portal-2-2,"Voice Notes: nextdimensional on ""Portal 1"""
2026-10-05,soundcloud:tracks:4ea2afcb2c86a3fe053e03f949f3c3b7,2025-11-05 19:16:29 UTC,2025-11-05,2025-11-05 19:16:29 UTC,2025-11-05,public,"[""exclusive"",""nextdimensional"",""voicenotes""]",,voice-notes-nextdimensional-on-portal-1-1,"Voice Notes: nextdimensional on ""Portal 3"""
2026-10-05,soundcloud:tracks:27adb010072f8da8ec49e62ea7356ee1,2025-11-05 19:16:29 UTC,2025-11-05,2025-11-05 19:16:29 UTC,2025-11-05,public,"[""exclusive"",""nextdimensional"",""voicenotes""]",,voice-notes-nextdimensional-on-portal-3-3,"Voice Notes: nextdimensional on ""Portal 2"""
2026-10-05,soundcloud:tracks:46f6554e0ab3dc99d6e1f5bc33d1f782,2025-11-03 18:43:56 UTC,2025-11-03,2025-11-03 18:43:56 UTC,2025-11-03,public,"[""exclusive"",""sippy"",""voicenotes""]",,voice-notes-sippy-on-ashes-1,"Voice Notes: SIPPY on ""Ashes"""
2026-10-05,soundcloud:tracks:6176513af91e727620a0015c4570bb16,2025-11-03 18:43:56 UTC,2025-11-03,2025-11-03 18:43:56 UTC,2025-11-03,public,"[""exclusive"",""sippy"",""voicenotes""]",,voice-notes-sippy-on-wide-awake-4,"Voice Notes: SIPPY on ""Wide Awake"""
2026-10-05,soundcloud:tracks:d34d7be78a762f2c670b071f128d6cdf,2025-11-03 18:43:56 UTC,2025-11-03,2025-11-03 18:43:56 UTC,2025-11-03,public,"[""exclusive"",""sippy"",""voicenotes""]",,voice-notes-sippy-on-home-3,"Voice Notes: SIPPY on ""Home"""
2026-10-05,soundcloud:tracks:365d4235293b4229c034d1d6b3da9505,2025-11-03 18:43:56 UTC,2025-11-03,2025-11-03 18:43:56 UTC,2025-11-03,public,"[""exclusive"",""sippy"",""voicenotes""]",,voice-notes-sippy-on-like-im-high-2,"Voice Notes: SIPPY on ""Like I'm High"""
2026-10-05,soundcloud:tracks:b15a8302df2014da35c2e510d83f5e94,2025-10-31 18:06:41 UTC,2025-10-31,2025-10-31 18:06:41 UTC,2025-10-31,public,"[""exclusive"",""mikaylageier"",""voicenotes""]",,voice-notes-on-ego-of-a-man-5,"Voice Notes: on ""ego of a man"""
2026-10-05,soundcloud:tracks:3b858b8c4b4f1975d88f502c964778d0,2025-10-31 18:06:41 UTC,2025-10-31,2025-10-31 18:06:41 UTC,2025-10-31,public,"[""exclusive"",""mikaylageier"",""voicenotes""]",,voice-notes-on-piano-in-the-sky-1,"Voice Notes: on ""piano in the sky"""
2026-10-05,soundcloud:tracks:02321a749ceace29808eae4c5deaf640,2025-10-31 18:06:41 UTC,2025-10-31,2025-10-31 18:06:41 UTC,2025-10-31,public,"[""exclusive"",""mikaylageier"",""voicenotes""]",,voice-notes-on-i-dont-feel-safe-4,"Voice Notes: on ""i don't feel safe in my body"""
2026-10-05,soundcloud:tracks:de26113087c3d1050b72639e64d4769b,2025-10-31 18:06:41 UTC,2025-10-31,2025-10-31 18:06:41 UTC,2025-10-31,public,"[""exclusive"",""mikaylageier"",""voicenotes""]",,voice-notes-on-diva-2,"Voice Notes: on ""diva"""
2026-10-05,soundcloud:tracks:4199ba1d2c4f6582a4e7ae0f7111948c,2025-10-31 18:06:41 UTC,2025-10-31,2025-10-31 18:06:41 UTC,2025-10-31,public,"[""exclusive"",""mikaylageier"",""voicenotes""]",,voice-notes-on-dance-of-the-trees-6,"Voice Notes: on ""dance of the trees"""
2026-10-05,soundcloud:tracks:036eb319dcbe03681f98d0df2800e558,2025-10-31 18:06:41 UTC,2025-10-31,2025-10-31 18:06:41 UTC,2025-10-31,public,"[""exclusive"",""mikaylageier"",""voicenotes""]",,voice-notes-on-dirty-shirley-3,"Voice Notes: on ""dirty shirley"""
2026-10-05,soundcloud:tracks:f24ec59e56adfccb1b2474a573a779e4,2025-10-29 20:07:01 UTC,2025-10-29,2025-10-29 20:07:01 UTC,2025-10-29,public,"[""cautiousclay"",""exclusive"",""voicenotes""]",,voice-notes-cautious-clay-on-fade-blue-11pm-3,"Voice Notes: Cautious Clay on ""Fade Blue (11pm)"""
2026-10-05,soundcloud:tracks:7460d4384a88a895743ae1d7e8e7a694,2025-10-29 20:07:01 UTC,2025-10-29,2025-10-29 20:07:01 UTC,2025-10-29,public,"[""cautiousclay"",""exclusive"",""voicenotes""]",,voice-notes-cautious-clay-on-shoulders-9pm-1,"Voice Notes: Cautious Clay on ""Shoulders (9pm)"""
2026-10-05,soundcloud:tracks:2a07e4310bc8e8527a31b151678db248,2025-10-29 20:07:01 UTC,2025-10-29,2025-10-29 20:07:01 UTC,2025-10-29,public,"[""cautiousclay"",""exclusive"",""voicenotes""]",,voice-notes-cautious-clay-on-5th-floor-10pm-2,"Voice Notes: Cautious Clay on ""5th Floor (10pm)"""
2026-10-05,soundcloud:tracks:0745171ffcdc0f143cf68c75625d06f9,2025-10-29 20:07:01 UTC,2025-10-29,2025-10-29 20:07:01 UTC,2025-10-29,public,"[""cautiousclay"",""exclusive"",""voicenotes""]",,voice-notes-cautious-clay-on-art-museum-2am-4,"Voice Notes: Cautious Clay on ""Art Museum (2am)"""
2026-10-05,soundcloud:tracks:88a553c367b504ba6ef6be617904e3ce,2025-10-29 19:04:53 UTC,2025-10-29,2025-10-29 19:04:53 UTC,2025-10-29,public,"[""exclusive"",""voicenotes"",""weval""]",Dance & EDM,voice-notes-weval-on-moving-on-2,"Voice Notes: Weval on ""MOVING ON"""
2026-10-05,soundcloud:tracks:a12ae343961cefc3648aa483ab727d5b,2025-10-29 19:04:53 UTC,2025-10-29,2025-10-29 19:04:53 UTC,2025-10-29,public,"[""exclusive"",""voicenotes"",""weval""]",Dance & EDM,voice-notes-weval-on-free-4,"Voice Notes: Weval on ""FREE"""
2026-10-05,soundcloud:tracks:81262e4c1e1c2fe74b96150b315ee22b,2025-10-29 19:04:53 UTC,2025-10-29,2025-10-29 19:04:53 UTC,2025-10-29,public,"[""exclusive"",""voicenotes"",""weval""]",Dance & EDM,voice-notes-weval-on-dopamine-5,"Voice Notes: Weval on ""DOPAMINE"""
2026-10-05,soundcloud:tracks:4062fb0031d6ac7f017088e038d5a2e5,2025-10-29 19:04:53 UTC,2025-10-29,2025-10-29 19:04:53 UTC,2025-10-29,public,"[""exclusive"",""voicenotes"",""weval""]",Dance & EDM,voice-notes-weval-on-open-up-that-door-1,"Voice Notes: Weval on ""OPEN UP THAT DOOR"""
2026-10-05,soundcloud:tracks:1596a33b744eb6892c8ff742301a5c35,2025-10-29 19:04:53 UTC,2025-10-29,2025-10-29 19:04:53 UTC,2025-10-29,public,"[""exclusive"",""voicenotes"",""weval""]",Dance & EDM,voice-notes-weval-on-just-friends-3,"Voice Notes: Weval on ""JUST FRIENDS"""
2026-10-05,soundcloud:tracks:8212813fc052257e83cd41d0818cefa8,2025-10-29 19:04:53 UTC,2025-10-29,2025-10-29 19:04:53 UTC,2025-10-29,public,"[""exclusive"",""voicenotes"",""weval""]",Dance & EDM,voice-notes-weval-on-movement-6,"Voice Notes: Weval on ""MOVEMENT"""
2026-10-05,soundcloud:tracks:3f630e189fd4f3205420d689a5513a23,2025-10-27 19:06:03 UTC,2025-10-27,2025-10-27 19:06:03 UTC,2025-10-27,public,"[""9thwonder"",""exclusives"",""reubenvincent"",""voicenotes""]",,voice-notes-reuben-vincent-9th-wonder-on-dre-sidney-2,"Voice Notes: Reuben Vincent & 9th Wonder on ""DRE & SIDNEY"""
2026-10-05,soundcloud:tracks:bca3b327366aa5990f25d41b0fdd2f59,2025-10-27 19:06:03 UTC,2025-10-27,2025-10-27 19:06:03 UTC,2025-10-27,public,"[""9thwonder"",""exclusives"",""reubenvincent"",""voicenotes""]",,voice-notes-reuben-vincent-9th-wonder-on-gotta-get-it-3,"Voice Notes: Reuben Vincent & 9th Wonder on ""GOTTA GET IT"""
2026-10-05,soundcloud:tracks:633500b36d7f36abf106b31b8282a479,2025-10-27 19:06:03 UTC,2025-10-27,2025-10-27 19:06:03 UTC,2025-10-27,public,"[""9thwonder"",""exclusives"",""reubenvincent"",""voicenotes""]",,voice-notes-reuben-vincent-9th-wonder-on-get-it-girl-1,"Voice Notes: Reuben Vincent & 9th Wonder on ""GET IT GIRL"""
2026-10-05,soundcloud:tracks:d57cc8285308005b17437988da0a0460,2025-10-22 20:21:03 UTC,2025-10-22,2025-10-22 20:21:03 UTC,2025-10-22,public,"[""exclusive"",""hannahbahng"",""voicenotes""]",,voice-notes-hannah-bahng-on-misunderstood-3,"Voice Notes: hannah bahng on ""MISUNDERSTOOD"""
2026-10-05,soundcloud:tracks:e424e89d07ef614ff5d2da02484a65a9,2025-10-22 20:21:03 UTC,2025-10-22,2025-10-22 20:21:03 UTC,2025-10-22,public,"[""exclusive"",""hannahbahng"",""voicenotes""]",,voice-notes-hannah-bahng-on-raison-detre-1,"Voice Notes: hannah bahng  on ""raison d'être"""
2026-10-05,soundcloud:tracks:051145d3ae0e2689181689d3982fc4bd,2025-10-22 20:21:03 UTC,2025-10-22,2025-10-22 20:21:03 UTC,2025-10-22,public,"[""exclusive"",""hannahbahng"",""voicenotes""]",,voice-notes-hannah-bahng-on-im-me-again-2,"Voice Notes: hannah bahng on ""IM ME AGAIN"""
2026-10-05,soundcloud:tracks:05b075665590d5cba151b7fc37274d2a,2025-10-21 21:16:31 UTC,2025-10-21,2025-10-21 21:16:31 UTC,2025-10-21,public,"[""exclusive"",""fireboydml"",""pheelz"",""voicenotes""]",,voice-notes-fireboy-dml-pheelz-on-young-again-4,"Voice Notes: Fireboy DML & Pheelz on ""Young Again"""
2026-10-05,soundcloud:tracks:c6ce7e9b6b649d2d6547bda9cb3fafe1,2025-10-21 21:16:31 UTC,2025-10-21,2025-10-21 21:16:31 UTC,2025-10-21,public,"[""exclusive"",""fireboydml"",""pheelz"",""voicenotes""]",,voice-notes-fireboy-dml-pheelz-on-ilwy-5,"Voice Notes: Fireboy DML & Pheelz on ""ILWY"""
2026-10-05,soundcloud:tracks:48eda2f3bee223fff0e1c0d9361fa08e,2025-10-21 21:16:31 UTC,2025-10-21,2025-10-21 21:16:31 UTC,2025-10-21,public,"[""exclusive"",""fireboydml"",""pheelz"",""voicenotes""]",,voice-notes-fireboy-dml-pheelz-on-shake-3,"Voice Notes: Fireboy DML & Pheelz on ""Shake"""
2026-10-05,soundcloud:tracks:1859d74cdb25efe70d0cf056e74ba5e3,2025-10-21 21:16:31 UTC,2025-10-21,2025-10-21 21:16:31 UTC,2025-10-21,public,"[""exclusive"",""fireboydml"",""pheelz"",""voicenotes""]",,voice-notes-fireboy-dml-pheelz-on-gozi-2,"Voice Notes: Fireboy DML & Pheelz on ""Gozi"""
2026-10-05,soundcloud:tracks:ad19a36bbd028768762af97dd5d4852e,2025-10-21 21:16:31 UTC,2025-10-21,2025-10-21 21:16:31 UTC,2025-10-21,public,"[""exclusive"",""fireboydml"",""pheelz"",""voicenotes""]",,voice-notes-fireboy-dml-pheelz-on-on-a-kentro-1,"Voice Notes: Fireboy DML & Pheelz on ""On a Kentro"""
2026-10-05,soundcloud:tracks:2bd216a28ef59647b092f9523140d695,2025-10-20 16:57:33 UTC,2025-10-20,2025-10-20 16:57:33 UTC,2025-10-20,public,"[""exclusive"",""laundryday"",""voicenotes""]",,voice-notes-laundry-day-on-aperol-spritz-2,"Voice Notes: LAUNDRY DAY on ""APEROL SPRITZ"""
2026-10-05,soundcloud:tracks:e6048be8201cfeff7a851f8ddb6d299a,2025-10-20 16:57:33 UTC,2025-10-20,2025-10-20 16:57:33 UTC,2025-10-20,public,"[""exclusive"",""laundryday"",""voicenotes""]",,voice-notes-laundry-day-on-supermodel-4,"Voice Notes: LAUNDRY DAY on ""SUPERMODEL"""
2026-10-05,soundcloud:tracks:fed98dd05fc9aaf202e7b9a2a3e64875,2025-10-20 16:57:33 UTC,2025-10-20,2025-10-20 16:57:33 UTC,2025-10-20,public,"[""exclusive"",""laundryday"",""voicenotes""]",,voice-notes-laundry-day-on-little-miss-jaded-5,"Voice Notes: LAUNDRY DAY on ""LITTLE MISS JADED"""
2026-10-05,soundcloud:tracks:b1ca94b468348ec4785dd564159d28c1,2025-10-20 16:57:33 UTC,2025-10-20,2025-10-20 16:57:33 UTC,2025-10-20,public,"[""exclusive"",""laundryday"",""voicenotes""]",,voice-notes-laundry-day-on-i-kinda-like-that-3,"Voice Notes: LAUNDRY DAY on ""I KINDA LIKE THAT"""
2026-10-05,soundcloud:tracks:ae7f8d1f192331ca48d88d5cfa7669e7,2025-10-20 16:57:33 UTC,2025-10-20,2025-10-20 16:57:33 UTC,2025-10-20,public,"[""exclusive"",""laundryday"",""voicenotes""]",,voice-notes-laundry-day-on-alien-1,"Voice Notes: LAUNDRY DAY on ""ALIEN"""
2026-10-05,soundcloud:tracks:62a7a6e72fdcf081805290928ebabc9e,2025-10-17 18:51:37 UTC,2025-10-17,2025-10-17 18:51:37 UTC,2025-10-17,public,"[""bobmoses"",""exclusive"",""voicenotes""]",,cfba718f-93d3-457a-bd99-99293ae1c32c,"Voice Notes: Bob Moses on ""Keep Love Waiting"""
2026-10-05,soundcloud:tracks:bb9db1029279975172929886d9413e87,2025-10-17 18:22:54 UTC,2025-10-17,2025-10-17 18:22:54 UTC,2025-10-17,public,"[""dailybread"",""exclusive"",""voicenotes""]",,voice-notes-daily-bread-on-strike-a-match-4,"Voice Notes: Daily Bread on ""Strike A Match"""
2026-10-05,soundcloud:tracks:477b180999c57a183ba672e55423d80c,2025-10-17 18:22:54 UTC,2025-10-17,2025-10-17 18:22:54 UTC,2025-10-17,public,"[""dailybread"",""exclusive"",""voicenotes""]",,voice-notes-daily-bread-on-fly-away-intro-7,"Voice Notes: Daily Bread on ""Fly Away (Intro)"""
2026-10-05,soundcloud:tracks:0719883f4cdc81cb0e55dc793fb283aa,2025-10-17 18:22:54 UTC,2025-10-17,2025-10-17 18:22:54 UTC,2025-10-17,public,"[""dailybread"",""exclusive"",""voicenotes""]",,voice-notes-daily-bread-on-when-im-gone-5,"Voice Notes: Daily Bread on ""When I'm Gone"""
2026-10-05,soundcloud:tracks:5ca6d53ec58d44da3e945157ee3970e1,2025-10-17 18:22:54 UTC,2025-10-17,2025-10-17 18:22:54 UTC,2025-10-17,public,"[""dailybread"",""exclusive"",""voicenotes""]",,voice-notes-daily-bread-on-fly-away-outro-3,"Voice Notes: Daily Bread on ""Fly Away Outro"""
2026-10-05,soundcloud:tracks:f5356c781a91ace2e120d80c9ff2e23d,2025-10-17 18:22:54 UTC,2025-10-17,2025-10-17 18:22:54 UTC,2025-10-17,public,"[""dailybread"",""exclusive"",""voicenotes""]",,voice-notes-daily-bread-on-blast-off-2,"Voice Notes: Daily Bread on ""Blast Off"""
2026-10-05,soundcloud:tracks:a9066e536dfbbe40b6e7f87bdb4a45e2,2025-10-17 18:22:54 UTC,2025-10-17,2025-10-17 18:22:54 UTC,2025-10-17,public,"[""dailybread"",""exclusive"",""voicenotes""]",,voice-notes-daily-bread-on-phone-jumping-1,"Voice Notes: Daily Bread on ""Phone Jumping"""
2026-10-05,soundcloud:tracks:5a8b95c0ad988126117e3b2e13ee9953,2025-10-17 18:22:54 UTC,2025-10-17,2025-10-17 18:22:54 UTC,2025-10-17,public,"[""dailybread"",""exclusive"",""voicenotes""]",,voice-notes-daily-bread-on-clinging-to-a-cloud-6,"Voice Notes: Daily Bread on ""Clinging To A Cloud"""
2026-10-05,soundcloud:tracks:47109e0a925b3755d7e9816342be10eb,2025-10-15 19:53:10 UTC,2025-10-15,2025-10-15 19:53:10 UTC,2025-10-15,public,"[""elderbrook"",""exclusive"",""voicenotes""]",,voice-notes-elderbrook-on-teardrop-1,"Voice Notes: Elderbrook on ""Teardrop"""
2026-10-05,soundcloud:tracks:16b132b1cee1a04d08173b53a93218b5,2025-10-15 19:53:10 UTC,2025-10-15,2025-10-15 19:53:10 UTC,2025-10-15,public,"[""elderbrook"",""exclusive"",""voicenotes""]",,voice-notes-elderbrook-on-howl-4,"Voice Notes: Elderbrook on ""Howl"""
2026-10-05,soundcloud:tracks:54bcb88e98d5c2c69976e1ac878b8c5b,2025-10-15 19:53:10 UTC,2025-10-15,2025-10-15 19:53:10 UTC,2025-10-15,public,"[""elderbrook"",""exclusive"",""voicenotes""]",,voice-notes-elderbrook-on-waterfall-3,"Voice Notes: Elderbrook on ""Waterfall"""
2026-10-05,soundcloud:tracks:ac5c85c064e94065389bdd2f7326d583,2025-10-15 19:53:10 UTC,2025-10-15,2025-10-15 19:53:10 UTC,2025-10-15,public,"[""elderbrook"",""exclusive"",""voicenotes""]",,voice-notes-elderbrook-on-numb-2,"Voice Notes: Elderbrook on ""Numb"""
2026-10-05,soundcloud:tracks:12ff4212be29773abc54da94820938aa,2025-10-15 13:43:12 UTC,2025-10-15,2025-10-15 13:43:12 UTC,2025-10-15,public,"[""exclusive"",""indiashawn"",""voicenotes""]",,voice-notes-india-shawn-on-gone,"Voice Notes: India Shawn on ""Gone"""
2026-10-05,soundcloud:tracks:6e19c799bba375e2a2e92a3c6670d0c8,2025-10-14 18:36:42 UTC,2025-10-14,2025-10-14 18:36:42 UTC,2025-10-14,public,"[""exclusive"",""mxgpu"",""voicenotes""]",,voice-notes-mxgpu-on-take-me-home-1,"Voice Notes: MXGPU on ""take me home"""
2026-10-05,soundcloud:tracks:686e74b65c1a7ec871f86dac99504f6c,2025-10-14 18:36:42 UTC,2025-10-14,2025-10-14 18:36:42 UTC,2025-10-14,public,"[""exclusive"",""mxgpu"",""voicenotes""]",,voice-notes-mxgpu-on-little-love-2,"Voice Notes: MXGPU on ""little love"""
2026-10-05,soundcloud:tracks:a2888e2e77d9d79a7bf1a0f0b2561ee7,2025-10-14 18:36:42 UTC,2025-10-14,2025-10-14 18:36:42 UTC,2025-10-14,public,"[""exclusive"",""mxgpu"",""voicenotes""]",,voice-notes-mxgpu-on-slow-down-3,"Voice Notes: MXGPU on ""slow down"""
2026-10-05,soundcloud:tracks:14a765bb7a436faacb1b5ef0e0c6d2a9,2025-10-14 18:36:42 UTC,2025-10-14,2025-10-14 18:36:42 UTC,2025-10-14,public,"[""exclusive"",""mxgpu"",""voicenotes""]",,voice-notes-mxgpu-on-find-u-7,"Voice Notes: MXGPU on ""find u"""
2026-10-05,soundcloud:tracks:0b2ac0c65bd9cdb042937ddc1ad39dc5,2025-10-14 18:36:42 UTC,2025-10-14,2025-10-14 18:36:42 UTC,2025-10-14,public,"[""exclusive"",""mxgpu"",""voicenotes""]",,voice-notes-mxgpu-on-ease-6,"Voice Notes: MXGPU on ""ease"""
2026-10-05,soundcloud:tracks:1c5fb615c9885f8502ac3c98613964f1,2025-10-14 18:36:42 UTC,2025-10-14,2025-10-14 18:36:42 UTC,2025-10-14,public,"[""exclusive"",""mxgpu"",""voicenotes""]",,voice-notes-mxgpu-on-the-fall-9,"Voice Notes: MXGPU on ""the fall"""
2026-10-05,soundcloud:tracks:18b97811987fa6f81ed2013789e2892a,2025-10-14 18:36:42 UTC,2025-10-14,2025-10-14 18:36:42 UTC,2025-10-14,public,"[""exclusive"",""mxgpu"",""voicenotes""]",,voice-notes-mxgpu-on-into-flames-11,"Voice Notes: MXGPU on ""into flames"""
2026-10-05,soundcloud:tracks:4d7b2d51315680c6fe3eda268b373333,2025-10-14 18:36:42 UTC,2025-10-14,2025-10-14 18:36:42 UTC,2025-10-14,public,"[""exclusive"",""mxgpu"",""voicenotes""]",,voice-notes-mxgpu-on-mrblz-4,"Voice Notes: MXGPU on ""mrblz"""
2026-10-05,soundcloud:tracks:9732d5ae5defa5aa5f24ebcbf2c78eb8,2025-10-14 18:36:42 UTC,2025-10-14,2025-10-14 18:36:42 UTC,2025-10-14,public,"[""exclusive"",""mxgpu"",""voicenotes""]",,voice-notes-mxgpu-on-last-call-8,"Voice Notes: MXGPU on ""last call"""
2026-10-05,soundcloud:tracks:4b46c52ea998d92682b100c1f40468f3,2025-10-14 18:36:42 UTC,2025-10-14,2025-10-14 18:36:42 UTC,2025-10-14,public,"[""exclusive"",""mxgpu"",""voicenotes""]",,voice-notes-mxgpu-on-shout-in-the-dark-5,"Voice Notes: MXGPU on ""shout in the dark"""
2026-10-05,soundcloud:tracks:c6f3eac1d1f511bb0ee30a148ccf0fb4,2025-10-14 18:36:42 UTC,2025-10-14,2025-10-14 18:36:42 UTC,2025-10-14,public,"[""exclusive"",""mxgpu"",""voicenotes""]",,voice-notes-mxgpu-on-symptom-10,"Voice Notes: MXGPU on ""symptom of u"""
2026-10-05,soundcloud:tracks:fe4bf2b16ff6b50032a87a9e72d20ea9,2025-10-14 17:17:46 UTC,2025-10-14,2025-10-14 19:13:42 UTC,2025-10-14,public,"[""exclusive"",""thurstonmoore"",""voicenotes""]",,voice-notes-thurston-moore-on-rewilding-6,"Voice Notes: Thurston Moore on ""Rewilding"""
2026-10-05,soundcloud:tracks:c8d8696cf09f401cc9aabe8f67d7ecf7,2025-10-14 17:17:46 UTC,2025-10-14,2025-10-14 19:13:26 UTC,2025-10-14,public,"[""exclusive"",""thurstonmoore"",""voicenotes""]",,voice-notes-thurston-moore-on-we-get-high-2,"Voice Notes: Thurston Moore on ""We Get High"""
2026-10-05,soundcloud:tracks:25dee600a0c7353877fa77a550218307,2025-10-14 17:17:46 UTC,2025-10-14,2025-10-14 19:13:50 UTC,2025-10-14,public,"[""exclusive"",""thurstonmoore"",""voicenotes""]",,voice-notes-thurston-moore-on-the-diver-7,"Voice Notes: Thurston Moore on ""The Diver"""
2026-10-05,soundcloud:tracks:20c015c71663db3283a9076b0bf746ff,2025-10-14 17:17:46 UTC,2025-10-14,2025-10-14 19:13:34 UTC,2025-10-14,public,"[""exclusive"",""thurstonmoore"",""voicenotes""]",,voice-notes-thurston-moore-on-hypnogram-5,"Voice Notes: Thurston Moore on ""Hypnogram"""
2026-10-05,soundcloud:tracks:ece063d32149abaa3992322fa02247ed,2025-10-14 17:17:46 UTC,2025-10-14,2025-10-14 19:13:17 UTC,2025-10-14,public,"[""exclusive"",""thurstonmoore"",""voicenotes""]",,voice-notes-thurston-moore-on-shadow-1,"Voice Notes: Thurston Moore on ""Shadow"""
2026-10-05,soundcloud:tracks:6c064ed629151c2d3099d4c23afd9422,2025-10-14 17:17:46 UTC,2025-10-14,2025-10-14 19:13:10 UTC,2025-10-14,public,"[""exclusive"",""thurstonmoore"",""voicenotes""]",,voice-notes-thurston-moore-on-sans-limites-4,"Voice Notes: Thurston Moore on ""Sans Limites"""
2026-10-05,soundcloud:tracks:1c18b76151ec9257d41df793b113b0b5,2025-10-14 17:17:46 UTC,2025-10-14,2025-10-14 19:13:03 UTC,2025-10-14,public,"[""exclusive"",""thurstonmoore"",""voicenotes""]",,voice-notes-thurston-moore-on-new-in-town-3,"Voice Notes: Thurston Moore on ""New In Town"""
2026-10-05,soundcloud:tracks:b47415c69830025c8d53c8828e4132ca,2025-10-10 20:01:56 UTC,2025-10-10,2025-10-10 20:01:56 UTC,2025-10-10,public,"[""exclusive"",""leanys"",""voicenotes""]",,voice-notes-leanys-on-mas-suave-1,"Voice Notes: Leanys on ""Más Suave"""
2026-10-05,soundcloud:tracks:b84db364cb6686d5af8a680bb99af049,2025-10-10 20:01:56 UTC,2025-10-10,2025-10-10 20:01:56 UTC,2025-10-10,public,"[""exclusive"",""leanys"",""voicenotes""]",,voice-notes-leanys-on-nueva-york-6,"Voice Notes: Leanys on ""Nueva York"""
2026-10-05,soundcloud:tracks:5eb85015cd8ced5b004789b777d14813,2025-10-10 20:01:56 UTC,2025-10-10,2025-10-10 20:01:56 UTC,2025-10-10,public,"[""exclusive"",""leanys"",""voicenotes""]",,voice-notes-leanys-on-ponte-las-pilas-2,"Voice Notes: Leanys on ""Ponte Las Pilas"""
2026-10-05,soundcloud:tracks:807bb8f5a967432d54c215b2fe0d8bff,2025-10-10 20:01:56 UTC,2025-10-10,2025-10-10 20:01:56 UTC,2025-10-10,public,"[""exclusive"",""leanys"",""voicenotes""]",,voice-notes-leanys-on-firgure-it-out-3,"Voice Notes: Leanys on ""Firgure It Out"""
2026-10-05,soundcloud:tracks:f0b2da9e632e5f8c174b16a9bf981142,2025-10-10 20:01:56 UTC,2025-10-10,2025-10-10 20:01:56 UTC,2025-10-10,public,"[""exclusive"",""leanys"",""voicenotes""]",,voice-notes-leanys-on-me-fui-4,"Voice Notes: Leanys on ""Me Fui"""
2026-10-05,soundcloud:tracks:4f6ecc6509aed3c5a1b2537370c588e9,2025-10-10 16:17:45 UTC,2025-10-10,2025-10-10 16:17:45 UTC,2025-10-10,public,"[""exclusive"",""keenola"",""voicenotes""]",,voice-notes-kee-nola-on-problematic-5,"Voice Notes: Kee Nola on ""Problematic"""
2026-10-05,soundcloud:tracks:9b27b94595595bd1964b469b5f547bc0,2025-10-10 16:17:45 UTC,2025-10-10,2025-10-10 16:17:45 UTC,2025-10-10,public,"[""exclusive"",""keenola"",""voicenotes""]",,voice-notes-kee-nola-on-late-to-the-party-4,"Voice Notes: Kee Nola on ""Late To The Party"""
2026-10-05,soundcloud:tracks:34fbc3c6da109f0e47785cc05409cd7f,2025-10-10 16:17:45 UTC,2025-10-10,2025-10-10 16:17:45 UTC,2025-10-10,public,"[""exclusive"",""keenola"",""voicenotes""]",,voice-notes-kee-nola-on-at-the-top-3,"Voice Notes: Kee Nola on ""At The Top"""
2026-10-05,soundcloud:tracks:2dd18cbe989d84e122d81bbaf500c892,2025-10-10 16:17:45 UTC,2025-10-10,2025-10-10 16:17:45 UTC,2025-10-10,public,"[""exclusive"",""keenola"",""voicenotes""]",,voice-notes-kee-nola-on-demon-girl-2,"Voice Notes: Kee Nola on ""Demon Girl"""
2026-10-05,soundcloud:tracks:592ec42178d4a419bc20b754709b73c8,2025-10-10 16:17:45 UTC,2025-10-10,2025-10-10 16:17:45 UTC,2025-10-10,public,"[""exclusive"",""keenola"",""voicenotes""]",,voice-notes-kee-nola-on-party-girl-1,"Voice Notes: Kee Nola on ""Party Girl"""
2026-10-05,soundcloud:tracks:36b90b17b1fd04bdc5385e9f2d029297,2025-10-07 21:24:20 UTC,2025-10-07,2025-10-08 14:45:02 UTC,2025-10-08,public,"[""exclusive"",""marlonfunaki"",""voicenotes""]",,voice-notes-marlon-funaki-on-get-out-of-my-face-4,"Voice Notes: Marlon Funaki on ""Get Out of My Face"""
2026-10-05,soundcloud:tracks:c1fb7da305aa674156312e795134d6b1,2025-10-07 21:24:20 UTC,2025-10-07,2025-10-08 14:44:56 UTC,2025-10-08,public,"[""exclusive"",""marlonfunaki"",""voicenotes""]",,voice-notes-marlon-funaki-on-red-hearts-2,"Voice Notes: Marlon Funaki on ""Red Hearts"""
2026-10-05,soundcloud:tracks:4cc0e2fc51cd2916e190a52a7d6d0ccd,2025-10-07 21:24:20 UTC,2025-10-07,2025-10-08 14:45:20 UTC,2025-10-08,public,"[""exclusive"",""marlonfunaki"",""voicenotes""]",,voice-notes-marlon-funaki-on-when-sunday-comes-around-3,"Voice Notes: Marlon Funaki on ""when sunday comes around"""
2026-10-05,soundcloud:tracks:322f01407658eee448f77bb9bf147bab,2025-10-07 21:24:20 UTC,2025-10-07,2025-10-08 14:45:09 UTC,2025-10-08,public,"[""exclusive"",""marlonfunaki"",""voicenotes""]",,voice-notes-marlon-funaki-on-murphys-law-1,"Voice Notes: Marlon Funaki on ""Murphy's Law"""
2026-10-05,soundcloud:tracks:3e8517af2cee0039231180097f67dcbe,2025-10-07 14:29:39 UTC,2025-10-07,2025-10-07 14:29:39 UTC,2025-10-07,public,"[""exclusive"",""rochellejordan"",""voicenotes""]",,voice-notes-rochelle-jordan-on-doing-it-too-1,"Voice Notes: Rochelle Jordan on ""Doing It Too"""
2026-10-05,soundcloud:tracks:53607b07f4875125fc6d21a546f8f32d,2025-10-07 14:29:39 UTC,2025-10-07,2025-10-07 14:29:39 UTC,2025-10-07,public,"[""exclusive"",""rochellejordan"",""voicenotes""]",,voice-notes-rochelle-jordan-on-get-it-off-2,"Voice Notes: Rochelle Jordan on ""Get It Off"""
2026-10-05,soundcloud:tracks:7aed4870705c5a3495bb43ac2d1b0615,2025-10-07 14:29:39 UTC,2025-10-07,2025-10-07 14:29:39 UTC,2025-10-07,public,"[""exclusive"",""rochellejordan"",""voicenotes""]",,voice-notes-rochelle-jordan-on-the-boy-4,"Voice Notes: Rochelle Jordan on ""The Boy"""
2026-10-05,soundcloud:tracks:1dcfe1bbc1b18afe54c16af47aef70ba,2025-10-07 14:29:39 UTC,2025-10-07,2025-10-07 14:29:39 UTC,2025-10-07,public,"[""exclusive"",""rochellejordan"",""voicenotes""]",,voice-notes-rochelle-jordan-on-sum-3,"Voice Notes: Rochelle Jordan on ""Sum"""
2026-10-05,soundcloud:tracks:dc5b3246177de407ba3b9217cb88c1a9,2025-10-06 18:05:42 UTC,2025-10-06,2025-10-06 18:05:42 UTC,2025-10-06,public,"[""exclusive"",""paris"",""voicenotes""]",,voice-notes-paris-on-wildfire-5,"Voice Notes: PARIS on ""Wildfire"""
2026-10-05,soundcloud:tracks:00e9b55480748173839e85b3d9c10ea5,2025-10-06 18:05:42 UTC,2025-10-06,2025-10-06 18:05:42 UTC,2025-10-06,public,"[""exclusive"",""paris"",""voicenotes""]",,voice-notes-paris-on-stay-4,"Voice Notes: PARIS on ""Stay"""
2026-10-05,soundcloud:tracks:4aea648bc51ad23dc81ac0b4033e5058,2025-10-06 18:05:42 UTC,2025-10-06,2025-10-06 18:05:42 UTC,2025-10-06,public,"[""exclusive"",""paris"",""voicenotes""]",,voice-notes-paris-on-flourish-2,"Voice Notes: PARIS on ""Flourish"""
2026-10-05,soundcloud:tracks:ff8fb70bac7780760b9ce0dd7e523280,2025-10-06 18:05:42 UTC,2025-10-06,2025-10-06 18:05:42 UTC,2025-10-06,public,"[""exclusive"",""paris"",""voicenotes""]",,voice-notes-paris-on-beechworth-cascades-1,"Voice Notes: PARIS on ""Beechworth Cascades"""
2026-10-05,soundcloud:tracks:f9b1868e67a4f2a03f451df1113ef8aa,2025-10-06 18:05:42 UTC,2025-10-06,2025-10-06 18:05:42 UTC,2025-10-06,public,"[""exclusive"",""paris"",""voicenotes""]",,voice-notes-paris-on-genisis-3,"Voice Notes: PARIS on ""Genesis"""
2026-10-05,soundcloud:tracks:492262278a5f9140134748fb610621ab,2025-10-03 17:26:18 UTC,2025-10-03,2025-10-03 17:26:18 UTC,2025-10-03,public,"[""exclusive"",""voicenotes"",""ztvz""]",,voice-notes-ztvz-on-que-tengo-que-hacer-1,"Voice Notes: ZTVZ on ""Qué Tengo Que Hacer"""
2026-10-05,soundcloud:tracks:018aa4e01822c1597c12a4eb01a0773f,2025-10-03 17:26:18 UTC,2025-10-03,2025-10-03 17:26:18 UTC,2025-10-03,public,"[""exclusive"",""voicenotes"",""ztvz""]",,voice-notes-ztvz-on-100pre-contigo-2,"Voice Notes: ZTVZ on ""100pre CONTIGO"
2026-10-05,soundcloud:tracks:2083033cf288961b478268b610a2b101,2025-10-03 17:26:18 UTC,2025-10-03,2025-10-03 17:26:18 UTC,2025-10-03,public,"[""exclusive"",""voicenotes"",""ztvz""]",,voice-notes-ztvz-on-24-horas-3,"Voice Notes: ZTVZ on ""24 horas"""
2026-10-05,soundcloud:tracks:9623ff304801662d9cde3d997edbfa5b,2025-10-02 19:05:00 UTC,2025-10-02,2025-10-02 19:05:00 UTC,2025-10-02,public,"[""audien"",""exclusive"",""voicenotes""]",Dance & EDM,voice-notes-audien-on-its-okay-6,"Voice Notes: Audien on ""It's Okay"""
2026-10-05,soundcloud:tracks:a242bf0adbc716b8a174bc69da26a1d0,2025-10-02 19:05:00 UTC,2025-10-02,2025-10-02 19:05:00 UTC,2025-10-02,public,"[""audien"",""exclusive"",""voicenotes""]",Dance & EDM,voice-notes-audien-on-i-see-you-4,"Voice Notes: Audien on ""I See You"""
2026-10-05,soundcloud:tracks:fd3187cc99822a89c504a9e6b1026bcc,2025-10-02 19:05:00 UTC,2025-10-02,2025-10-02 19:05:00 UTC,2025-10-02,public,"[""audien"",""exclusive"",""voicenotes""]",Dance & EDM,voice-notes-audien-on-wish-it-was-you-1,"Voice Notes: Audien on ""Wish It Was You"""
2026-10-05,soundcloud:tracks:0a089ae4a587bcc13925fd7d5c483294,2025-10-02 19:05:00 UTC,2025-10-02,2025-10-02 19:05:00 UTC,2025-10-02,public,"[""audien"",""exclusive"",""voicenotes""]",Dance & EDM,voice-notes-audien-on-cold-5,"Voice Notes: Audien on ""Cold"""
2026-10-05,soundcloud:tracks:70c536f9975e7fb99e62c6c05d11cda4,2025-10-02 19:05:00 UTC,2025-10-02,2025-10-02 19:05:00 UTC,2025-10-02,public,"[""audien"",""exclusive"",""voicenotes""]",Dance & EDM,voice-notes-audien-on-love-again-7,"Voice Notes: Audien on ""Love Again"""
2026-10-05,soundcloud:tracks:78d64e2990f29de98df93c1b86bfeab4,2025-10-02 19:05:00 UTC,2025-10-02,2025-10-02 19:05:00 UTC,2025-10-02,public,"[""audien"",""exclusive"",""voicenotes""]",Dance & EDM,voice-notes-audien-on-make-me-forget-2,"Voice Notes: Audien on ""Make Me Forget"""
2026-10-05,soundcloud:tracks:9781e84203e62e1afef4917517a96339,2025-10-02 19:05:00 UTC,2025-10-02,2025-10-02 19:05:00 UTC,2025-10-02,public,"[""audien"",""exclusive"",""voicenotes""]",Dance & EDM,voice-notes-audien-on-bitter-sweet-3,"Voice Notes: Audien on ""Bittersweet"""
2026-10-05,soundcloud:tracks:bd6afcaf3998c5320cca9fdd4ab997fe,2025-10-01 17:36:14 UTC,2025-10-01,2025-10-01 17:36:14 UTC,2025-10-01,public,"[""exclusive"",""junefreedom"",""voicenotes""]",,voice-notes-june-freedom-on-girls-like-sade-1,"Voice Notes: June Freedom on ""Girls Like Sade"""
2026-10-05,soundcloud:tracks:43ad51485ba27f637ebf4b0b05575ec2,2025-10-01 17:36:14 UTC,2025-10-01,2025-10-01 17:36:14 UTC,2025-10-01,public,"[""exclusive"",""junefreedom"",""voicenotes""]",,voice-notes-june-freedom-on-go-low-3,"Voice Notes: June Freedom on ""Go Low"""
2026-10-05,soundcloud:tracks:a1d99becb1087ae822a2f9676c7ed624,2025-10-01 17:36:14 UTC,2025-10-01,2025-10-01 17:36:14 UTC,2025-10-01,public,"[""exclusive"",""junefreedom"",""voicenotes""]",,voice-notes-june-freedom-on-are-you-still-you-2,"Voice Notes: June Freedom on ""Are You Still You?"""
2026-10-05,soundcloud:tracks:31322eb26fc3f566df2823c5d74168f9,2025-10-01 17:36:14 UTC,2025-10-01,2025-10-01 17:36:14 UTC,2025-10-01,public,"[""exclusive"",""junefreedom"",""voicenotes""]",,voice-notes-june-freedom-on-nia-pale-4,"Voice Notes: June Freedom on ""Nha Pele"""
2026-10-05,soundcloud:tracks:b6a9d320465edfeee4d0752d64d93eb7,2025-09-29 19:34:54 UTC,2025-09-29,2025-09-29 19:34:54 UTC,2025-09-29,public,"[""exclusive"",""theparadox"",""voicenotes""]",,voice-notes-the-paradox-on-no-strings-attached-4,"Voice Notes: The Paradox on ""No Strings Attached"""
2026-10-05,soundcloud:tracks:c215a1b6728eaaa800ba2d1d85feac0a,2025-09-29 19:34:54 UTC,2025-09-29,2025-09-29 19:34:54 UTC,2025-09-29,public,"[""exclusive"",""theparadox"",""voicenotes""]",,voice-notes-the-paradox-on-do-it-again-5,"Voice Notes: The Paradox on ""Do It Again"""
2026-10-05,soundcloud:tracks:61b1021cb5ceaa84d32572623585e858,2025-09-29 19:34:54 UTC,2025-09-29,2025-09-29 19:34:54 UTC,2025-09-29,public,"[""exclusive"",""theparadox"",""voicenotes""]",,voice-notes-the-paradox-on-get-the-message-3,"Voice Notes: The Paradox on ""Get The Message"""
2026-10-05,soundcloud:tracks:d2c41ad41bad9de1411c42787812ce78,2025-09-29 19:34:54 UTC,2025-09-29,2025-09-29 19:34:54 UTC,2025-09-29,public,"[""exclusive"",""theparadox"",""voicenotes""]",,voice-notes-the-paradox-on-bender-1,"Voice Notes: The Paradox on ""Bender"""
2026-10-05,soundcloud:tracks:f84fc0c253bfbbaa4bf4f18d031fd0c4,2025-09-29 19:34:54 UTC,2025-09-29,2025-09-29 19:34:54 UTC,2025-09-29,public,"[""exclusive"",""theparadox"",""voicenotes""]",,voice-notes-the-paradox-on-leave-my-room-6,"Voice Notes: The Paradox on ""Leave My Room"""
2026-10-05,soundcloud:tracks:129dc5c408145521ae28d32396529c1e,2025-09-29 19:34:54 UTC,2025-09-29,2025-09-29 19:34:54 UTC,2025-09-29,public,"[""exclusive"",""theparadox"",""voicenotes""]",,voice-notes-the-paradox-on-do-me-like-that-2,"Voice Notes: The Paradox on ""Do Me Like That"""
2026-10-05,soundcloud:tracks:955d300371d8ba4eaf4b8dd17277bdac,2025-09-26 16:56:26 UTC,2025-09-26,2025-09-26 16:56:26 UTC,2025-09-26,public,"[""danielt."",""exclusive"",""voicenotes""]",,voice-notes-daniel-t-on-the-pop-3,"Voice Notes: Daniel T. on ""The Pop"""
2026-10-05,soundcloud:tracks:6f2eb5cfc559ddfbfa4d6c272ca262c0,2025-09-26 16:56:26 UTC,2025-09-26,2025-09-26 16:56:26 UTC,2025-09-26,public,"[""danielt."",""exclusive"",""voicenotes""]",,voice-notes-daniel-t-on-one-look-2,"Voice Notes: Daniel T. on ""One Look"""
2026-10-05,soundcloud:tracks:743869cedc22e694912f17f8f8ac415f,2025-09-26 16:56:26 UTC,2025-09-26,2025-09-26 16:56:26 UTC,2025-09-26,public,"[""danielt."",""exclusive"",""voicenotes""]",,voice-notes-daniel-t-on-moon-walkin-1,"Voice Notes: Daniel T. on ""Moon Walkin'"""
2026-10-05,soundcloud:tracks:168139e46a12f5638521664c15e84b1f,2025-09-24 21:34:21 UTC,2025-09-24,2025-09-24 21:34:21 UTC,2025-09-24,public,"[""exclusive"",""holychild"",""voicenotes""]",,voice-notes-holychild-on-waste-of-tears-cry-all-summer-3,"Voice Notes: HOLYCHILD on ""Waste Of Tears (Cry All Summer)"""
2026-10-05,soundcloud:tracks:43d0f54f63028966f5c72ca80b9d50f5,2025-09-24 21:34:21 UTC,2025-09-24,2025-09-24 21:34:21 UTC,2025-09-24,public,"[""exclusive"",""holychild"",""voicenotes""]",,voice-notes-holychild-on-fight-for-me-2,"Voice Notes: HOLYCHILD on ""Fight For Me"""
2026-10-05,soundcloud:tracks:6d3a492022defc06c971ff6c2d9f20b1,2025-09-24 21:34:21 UTC,2025-09-24,2025-09-24 21:34:21 UTC,2025-09-24,public,"[""exclusive"",""holychild"",""voicenotes""]",,voice-notes-holychild-on-bathroom-bitch-1,"Voice Notes: HOLYCHILD on ""Bathroom Bitch"""
2026-10-05,soundcloud:tracks:7335717268e757e0a39e9650c3b16a87,2025-09-24 21:34:21 UTC,2025-09-24,2025-09-24 21:34:21 UTC,2025-09-24,public,"[""exclusive"",""holychild"",""voicenotes""]",,voice-notes-holychild-on-you-make-me-sick-4,"Voice Notes: HOLYCHILD on ""U Make Me Sick"""
2026-10-05,soundcloud:tracks:662f0a19fdfa5b9395a6733759e54dba,2025-09-24 19:11:09 UTC,2025-09-24,2025-09-24 19:11:09 UTC,2025-09-24,public,"[""exclusive"",""lunali"",""voicenotes""]",,voice-notes-luna-li-on-you-didnt-have-to-go-5,"Voice Notes: Luna Li on ""You Didn't Have To Go"""
2026-10-05,soundcloud:tracks:c3394dcdfb78e7dc67abc7e8be678e2f,2025-09-24 19:11:09 UTC,2025-09-24,2025-09-24 19:11:09 UTC,2025-09-24,public,"[""exclusive"",""lunali"",""voicenotes""]",,voice-notes-luna-li-on-2516-2,"Voice Notes: Luna Li on ""2516"""
2026-10-05,soundcloud:tracks:0b899428437c7fd00f5cffa839f806ef,2025-09-24 19:11:09 UTC,2025-09-24,2025-09-24 19:11:09 UTC,2025-09-24,public,"[""exclusive"",""lunali"",""voicenotes""]",,voice-notes-luna-li-on-bon-voyage-jam-1,"Voice Notes: Luna Li on ""Bon Voyage"""
2026-10-05,soundcloud:tracks:909d8734abc18f7392362e3a602ad962,2025-09-24 19:11:09 UTC,2025-09-24,2025-09-24 19:11:09 UTC,2025-09-24,public,"[""exclusive"",""lunali"",""voicenotes""]",,voice-notes-luna-li-on-i-imagine-4,"Voice Notes: Luna Li on ""I Imagine"""
2026-10-05,soundcloud:tracks:9cd919a72ea0bd8d59a9ca0149a0d0a8,2025-09-24 19:11:09 UTC,2025-09-24,2025-09-24 19:11:09 UTC,2025-09-24,public,"[""exclusive"",""lunali"",""voicenotes""]",,voice-notes-luna-li-on-silver-into-rain-3,"Voice Notes: Luna Li on ""Silver Into Rain"""
2026-10-05,soundcloud:tracks:1242bc2f0031839008df8c94f1e3e492,2025-09-22 17:27:43 UTC,2025-09-22,2025-09-22 17:27:43 UTC,2025-09-22,public,"[""bijou"",""exclusive"",""voicenotes""]",Dance & EDM,voice-notes-bijou-on-mind-eraser-1,"Voice Notes: BIJOU on ""Mind Eraser"""
2026-10-05,soundcloud:tracks:666a38f328b132d8c5aeaee687c89728,2025-09-22 17:27:43 UTC,2025-09-22,2025-09-22 17:27:43 UTC,2025-09-22,public,"[""bijou"",""exclusive"",""voicenotes""]",Dance & EDM,voice-notes-bijou-on-mobbin-3,"Voice Notes: BIJOU on ""Mobbing"""
2026-10-05,soundcloud:tracks:aa7763d6975bf444602c954c66c51f33,2025-09-22 17:27:43 UTC,2025-09-22,2025-09-22 17:27:43 UTC,2025-09-22,public,"[""bijou"",""exclusive"",""voicenotes""]",Dance & EDM,voice-notes-bijou-on-put-it-down-4,"Voice Notes: BIJOU on ""Put It Down"""
2026-10-05,soundcloud:tracks:f8a327b8a456723ed75785fc74736aee,2025-09-22 17:27:43 UTC,2025-09-22,2025-09-22 17:27:43 UTC,2025-09-22,public,"[""bijou"",""exclusive"",""voicenotes""]",Dance & EDM,voice-notes-bijou-on-take-me-2,"Voice Notes: BIJOU on ""Take Me"""
2026-10-05,soundcloud:tracks:a81c3f0e1f903293ab7227c357d70607,2025-09-19 14:32:58 UTC,2025-09-19,2025-09-19 14:32:58 UTC,2025-09-19,public,"[""bobmoses"",""exclusive"",""voicenotes""]",Dance & EDM,voice-notes-bob-moses-on-blink,"Voice Notes: Bob Moses on ""Blink"""
2026-10-05,soundcloud:tracks:3c3c423f25e9b522259b84d9fd9e150b,2025-09-18 14:40:21 UTC,2025-09-18,2025-09-19 15:22:20 UTC,2025-09-19,public,"[""cardib"",""exclusive"",""voicenotes""]",Hip-hop & Rap,voice-notes-cardi-b-on-bodega-baddie-2,"Voice Notes: Cardi B on ""Bodega Baddie"""
2026-10-05,soundcloud:tracks:64717fecfbd2176f8a7d1d24b5fce937,2025-09-18 14:40:21 UTC,2025-09-18,2025-09-19 15:22:33 UTC,2025-09-19,public,"[""cardib"",""exclusive"",""voicenotes""]",Hip-hop & Rap,voice-notes-cardi-b-on-pick-it-up-1,"Voice Notes: Cardi B on ""Pick It Up"""
2026-10-05,soundcloud:tracks:b4a3bd7605ccb74fc07ac49c44e03e73,2025-09-18 14:40:21 UTC,2025-09-18,2025-09-19 15:22:26 UTC,2025-09-19,public,"[""cardib"",""exclusive"",""voicenotes""]",Hip-hop & Rap,voice-notes-cardi-b-on-hello-its-me-4,"Voice Notes: Cardi B on ""Hello"""
2026-10-05,soundcloud:tracks:ce330c54039e38c96307068905f9a6c7,2025-09-18 14:40:21 UTC,2025-09-18,2025-09-19 15:22:39 UTC,2025-09-19,public,"[""cardib"",""exclusive"",""voicenotes""]",Hip-hop & Rap,voice-notes-cardi-b-on-safe-3,"Voice Notes: Cardi B on ""Safe"""
2026-10-05,soundcloud:tracks:091a86e706b1d1948422617813679aa8,2025-09-17 17:45:24 UTC,2025-09-17,2025-09-17 17:45:24 UTC,2025-09-17,public,"[""exclusive"",""kingprincess"",""voicenotes""]",Pop,voice-notes-king-princess-on-girls-4,"Voice Notes: King Princess on ""Girls"""
2026-10-05,soundcloud:tracks:3c0bfaea94be341344e635860e727b7d,2025-09-17 17:45:24 UTC,2025-09-17,2025-09-17 17:45:24 UTC,2025-09-17,public,"[""exclusive"",""kingprincess"",""voicenotes""]",Pop,voice-notes-king-princess-on-cry-cry-cry-3,"Voice Notes: King Princess on ""Cry Cry Cry"""
2026-10-05,soundcloud:tracks:dbea1231d5b3cdcae2e6a8952ca9868d,2025-09-17 17:45:24 UTC,2025-09-17,2025-09-17 17:45:24 UTC,2025-09-17,public,"[""exclusive"",""kingprincess"",""voicenotes""]",Pop,voice-notes-king-princess-on-jaimie-1,"Voice Notes: King Princess on ""Jaime"""
2026-10-05,soundcloud:tracks:cc63c4148a491970bdb1eca1c319ddf2,2025-09-17 17:45:24 UTC,2025-09-17,2025-09-17 17:45:24 UTC,2025-09-17,public,"[""exclusive"",""kingprincess"",""voicenotes""]",Pop,voice-notes-king-princess-on-rip-kp-2,"Voice Notes: King Princess on ""RIP KP"""
2026-10-05,soundcloud:tracks:e47e7fe78e5098720ee926a80b556ad8,2025-09-16 18:12:41 UTC,2025-09-16,2025-09-16 18:12:41 UTC,2025-09-16,public,"[""exclusive"",""j.p."",""voicenotes""]",R&B & Soul,voice-notes-jp-on-took-a-turn-5,"Voice Notes: J.P. on ""Took A Turn"""
2026-10-05,soundcloud:tracks:d3a3561464aa05c326c3bd508b49d8ac,2025-09-16 18:12:41 UTC,2025-09-16,2025-09-16 18:12:41 UTC,2025-09-16,public,"[""exclusive"",""j.p."",""voicenotes""]",R&B & Soul,voice-notes-jp-on-bad-bitty-3,"Voice Notes: J.P. on ""Bad Bitty"""
2026-10-05,soundcloud:tracks:3b8ff6a5fe2c58c57e182873a6aa291f,2025-09-16 18:12:41 UTC,2025-09-16,2025-09-16 18:12:41 UTC,2025-09-16,public,"[""exclusive"",""j.p."",""voicenotes""]",R&B & Soul,voice-notes-jp-on-serenity-1,"Voice Notes: J.P. on ""Serenity"""
2026-10-05,soundcloud:tracks:7138f5c994f4bf5f345b46012b34b674,2025-09-16 18:12:41 UTC,2025-09-16,2025-09-16 18:12:41 UTC,2025-09-16,public,"[""exclusive"",""j.p."",""voicenotes""]",R&B & Soul,voice-notes-jp-on-my-peace-2,"Voice Notes: J.P. on ""My Peace"""
2026-10-05,soundcloud:tracks:c07bd73f7999b24d94cd56b54ab214cc,2025-09-16 18:12:41 UTC,2025-09-16,2025-09-16 18:12:41 UTC,2025-09-16,public,"[""exclusive"",""j.p."",""voicenotes""]",R&B & Soul,voice-notes-jp-on-strangers-6,"Voice Notes: J.P. on ""Strangers"""
2026-10-05,soundcloud:tracks:f3483dc86e5e04529fb6fce24ae53484,2025-09-16 18:12:41 UTC,2025-09-16,2025-09-16 18:12:41 UTC,2025-09-16,public,"[""exclusive"",""j.p."",""voicenotes""]",R&B & Soul,voice-notes-jp-on-private-room-4,"Voice Notes: J.P. on ""Private Room"""
2026-10-05,soundcloud:tracks:1467148ab02190291a36dc7a440fed9c,2025-09-15 18:10:34 UTC,2025-09-15,2025-09-15 18:10:34 UTC,2025-09-15,public,"[""exclusive"",""silvanaestrada"",""voicenotes""]",,voice-notes-silvana-estrada-on-toms-diner-1,"Voice Notes: Silvana Estrada on ""Tom's Diner"""
2026-10-05,soundcloud:tracks:2bfb47de7d630c835333ab809af15577,2025-09-15 18:10:34 UTC,2025-09-15,2025-09-15 18:10:34 UTC,2025-09-15,public,"[""exclusive"",""silvanaestrada"",""voicenotes""]",,voice-notes-silvana-estrada-on-milagro-y-desastre-3,"Voice Notes: Silvana Estrada on ""Milagro y Desastre"""
2026-10-05,soundcloud:tracks:ea66861bd1142b1b23f832735b0a6793,2025-09-15 18:10:34 UTC,2025-09-15,2025-09-15 18:10:34 UTC,2025-09-15,public,"[""exclusive"",""silvanaestrada"",""voicenotes""]",,voice-notes-silvana-estrada-on-como-un-pajaro-2,"Voice Notes: Silvana Estrada on ""Como Un Pájaro"""
2026-10-05,soundcloud:tracks:d933f79983e70446e7a420526727889d,2025-09-15 18:10:34 UTC,2025-09-15,2025-09-15 18:10:34 UTC,2025-09-15,public,"[""exclusive"",""silvanaestrada"",""voicenotes""]",,voice-notes-silvana-estrada-on-lila-aleli-5,"Voice Notes: Silvana Estrada on ""Lila Alelí"""
2026-10-05,soundcloud:tracks:498d97e946dea0c0c3eb5a623864ec04,2025-09-15 18:10:34 UTC,2025-09-15,2025-09-15 18:10:34 UTC,2025-09-15,public,"[""exclusive"",""silvanaestrada"",""voicenotes""]",,voice-notes-silvana-estrada-on-ser-de-ti-6,"Voice Notes: Silvana Estrada on ""Ser de ti"""
2026-10-05,soundcloud:tracks:980ae8484728e4d449f7561c4b7f478c,2025-09-15 18:10:34 UTC,2025-09-15,2025-09-15 18:10:34 UTC,2025-09-15,public,"[""exclusive"",""silvanaestrada"",""voicenotes""]",,voice-notes-silvana-estrada-on-que-problema-4,"Voice Notes: Silvana Estrada on ""Qué Problema"""
2026-10-05,soundcloud:tracks:5ed7c7a5cfb7834f81b11b8a432e43b1,2025-09-15 17:11:28 UTC,2025-09-15,2025-09-15 17:11:28 UTC,2025-09-15,public,"[""exclusive"",""snacktime"",""voicenotes""]",,voice-notes-snacktime-on-together-2,"Voice Notes: SNACKTIME on ""TOGETHER"""
2026-10-05,soundcloud:tracks:480cdee6d8fc1e5ff50994d334a22273,2025-09-15 17:11:28 UTC,2025-09-15,2025-09-15 17:11:28 UTC,2025-09-15,public,"[""exclusive"",""snacktime"",""voicenotes""]",,voice-notes-snacktime-on-sunshine-3,"Voice Notes: SNACKTIME on ""SUNSHINE"""
2026-10-05,soundcloud:tracks:42265e4f9cdaefc426bf92f59926bc84,2025-09-15 17:11:28 UTC,2025-09-15,2025-09-15 17:11:28 UTC,2025-09-15,public,"[""exclusive"",""snacktime"",""voicenotes""]",,voice-notes-snacktime-on-enough-1,"Voice Notes: SNACKTIME on ""ENOUGH."""
2026-10-05,soundcloud:tracks:0f6047a48d4bcb05dbfb6de8f3b14364,2025-09-12 14:54:29 UTC,2025-09-12,2025-09-12 14:54:29 UTC,2025-09-12,public,"[""delasoul"",""exclusive"",""voicenotes""]",Hip-hop & Rap,voice-notes-de-la-soul-on-you-can-do-life,"Voice Notes: De La Soul on ""U Can Do (Life)"""
2026-10-05,soundcloud:tracks:7985bf5a331857d6c7185eef42a428b6,2025-09-12 14:53:21 UTC,2025-09-12,2025-09-12 14:53:21 UTC,2025-09-12,public,"[""delasoul"",""exclusive"",""voicenotes""]",Hip-hop & Rap,voice-notes-de-la-soul-on-my-writes-3,"Voice Notes: De La Soul on ""My Writes"""
2026-10-05,soundcloud:tracks:6f65143f3b09b8d35fdc122299d3bfe1,2025-09-12 14:53:21 UTC,2025-09-12,2025-09-12 14:53:21 UTC,2025-09-12,public,"[""delasoul"",""exclusive"",""voicenotes""]",Hip-hop & Rap,voice-notes-de-la-soul-on-i-see-yall-2,"Voice Notes: De La Soul on ""I. C. Y'all"""
2026-10-05,soundcloud:tracks:a618c4924ebd3cefba1b01ad30e6c889,2025-09-12 14:53:21 UTC,2025-09-12,2025-09-12 14:53:21 UTC,2025-09-12,public,"[""delasoul"",""exclusive"",""voicenotes""]",Hip-hop & Rap,voice-notes-de-la-soul-on-all-good-1,"Voice Notes: De La Soul on ""All Good?"""
2026-10-05,soundcloud:tracks:f5280f911fa313413299b78fb9031d84,2025-09-12 14:53:21 UTC,2025-09-12,2025-09-12 14:53:21 UTC,2025-09-12,public,"[""delasoul"",""exclusive"",""voicenotes""]",Hip-hop & Rap,voice-notes-de-la-soul-on-squat-4,"Voice Notes: De La Soul on ""Squat!"""
2026-10-05,soundcloud:tracks:f96885248255b006297338483ebfaafe,2025-09-12 14:16:00 UTC,2025-09-12,2025-09-12 14:16:00 UTC,2025-09-12,public,"[""blondemaze"",""exclusive"",""voicenotes""]",Classical,voice-notes-blonde-maze-on-the-thought-of-you-1,"Voice Notes: Blonde Maze on ""The Thought of You"""
2026-10-05,soundcloud:tracks:f7a87489e8409f34cf81bce2b2e0cf17,2025-09-12 14:16:00 UTC,2025-09-12,2025-09-12 14:16:00 UTC,2025-09-12,public,"[""blondemaze"",""exclusive"",""voicenotes""]",Classical,voice-notes-blonde-maze-on-to-love-again-3,"Voice Notes: Blonde Maze on ""To Love Again"""
2026-10-05,soundcloud:tracks:5c78543afcef7961d8f98604f0528fe2,2025-09-12 14:16:00 UTC,2025-09-12,2025-09-12 14:16:00 UTC,2025-09-12,public,"[""blondemaze"",""exclusive"",""voicenotes""]",Classical,voice-notes-blonde-maze-on-never-dream-4,"Voice Notes: Blonde Maze on ""Never Dream"""
2026-10-05,soundcloud:tracks:d1344be0453e45fd711af4051aebd009,2025-09-12 14:16:00 UTC,2025-09-12,2025-09-12 14:16:00 UTC,2025-09-12,public,"[""blondemaze"",""exclusive"",""voicenotes""]",Classical,voice-notes-blonde-maze-on-where-the-birds-go-to-hum-2,"Voice Notes: Blonde Maze on ""Where the Birds Go to Hum"""
2026-10-05,soundcloud:tracks:675875a61f960157e1f49c2370c0d114,2025-09-12 14:16:00 UTC,2025-09-12,2025-09-12 14:16:00 UTC,2025-09-12,public,"[""blondemaze"",""exclusive"",""voicenotes""]",Classical,voice-notes-blonde-maze-on-favorite-story-5,"Voice Notes: Blonde Maze on ""Favorite Story"""
2026-10-05,soundcloud:tracks:15f772a1fb72bedfc4979520a22f99c6,2025-09-10 20:55:21 UTC,2025-09-10,2025-09-10 20:55:21 UTC,2025-09-10,public,"[""exclusive"",""lbakalabat"",""voicenotes""]",Electronic,voice-notes-lb-aka-labat-on-double-happiness,"Voice Notes: LB aka LABAT on ""Double Happiness"""
2026-10-05,soundcloud:tracks:9e4d18bbcb08accaf4ee843063d0ce5a,2025-09-08 19:13:39 UTC,2025-09-08,2025-09-08 19:13:39 UTC,2025-09-08,public,"[""exclusive"",""voicenotes"",""øneheart""]",Ambient,voice-notes-oneheart-on-lagrange-point-1,"Voice Notes: Øneheart on ""lagrange point"""
2026-10-05,soundcloud:tracks:0f4396d87d5df548cb0f5ea5d296ddaa,2025-09-08 19:13:39 UTC,2025-09-08,2025-09-08 19:13:39 UTC,2025-09-08,public,"[""exclusive"",""voicenotes"",""øneheart""]",Ambient,voice-notes-oneheart-on-saying-goodbye-2,"Voice Notes: Øneheart on ""saying goodbye"""
2026-10-05,soundcloud:tracks:d0d5506d20a49b48d63b29dbdb258822,2025-09-08 19:13:39 UTC,2025-09-08,2025-09-08 19:13:39 UTC,2025-09-08,public,"[""exclusive"",""voicenotes"",""øneheart""]",Ambient,voice-notes-oneheart-on-while-the-time-sleeps-3,"Voice Notes: Øneheart on ""while the time sleeps"""
2026-10-05,soundcloud:tracks:c8601affa544dd8e29c6322c36c40e50,2025-09-05 15:15:00 UTC,2025-09-05,2025-09-05 15:15:00 UTC,2025-09-05,public,"[""exclusive"",""healy"",""voicenotes""]",,voice-notes-healy-on-pick-me-up-7,"Voice Notes: Healy on ""PICK ME UP"""
2026-10-05,soundcloud:tracks:22510b1bef549abf7575171fc021bf49,2025-09-05 15:15:00 UTC,2025-09-05,2025-09-05 15:15:00 UTC,2025-09-05,public,"[""exclusive"",""healy"",""voicenotes""]",,voice-notes-healy-on-get-up-to-get-down-3,"Voice Notes: Healy on ""GET UP TO GET DOWN"""
2026-10-05,soundcloud:tracks:0e773005a18aebc27f655f74236e0b72,2025-09-05 15:15:00 UTC,2025-09-05,2025-09-05 15:15:00 UTC,2025-09-05,public,"[""exclusive"",""healy"",""voicenotes""]",,voice-notes-healy-on-earthquakes-6,"Voice Notes: Healy on ""EARTHQUAKES"""
2026-10-05,soundcloud:tracks:10977ea3d6e54bc0fcc55fb9e5e12c71,2025-09-05 15:15:00 UTC,2025-09-05,2025-09-05 15:15:00 UTC,2025-09-05,public,"[""exclusive"",""healy"",""voicenotes""]",,voice-notes-healy-on-selfish-4,"Voice Notes: Healy on ""SELFISH"""
2026-10-05,soundcloud:tracks:2c4fdbf58040fa6cdf32d8b94e385e91,2025-09-05 15:15:00 UTC,2025-09-05,2025-09-05 15:15:00 UTC,2025-09-05,public,"[""exclusive"",""healy"",""voicenotes""]",,voice-notes-healy-on-the-breeze-5,"Voice Notes: Healy on ""THE BREEZE"""
2026-10-05,soundcloud:tracks:ee5ea9b79ac9810e7e1d7e48475a69e2,2025-09-05 15:15:00 UTC,2025-09-05,2025-09-05 15:15:00 UTC,2025-09-05,public,"[""exclusive"",""healy"",""voicenotes""]",,voice-notes-healy-on-thirteen-8,"Voice Notes: Healy on ""THIRTEEN"""
2026-10-05,soundcloud:tracks:96109c97b94157d059895d5d611bfcce,2025-09-05 15:15:00 UTC,2025-09-05,2025-09-05 15:15:00 UTC,2025-09-05,public,"[""exclusive"",""healy"",""voicenotes""]",,voice-notes-healy-on-hell-or-high-water-1,"Voice Notes: Healy on ""HELL OR HIGH WATER"""
2026-10-05,soundcloud:tracks:23a123aa62306638ff9c16a08fb06888,2025-09-05 15:15:00 UTC,2025-09-05,2025-09-05 15:15:00 UTC,2025-09-05,public,"[""exclusive"",""healy"",""voicenotes""]",,voice-notes-healy-on-running-laps-2,"Voice Notes: Healy on ""RUNNING LAPS"""
2026-10-05,soundcloud:tracks:4c72efbf9ec37d31e2f97b66090756b1,2025-09-03 17:35:13 UTC,2025-09-03,2025-09-03 17:35:13 UTC,2025-09-03,public,"[""exclusive"",""rm47"",""voicenotes""]",,voice-notes-rm47-on-knock-knock,"Voice Notes: RM47 on ""KNOCK KNOCK"""
2026-10-05,soundcloud:tracks:8705a0a2f1a371e3c86a1e21e1d351e7,2025-09-03 17:34:31 UTC,2025-09-03,2025-09-03 17:34:31 UTC,2025-09-03,public,"[""exclusive"",""rm47"",""voicenotes""]",,voice-notes-rm47-on-eod,"Voice Notes: RM47 on ""EOD"""
2026-10-05,soundcloud:tracks:e8e3f097dbbe110db09c882e159951a8,2025-09-03 17:32:29 UTC,2025-09-03,2025-09-03 17:32:29 UTC,2025-09-03,public,"[""exclusive"",""rm47"",""voicenotes""]",,voice-notes-rm47,"Voice Notes: RM47 on ""D.W.U"""
2026-10-05,soundcloud:tracks:159bb66e19968174647b39128ff1c572,2025-09-02 18:25:02 UTC,2025-09-02,2025-09-02 18:25:02 UTC,2025-09-02,public,"[""amitafra"",""exclusive"",""voicenotes""]",,voice-notes-ami-taf-ra-on-the-prophet-4,"Voice Notes: Ami Taf Ra on ""The Prophet"""
2026-10-05,soundcloud:tracks:8ac91eb11a5b358691493700aacd43b1,2025-09-02 18:25:02 UTC,2025-09-02,2025-09-02 18:25:02 UTC,2025-09-02,public,"[""amitafra"",""exclusive"",""voicenotes""]",,voice-notes-ami-taf-ra-on-speak-to-us-3,"Voice Notes: Ami Taf Ra on ""Speak to Us (Intro)"""
2026-10-05,soundcloud:tracks:db081ad27688e6162fd9d7a710140a2c,2025-09-02 18:25:02 UTC,2025-09-02,2025-09-02 18:25:02 UTC,2025-09-02,public,"[""amitafra"",""exclusive"",""voicenotes""]",,voice-notes-ami-taf-ra-on-gnowa-1,"Voice Notes: Ami Taf Ra on ""Gnawa"""
2026-10-05,soundcloud:tracks:01893a455d2f8410a52250b3002248f2,2025-09-02 18:25:02 UTC,2025-09-02,2025-09-02 18:25:02 UTC,2025-09-02,public,"[""amitafra"",""exclusive"",""voicenotes""]",,voice-notes-ami-taf-ra-on-love-2,"Voice Notes: Ami Taf Ra on ""Love"""
2026-10-05,soundcloud:tracks:9359024b81a19ccd2ca3a862b38fec18,2025-09-02 18:25:02 UTC,2025-09-02,2025-09-02 18:25:02 UTC,2025-09-02,public,"[""amitafra"",""exclusive"",""voicenotes""]",,voice-notes-ami-taf-ra-on-madman-6,"Voice Notes: Ami Taf Ra on ""How I Became a Madman"""
2026-10-05,soundcloud:tracks:5382a87025cea2ebc3ad9353262d175f,2025-09-02 18:25:02 UTC,2025-09-02,2025-09-02 18:25:02 UTC,2025-09-02,public,"[""amitafra"",""exclusive"",""voicenotes""]",,voice-notes-ami-taf-ra-on-children-5,"Voice Notes: Ami Taf Ra on ""Children"""
2026-10-05,soundcloud:tracks:046455867d8def77e106b1b7216346d8,2025-08-29 15:28:53 UTC,2025-08-29,2025-08-29 15:28:53 UTC,2025-08-29,public,"[""bigwild"",""exclusive"",""voicenotes""]",Electronic,voice-notes-big-wild-on-anymore,"Voice Notes: Big Wild on ""Anymore"""
2026-10-05,soundcloud:tracks:993f8a0eb479bda19c9b6b8d9009207b,2025-08-29 15:24:17 UTC,2025-08-29,2025-08-29 15:24:17 UTC,2025-08-29,public,"[""bigwild"",""exclusive"",""voicenotes""]",Electronic,voice-notes-big-wild-on-stardust,"Voice Notes: Big Wild on ""Stardust"""
2026-10-05,soundcloud:tracks:a79caa4d6590e7b87c0e458f64821392,2025-08-29 15:06:53 UTC,2025-08-29,2025-08-29 15:06:53 UTC,2025-08-29,public,"[""blaubrigada"",""exclusive"",""voicenotes""]",,voice-notes-balu-brigada-on-sideways-3,"Voice Notes: Balu Brigada on ""Sideways"""
2026-10-05,soundcloud:tracks:334eaf6881403a2a6460ffe99e914753,2025-08-29 15:06:53 UTC,2025-08-29,2025-08-29 15:06:53 UTC,2025-08-29,public,"[""blaubrigada"",""exclusive"",""voicenotes""]",,voice-notes-balu-brigada-on-backseat-1,"Voice Notes: Balu Brigada on ""Backseat"""
2026-10-05,soundcloud:tracks:dcaa451e792cc774bd5d6dd11bcb0421,2025-08-29 15:06:53 UTC,2025-08-29,2025-08-29 15:06:53 UTC,2025-08-29,public,"[""blaubrigada"",""exclusive"",""voicenotes""]",,voice-notes-balu-brigada-on-golden-gate-girl-2,"Voice Notes: Balu Brigada on ""Golden Gate Girl"""
2026-10-05,soundcloud:tracks:7c92fd600d763545d70c9e0bad3fa37f,2025-08-29 15:06:53 UTC,2025-08-29,2025-08-29 15:06:53 UTC,2025-08-29,public,"[""blaubrigada"",""exclusive"",""voicenotes""]",,voice-notes-balu-brigada-on-so-cold-4,"Voice Notes: Balu Brigada on ""So Cold"""
2026-10-05,soundcloud:tracks:918ede6d326779ea3c9dc5132e928e7b,2025-08-29 15:06:53 UTC,2025-08-29,2025-08-29 15:06:53 UTC,2025-08-29,public,"[""blaubrigada"",""exclusive"",""voicenotes""]",,voice-notes-balu-brigada-on-butterfly-boy-5,"Voice Notes: Balu Brigada on ""Butterfly Boy"""
2026-10-05,soundcloud:tracks:d16797af84f427472f4a700928a2d63b,2025-08-29 15:06:53 UTC,2025-08-29,2025-08-29 15:06:53 UTC,2025-08-29,public,"[""blaubrigada"",""exclusive"",""voicenotes""]",,voice-notes-balu-brigada-on-what-do-we-ever-really-know-6,"Voice Notes: Balu Brigada on ""What Do We Ever Really Know"""
2026-10-05,soundcloud:tracks:237627c47bd716269e68f68a4b882cd6,2025-08-28 13:54:33 UTC,2025-08-28,2025-08-28 13:54:33 UTC,2025-08-28,public,"[""exclusive"",""myd"",""voicenotes""]",Electronic,voice-notes-myd-on-all-that-glitters-is-not-gold-4,"Voice Notes: Myd on ""All That Glitters Is Not Gold"""
2026-10-05,soundcloud:tracks:a887a666cf3371d2ea40fb8c2425ff15,2025-08-28 13:54:33 UTC,2025-08-28,2025-08-28 13:54:33 UTC,2025-08-28,public,"[""exclusive"",""myd"",""voicenotes""]",Electronic,voice-notes-myd-on-our-home-3,"Voice Notes: Myd on ""Our Home"""
2026-10-05,soundcloud:tracks:6e8c5f779a48a3f4a168da79a41224fb,2025-08-28 13:54:33 UTC,2025-08-28,2025-08-28 13:54:33 UTC,2025-08-28,public,"[""exclusive"",""myd"",""voicenotes""]",Electronic,voice-notes-myd-on-so-high-1,"Voice Notes: Myd on ""So High"""
2026-10-05,soundcloud:tracks:f4f126081384be58b9d337e279168747,2025-08-28 13:54:33 UTC,2025-08-28,2025-08-28 13:54:33 UTC,2025-08-28,public,"[""exclusive"",""myd"",""voicenotes""]",Electronic,voice-notes-myd-on-song-for-you-2,"Voice Notes: Myd on ""Song For You"""
2026-10-05,soundcloud:tracks:db362dca3b59bb0ac67472f5d742fcf0,2025-08-27 19:25:09 UTC,2025-08-27,2025-08-27 19:25:09 UTC,2025-08-27,public,"[""exclusive"",""iniko"",""voicenotes""]",,voice-notes-iniko-on-333-4,"Voice Notes: INIKO on ""333"""
2026-10-05,soundcloud:tracks:921afeeed241dbaa7f5f3d300ffea62b,2025-08-27 19:25:09 UTC,2025-08-27,2025-08-27 19:25:09 UTC,2025-08-27,public,"[""exclusive"",""iniko"",""voicenotes""]",,voice-notes-iniko-on-transcendental-2,"Voice Notes: INIKO on ""Transcendental"""
2026-10-05,soundcloud:tracks:7bba59c2289b6bccc6dde01025c27034,2025-08-27 19:25:09 UTC,2025-08-27,2025-08-27 19:25:09 UTC,2025-08-27,public,"[""exclusive"",""iniko"",""voicenotes""]",,voice-notes-iniko-on-god-body-1,"Voice Notes: INIKO on ""God Body"""
2026-10-05,soundcloud:tracks:faa8609a98b028943723ac35e9d750af,2025-08-27 19:25:09 UTC,2025-08-27,2025-08-27 19:25:09 UTC,2025-08-27,public,"[""exclusive"",""iniko"",""voicenotes""]",,voice-notes-iniko-on-rain-6,"Voice Notes: INIKO on ""Rain"""
2026-10-05,soundcloud:tracks:07a8a2f0d72201c0e11b442e3b139938,2025-08-27 19:25:09 UTC,2025-08-27,2025-08-27 19:25:09 UTC,2025-08-27,public,"[""exclusive"",""iniko"",""voicenotes""]",,voice-notes-iniko-on-jerico-5,"Voice Notes: INIKO on ""Jericho"""
2026-10-05,soundcloud:tracks:a58ab77719a01313fd8ad5a7f5ff056b,2025-08-27 19:25:09 UTC,2025-08-27,2025-08-27 19:25:09 UTC,2025-08-27,public,"[""exclusive"",""iniko"",""voicenotes""]",,voice-notes-iniko-on-yosemite-3,"Voice Notes: INIKO on ""Yosemite"""
2026-10-05,soundcloud:tracks:e85b4fcc6ee89f7b7409d5d3daabad5c,2025-08-25 18:18:49 UTC,2025-08-25,2025-08-25 18:18:49 UTC,2025-08-25,public,"[""exclusive"",""noizinski"",""voicenotes""]",,voice-notes-noizinski-on-stasis-1,"Voice Notes: Noizinski on ""Stasis"""
2026-10-05,soundcloud:tracks:4456043d6afedbb735f5ba25856f84fb,2025-08-25 18:18:49 UTC,2025-08-25,2025-08-25 18:18:49 UTC,2025-08-25,public,"[""exclusive"",""noizinski"",""voicenotes""]",,voice-notes-noizinski-on-exile-4,"Voice Notes: Noizinski on ""Exile"""
2026-10-05,soundcloud:tracks:7adff5c9687698bc1fe0edb937b70d52,2025-08-25 18:18:49 UTC,2025-08-25,2025-08-25 18:18:49 UTC,2025-08-25,public,"[""exclusive"",""noizinski"",""voicenotes""]",,voice-notes-noizinski-on-the-same-2,"Voice Notes: Noizinski on ""The same"""
2026-10-05,soundcloud:tracks:cc0fb84248c34418fb6247e2ca5cdb68,2025-08-25 18:18:49 UTC,2025-08-25,2025-08-25 18:18:49 UTC,2025-08-25,public,"[""exclusive"",""noizinski"",""voicenotes""]",,voice-notes-noizinski-on-beyond-5,"Voice Notes: Noizinski on ""Beyond"""
2026-10-05,soundcloud:tracks:fd89cd8c76eb062888732a9a8733f76c,2025-08-25 18:18:49 UTC,2025-08-25,2025-08-25 18:18:49 UTC,2025-08-25,public,"[""exclusive"",""noizinski"",""voicenotes""]",,voice-notes-noizinski-on-entwined-3,"Voice Notes: Noizinski on ""Entwined"""
2026-10-05,soundcloud:tracks:fa3e195f0d96b3a65c389ebac13d4e1f,2025-08-20 17:38:49 UTC,2025-08-20,2025-08-20 17:58:54 UTC,2025-08-20,public,"[""coolio"",""gangsta'sparadise"",""hip-hop&rap""]",,voice-notes-producer-doug-rasheed-on-coolios-gangstas-paradise,"Voice Notes: Producer Doug Rasheed on Coolio's ""Gangsta's Paradise"""
2026-10-05,soundcloud:tracks:a620073c169d8a6e5904ea05dd2e6506,2025-08-15 17:36:17 UTC,2025-08-15,2025-08-22 14:35:16 UTC,2025-08-22,public,"[""dera"",""exclusive"",""voicenotes""]",,voice-notes-dara-on-saroje-3,"Voice Notes: Dera on ""SAROJE"""
2026-10-05,soundcloud:tracks:abb8b53453a87edf576bbf641438466e,2025-08-15 17:36:17 UTC,2025-08-15,2025-08-22 14:35:06 UTC,2025-08-22,public,"[""dera"",""exclusive"",""voicenotes""]",,voice-notes-dara-on-sade-2,"Voice Notes: Dera on ""Sade"""
2026-10-05,soundcloud:tracks:121bcfb24c97cea4a57eb825f4224597,2025-08-15 17:36:17 UTC,2025-08-15,2025-08-22 14:34:47 UTC,2025-08-22,public,"[""dera"",""exclusive"",""voicenotes""]",,voice-notes-dara-on-any-other-day-1,"Voice Notes: Dera on ""Any Other Day"""
2026-10-05,soundcloud:tracks:ad233402930c937e22e8333b80c4230b,2025-08-15 16:26:05 UTC,2025-08-15,2025-08-20 16:16:18 UTC,2025-08-20,public,"[""exclusive"",""shadient"",""voicenotes""]",Electronic,voice-notes-shadient-on-secret-path-2,"Voice Notes: Shadient on ""SECRET PATH"""
2026-10-05,soundcloud:tracks:2ac331329de0fd3756c91bbcf43e725b,2025-08-15 16:26:05 UTC,2025-08-15,2025-08-20 16:16:07 UTC,2025-08-20,public,"[""exclusive"",""shadient"",""voicenotes""]",Electronic,voice-notes-shadient-on-basilisk-4,"Voice Notes: Shadient on ""BASILISK"""
2026-10-05,soundcloud:tracks:b8bbf41e7e3af6f0fd732e976b61e74a,2025-08-15 16:26:05 UTC,2025-08-15,2025-08-20 16:15:52 UTC,2025-08-20,public,"[""exclusive"",""shadient"",""voicenotes""]",Electronic,voice-notes-shadient-on-phaserbeam-3,"Voice Notes: Shadient on ""PHASERBEAM"""
2026-10-05,soundcloud:tracks:45325988fdf5e7a213c9783a3f9924b2,2025-08-15 16:26:05 UTC,2025-08-15,2025-08-20 16:15:40 UTC,2025-08-20,public,"[""exclusive"",""shadient"",""voicenotes""]",Electronic,voice-notes-shadient-on-interloper-1,"Voice Notes: Shadient on ""INTERLOPER"""
2026-10-05,soundcloud:tracks:b353ff142c6fc951aeaaad14551bbc1b,2025-08-15 16:26:05 UTC,2025-08-15,2025-08-20 16:14:51 UTC,2025-08-20,public,"[""exclusive"",""shadient"",""voicenotes""]",Electronic,voice-notes-shadient-on-liquid-sky-5,"Voice Notes: Shadient on ""LIQUID SKY"""
2026-10-05,soundcloud:tracks:efa2fe526360a43307a95839a5650db1,2025-08-15 16:06:23 UTC,2025-08-15,2025-08-22 14:45:23 UTC,2025-08-22,public,,,voice-notes-chrissy-spratt-on-hold-me-down,"Voice Notes: Chrissy Spratt on ""Hold Me Down"""
2026-10-05,soundcloud:tracks:69f9302b20966a8f10ae2a937110db00,2025-08-15 16:05:48 UTC,2025-08-15,2025-08-22 14:45:42 UTC,2025-08-22,public,,,voice-notes-chrissy-spratt-on-dim-my-light,"Voice Notes: Chrissy Spratt on ""Dim My Light"""
2026-10-05,soundcloud:tracks:88555371b75095b81a172b61de4f5f15,2025-08-15 16:03:52 UTC,2025-08-15,2025-08-22 14:44:56 UTC,2025-08-22,public,"[""chrissyspratt"",""exclusive"",""voicenotes""]",,voice-notes-chrissy-spratt-on-like-dis,"Voice Notes: Chrissy Spratt on ""Like Dis"""
2026-10-05,soundcloud:tracks:0a7bdd37b11da5c9d5acf2e9076b3e12,2025-08-15 15:18:12 UTC,2025-08-15,2025-08-20 20:39:15 UTC,2025-08-20,public,"[""exclusive"",""myleslloyd"",""voicenotes""]",,voice-notes-myles-lloyd-on-closer-2,"Voice Notes: Myles Lloyd on ""Closer"""
2026-10-05,soundcloud:tracks:f9818098efc3f010481f936c240fea45,2025-08-15 15:18:12 UTC,2025-08-15,2025-08-20 20:38:20 UTC,2025-08-20,public,"[""exclusive"",""myleslloyd"",""voicenotes""]",,voice-notes-myles-lloyd-on-i-want-it-all-6,"Voice Notes: Myles Lloyd on ""I Want It All"""
2026-10-05,soundcloud:tracks:cd752071fbced5cee8f567698dffb3f2,2025-08-15 15:18:12 UTC,2025-08-15,2025-08-20 20:38:42 UTC,2025-08-20,public,"[""exclusive"",""myleslloyd"",""voicenotes""]",,voice-notes-myles-lloyd-on-drive-me-crazy-1,"Voice Notes: Myles Lloyd on ""Drive Me Crazy"""
2026-10-05,soundcloud:tracks:955f447c03de3534f413103b59b6dd35,2025-08-13 18:19:20 UTC,2025-08-13,2025-08-13 18:19:20 UTC,2025-08-13,public,"[""exclusive"",""raekwon"",""voicenotes""]",Hip-hop & Rap,voice-notes-raekwon-on-bear-hill-3,"Voice Notes: Raekwon on ""Bear Hill"""
2026-10-05,soundcloud:tracks:8c0f291fb2d0f3193b62822889accb90,2025-08-13 18:19:20 UTC,2025-08-13,2025-08-13 18:19:20 UTC,2025-08-13,public,"[""exclusive"",""raekwon"",""voicenotes""]",Hip-hop & Rap,voice-notes-raekwon-on-the-omerta-4,"Voice Notes: Raekwon on ""The Omertà"""
2026-10-05,soundcloud:tracks:3670d17403505d147c369945857bd856,2025-08-13 18:19:20 UTC,2025-08-13,2025-08-13 18:19:20 UTC,2025-08-13,public,"[""exclusive"",""raekwon"",""voicenotes""]",Hip-hop & Rap,voice-notes-raekwon-on-600-school-1,"Voice Notes: Raekwon on ""600 School"""
2026-10-05,soundcloud:tracks:14cb17af8ca5cc0d3e4a437ad8797f03,2025-08-13 18:19:20 UTC,2025-08-13,2025-08-13 18:19:20 UTC,2025-08-13,public,"[""exclusive"",""raekwon"",""voicenotes""]",Hip-hop & Rap,voice-notes-raekwon-on-1-life-2,"Voice Notes: Raekwon on ""1 Life"""
2026-10-05,soundcloud:tracks:1ca7fcc8806565eec2402b2387848204,2025-08-13 13:12:17 UTC,2025-08-13,2025-08-13 13:12:17 UTC,2025-08-13,public,"[""adrianlyles"",""excluisve"",""voicenotes""]",,voice-notes-adrian-lyles-on-king-of-everything-5,"Voice Notes: Adrian Lyles on ""King Of Everything"""
2026-10-05,soundcloud:tracks:26ad00961fc9ee23d67ae0c6ab8dc281,2025-08-13 13:12:17 UTC,2025-08-13,2025-08-13 13:12:17 UTC,2025-08-13,public,"[""adrianlyles"",""excluisve"",""voicenotes""]",,voice-notes-adrian-lyles-on-way-down-6,"Voice Notes: Adrian Lyles on ""Way Down"""
2026-10-05,soundcloud:tracks:70ab19bb758ac1ab8e104b7fa40a95cf,2025-08-13 13:12:17 UTC,2025-08-13,2025-08-13 13:12:17 UTC,2025-08-13,public,"[""adrianlyles"",""excluisve"",""voicenotes""]",,voice-notes-adrian-lyles-on-take-it-easy-4,"Voice Notes: Adrian Lyles on ""Take It Easy"""
2026-10-05,soundcloud:tracks:bd079998a8d9cff3f0afb54e1e40a8a3,2025-08-13 13:12:17 UTC,2025-08-13,2025-08-13 13:12:17 UTC,2025-08-13,public,"[""adrianlyles"",""excluisve"",""voicenotes""]",,voice-notes-adrian-lyles-on-peace-of-mind-2,"Voice Notes: Adrian Lyles on ""Peace Of Mind"""
2026-10-05,soundcloud:tracks:09ee3f6e7c1ce86508e774fe0da6fe35,2025-08-13 13:12:17 UTC,2025-08-13,2025-08-13 13:12:17 UTC,2025-08-13,public,"[""adrianlyles"",""excluisve"",""voicenotes""]",,voice-notes-adrian-lyles-on-formalize-me-3,"Voice Notes: Adrian Lyles on ""Formalize Me"""
2026-10-05,soundcloud:tracks:d3734a4e84eee0328aa023076387f352,2025-08-13 13:12:17 UTC,2025-08-13,2025-08-13 13:12:17 UTC,2025-08-13,public,"[""adrianlyles"",""excluisve"",""voicenotes""]",,voice-notes-adrian-lyles-on-concrete-boy-1,"Voice Notes: Adrian Lyles on ""Concrete Boy"""
2026-10-05,soundcloud:tracks:7a415fc0fd4f00597058b53a479379e2,2025-08-11 17:48:02 UTC,2025-08-11,2025-08-11 17:48:02 UTC,2025-08-11,public,"[""exclusive"",""rioromero"",""voicenotes""]",,voice-notes-rio-romeo-on-orchard-of-one-3,"Voice Notes: Rio Romeo on ""Orchard Of One"""
2026-10-05,soundcloud:tracks:d6b917c9a156230c32bb40f3fbcac05e,2025-08-11 17:48:02 UTC,2025-08-11,2025-08-11 17:48:02 UTC,2025-08-11,public,"[""exclusive"",""rioromero"",""voicenotes""]",,voice-notes-rio-romeo-on-without-you-4,"Voice Notes: Rio Romeo on ""Without You"""
2026-10-05,soundcloud:tracks:174401c0504d5525c297e228df234611,2025-08-11 17:48:02 UTC,2025-08-11,2025-08-11 17:48:02 UTC,2025-08-11,public,"[""exclusive"",""rioromero"",""voicenotes""]",,voice-notes-rio-romeo-on-i-might-be-the-problem-2,"Voice Notes: Rio Romeo on ""I Might Be The Problem"""
2026-10-05,soundcloud:tracks:f7b9c5658f5a7da623c0da5239eb7595,2025-08-11 17:48:02 UTC,2025-08-11,2025-08-11 17:48:02 UTC,2025-08-11,public,"[""exclusive"",""rioromero"",""voicenotes""]",,voice-notes-rio-romeo-on-johnny-scott-1,"Voice Notes: Rio Romeo on ""JOHNNYSCOTT"""
2026-10-05,soundcloud:tracks:4ce72a6db8c8b570a1c973f28a93f50d,2025-08-11 16:11:39 UTC,2025-08-11,2025-08-11 16:11:39 UTC,2025-08-11,public,"[""elhae"",""exclusive"",""voicenotes""]",,voice-notes-elhae-on-intro-1,"Voice Notes: ELHAE on ""Intro"""
2026-10-05,soundcloud:tracks:20d367d493948b08133d6ad7fdf52bed,2025-08-11 16:11:39 UTC,2025-08-11,2025-08-11 16:11:39 UTC,2025-08-11,public,"[""elhae"",""exclusive"",""voicenotes""]",,voice-notes-elhae-on-i-choose-you-12,"Voice Notes: ELHAE on ""I Choose You"""
2026-10-05,soundcloud:tracks:e3110cded545aabb4a4ebc0a3e7f0060,2025-08-11 16:11:39 UTC,2025-08-11,2025-08-11 16:11:39 UTC,2025-08-11,public,"[""elhae"",""exclusive"",""voicenotes""]",,voice-notes-elhae-on-all-bad-8,"Voice Notes: ELHAE on ""All Bad"""
2026-10-05,soundcloud:tracks:05ad1836a6f45f4a836d5bc19490a10f,2025-08-11 16:11:39 UTC,2025-08-11,2025-08-11 16:11:39 UTC,2025-08-11,public,"[""elhae"",""exclusive"",""voicenotes""]",,voice-notes-elhae-on-change-my-ways-5,"Voice Notes: ELHAE on ""Change My Ways"""
2026-10-05,soundcloud:tracks:4a446f2b55058bbdb12d6b3638fa8554,2025-08-11 16:11:39 UTC,2025-08-11,2025-08-11 16:11:39 UTC,2025-08-11,public,"[""elhae"",""exclusive"",""voicenotes""]",,voice-notes-elhae-on-she-loves-me-4,"Voice Notes: ELHAE on ""She Loves Me"""
2026-10-05,soundcloud:tracks:463ed9f692530c2a39d6fa08af560193,2025-08-11 16:11:39 UTC,2025-08-11,2025-08-11 16:11:39 UTC,2025-08-11,public,"[""elhae"",""exclusive"",""voicenotes""]",,voice-notes-elhae-on-touch-3,"Voice Notes: ELHAE on ""Touch"""
2026-10-05,soundcloud:tracks:2f22a06e44a5a80bb07e155fef6761e6,2025-08-11 16:11:39 UTC,2025-08-11,2025-08-11 16:11:39 UTC,2025-08-11,public,"[""elhae"",""exclusive"",""voicenotes""]",,voice-notes-elhae-on-not-myself-7,"Voice Notes: ELHAE on ""Not Myself"""
2026-10-05,soundcloud:tracks:c4949bf19fd8c0bb6e1310755c23ad21,2025-08-11 16:11:39 UTC,2025-08-11,2025-08-11 16:11:39 UTC,2025-08-11,public,"[""elhae"",""exclusive"",""voicenotes""]",,voice-notes-elhae-on-is-this-love-2,"Voice Notes: ELHAE on ""Is This Love?"""
2026-10-05,soundcloud:tracks:239910627d4757462127483c71fcd99f,2025-08-11 16:11:39 UTC,2025-08-11,2025-08-11 16:11:39 UTC,2025-08-11,public,"[""elhae"",""exclusive"",""voicenotes""]",,voice-notes-elhae-on-breaking-my-own-heart-10,"Voice Notes: ELHAE on ""Breaking My Own Heart"""
2026-10-05,soundcloud:tracks:750024bc51625fe40fb8209a077d478a,2025-08-11 16:11:39 UTC,2025-08-11,2025-08-11 16:11:39 UTC,2025-08-11,public,"[""elhae"",""exclusive"",""voicenotes""]",,voice-notes-elhae-on-halfway-love-2-11,"Voice Notes: ELHAE on ""Halfway Love 2"""
2026-10-05,soundcloud:tracks:4a45411fefa1f1b3e3cc5b4690b3d37b,2025-08-11 16:11:39 UTC,2025-08-11,2025-08-11 16:11:39 UTC,2025-08-11,public,"[""elhae"",""exclusive"",""voicenotes""]",,voice-notes-elhae-on-encore-interlude-9,"Voice Notes: ELHAE on ""Encore Interlude"""
2026-10-05,soundcloud:tracks:666b178e93fd096d77cdac2e3ac0b481,2025-08-11 16:11:39 UTC,2025-08-11,2025-08-11 16:11:39 UTC,2025-08-11,public,"[""elhae"",""exclusive"",""voicenotes""]",,voice-notes-elhae-on-hit-the-same-6,"Voice Notes: ELHAE on ""Hit The Same"""
2026-10-05,soundcloud:tracks:0e5a7c597a341fb97c045bcf777b7650,2025-08-08 16:57:50 UTC,2025-08-08,2025-08-08 16:57:50 UTC,2025-08-08,public,"[""bobmoses"",""exclusive"",""voicenotres""]",Electronic,voice-notes-bob-moses-on-last-forever,"Voice Notes: Bob Moses on ""Last Forever"""
2026-10-05,soundcloud:tracks:5413b233eb90314fba3c8e3ba2d1c20d,2025-08-06 13:20:46 UTC,2025-08-06,2025-08-06 13:20:46 UTC,2025-08-06,public,"[""exclusive"",""indiashawn"",""voicenotes""]",,voice-notes-india-shawn-on-cotton-candy-blvd,"Voice Notes: India Shawn on ""Cotton Candy Blvd"""
2026-10-05,soundcloud:tracks:5ca2dc2f40adbe677565757a7b7a1858,2025-08-05 14:23:25 UTC,2025-08-05,2025-08-05 14:23:25 UTC,2025-08-05,public,"[""betweenfriends"",""exclusive"",""voicenotes""]",Pop,voice-notes-between-friends-on-jam-5,"Voice Notes: BETWEEN FRIENDS on ""JAM !"""
2026-10-05,soundcloud:tracks:7b58ba0276b0d161f58d0498488caff3,2025-08-05 14:23:25 UTC,2025-08-05,2025-08-05 14:23:25 UTC,2025-08-05,public,"[""betweenfriends"",""exclusive"",""voicenotes""]",Pop,voice-notes-between-friends-on-chevron-6,"Voice Notes: BETWEEN FRIENDS on ""Chevron"""
2026-10-05,soundcloud:tracks:2443d0077032ccff3a6c33c81092b9cb,2025-08-05 14:23:25 UTC,2025-08-05,2025-08-05 14:23:25 UTC,2025-08-05,public,"[""betweenfriends"",""exclusive"",""voicenotes""]",Pop,voice-notes-between-friends-on-you-me-time-1,"Voice Notes: BETWEEN FRIENDS on ""You & Me Time"""
2026-10-05,soundcloud:tracks:367e3451a80db67f6732acbcca963976,2025-08-05 14:23:25 UTC,2025-08-05,2025-08-05 14:23:25 UTC,2025-08-05,public,"[""betweenfriends"",""exclusive"",""voicenotes""]",Pop,voice-notes-between-friends-on-blow-2,"Voice Notes: BETWEEN FRIENDS on ""BLOW"""
2026-10-05,soundcloud:tracks:56e5659fc5c2cfad4dcb3ea1a053d329,2025-08-05 14:23:25 UTC,2025-08-05,2025-08-05 14:23:25 UTC,2025-08-05,public,"[""betweenfriends"",""exclusive"",""voicenotes""]",Pop,voice-notes-between-friends-on-soda-3,"Voice Notes: BETWEEN FRIENDS on ""Soda"""
2026-10-05,soundcloud:tracks:9403e7c94ba149a71ed745dc7ce9e20d,2025-08-05 14:23:25 UTC,2025-08-05,2025-08-05 14:23:25 UTC,2025-08-05,public,"[""betweenfriends"",""exclusive"",""voicenotes""]",Pop,voice-notes-between-friends-on-parking-lot-4,"Voice Notes: BETWEEN FRIENDS on ""Parking Lot"""
2026-10-05,soundcloud:tracks:994fb9c1ec1fb04a4332c583d5616817,2025-08-04 18:37:10 UTC,2025-08-04,2025-08-04 18:37:10 UTC,2025-08-04,public,"[""exclusive"",""konshens"",""voicenotes""]",Dancehall,voice-notes-konshes-on-rich-sex-1,"Voice Notes: Konshes on ""Rich Sex"""
2026-10-05,soundcloud:tracks:e21e693bd46b84de82f730d1b457541c,2025-08-04 18:37:10 UTC,2025-08-04,2025-08-04 18:37:10 UTC,2025-08-04,public,"[""exclusive"",""konshens"",""voicenotes""]",Dancehall,voice-notes-konshes-on-bend-2,"Voice Notes: Konshes on ""Bend"""
2026-10-05,soundcloud:tracks:4116bafd9cef6e9eb81599d315ee5fab,2025-08-04 18:37:10 UTC,2025-08-04,2025-08-04 18:37:10 UTC,2025-08-04,public,"[""exclusive"",""konshens"",""voicenotes""]",Dancehall,voice-notes-konshes-on-battle-zone-5,"Voice Notes: Konshes on ""Battle Zone"""
2026-10-05,soundcloud:tracks:5d74afde640bd94eba357281abc483c2,2025-08-04 18:37:10 UTC,2025-08-04,2025-08-04 18:37:10 UTC,2025-08-04,public,"[""exclusive"",""konshens"",""voicenotes""]",Dancehall,voice-notes-konshes-on-wet-and-wild-4,"Voice Notes: Konshes on ""Wet And Wild"""
2026-10-05,soundcloud:tracks:cb49963c2b4f5b17b011125ff7ef82c2,2025-08-04 18:37:10 UTC,2025-08-04,2025-08-04 18:37:10 UTC,2025-08-04,public,"[""exclusive"",""konshens"",""voicenotes""]",Dancehall,voice-notes-konshes-on-bdau-3,"Voice Notes: Konshes on ""Back Dat Azz Up"""
2026-10-05,soundcloud:tracks:b63e37c162ec854564bcd3cbabc11df0,2025-08-01 15:27:04 UTC,2025-08-01,2025-08-01 15:27:04 UTC,2025-08-01,public,"[""avalon"",""exclusive"",""voicenotes""]",,voice-notes-avalon-on-so-good-2,"Voice Notes: Avalon on ""so good"""
2026-10-05,soundcloud:tracks:262f4d96d7c5b71448839873d4af8e41,2025-08-01 15:27:04 UTC,2025-08-01,2025-08-01 15:27:04 UTC,2025-08-01,public,"[""avalon"",""exclusive"",""voicenotes""]",,voice-notes-avalon-on-harder-to-reach-than-god-1,"Voice Notes: Avalon on ""harder to reach than god"""
2026-10-05,soundcloud:tracks:76c62bc479055f9223b9d6331b61985f,2025-08-01 15:27:04 UTC,2025-08-01,2025-08-01 15:27:04 UTC,2025-08-01,public,"[""avalon"",""exclusive"",""voicenotes""]",,voice-notes-avalon-on-forever-5,"Voice Notes: Avalon on ""forever"""
2026-10-05,soundcloud:tracks:1d5b52fa68392ec67d4d481d85861159,2025-08-01 15:27:04 UTC,2025-08-01,2025-08-01 15:27:04 UTC,2025-08-01,public,"[""avalon"",""exclusive"",""voicenotes""]",,voice-notes-avalon-on-dedication-hour-3,"Voice Notes: Avalon on ""dedication hour"""
2026-10-05,soundcloud:tracks:0c644eb463f2d8b051734c0b187f88da,2025-08-01 15:27:04 UTC,2025-08-01,2025-08-01 15:27:04 UTC,2025-08-01,public,"[""avalon"",""exclusive"",""voicenotes""]",,voice-notes-avalon-on-scream-4,"Voice Notes: Avalon on ""scream"""
2026-10-05,soundcloud:tracks:6513ea92d598e4f7b75ca2a7347fce0f,2025-08-01 15:05:05 UTC,2025-08-01,2025-08-01 15:05:05 UTC,2025-08-01,public,"[""exclusive"",""rebūke"",""voicenotes""]",Dance & EDM,voice-notes-rebuke-on-ignite-4,"Voice Notes: Rebūke on ""Ignite"""
2026-10-05,soundcloud:tracks:7b4c548cc49f5eeb48e4a5b3ff3bc3a0,2025-08-01 15:05:05 UTC,2025-08-01,2025-08-01 15:05:05 UTC,2025-08-01,public,"[""exclusive"",""rebūke"",""voicenotes""]",Dance & EDM,voice-notes-rebuke-on-forever-5,"Voice Notes: Rebūke on ""Forever"""
2026-10-05,soundcloud:tracks:1bee192b26c9f7af15c18d4fd1a66fed,2025-08-01 15:05:05 UTC,2025-08-01,2025-08-01 15:05:05 UTC,2025-08-01,public,"[""exclusive"",""rebūke"",""voicenotes""]",Dance & EDM,voice-notes-rebuke-on-chaos-3,"Voice Notes: Rebūke on ""Chaos"""
2026-10-05,soundcloud:tracks:77b07a50efa899ff2319656b2b337d7b,2025-08-01 15:05:05 UTC,2025-08-01,2025-08-01 15:05:05 UTC,2025-08-01,public,"[""exclusive"",""rebūke"",""voicenotes""]",Dance & EDM,voice-notes-rebuke-on-teardrops-6,"Voice Notes: Rebūke on ""Teardrops"""
2026-10-05,soundcloud:tracks:73cc448284dbe9cddcfbb4bdff730a82,2025-08-01 15:05:05 UTC,2025-08-01,2025-08-01 15:05:05 UTC,2025-08-01,public,"[""exclusive"",""rebūke"",""voicenotes""]",Dance & EDM,voice-notes-rebuke-on-endless-2,"Voice Notes: Rebūke on ""Endless"""
2026-10-05,soundcloud:tracks:1efc3a9b1bb1a39a45da5d7e17f0e732,2025-08-01 15:05:05 UTC,2025-08-01,2025-08-01 15:05:05 UTC,2025-08-01,public,"[""exclusive"",""rebūke"",""voicenotes""]",Dance & EDM,voice-notes-rebuke-on-choose-life-1,"Voice Notes: Rebūke on ""Choose Life"""
2026-10-05,soundcloud:tracks:d8126ee8b2e0eecb1ff4951cde6fd77d,2025-07-30 16:20:40 UTC,2025-07-30,2025-07-30 16:20:40 UTC,2025-07-30,public,"[""exclusive"",""kiesza"",""voicenotes""]",Dance & EDM,voice-notes-kiesza-on-its-my-birthday-1,"Voice Notes: Kiesza on ""Its My Birthday"""
2026-10-05,soundcloud:tracks:bf4d69f9eeb97d3ed7c2178ee1bcc2d0,2025-07-30 16:20:40 UTC,2025-07-30,2025-07-30 16:20:40 UTC,2025-07-30,public,"[""exclusive"",""kiesza"",""voicenotes""]",Dance & EDM,voice-notes-kiesza-on-runway-3,"Voice Notes: Kiesza on ""Runway"""
2026-10-05,soundcloud:tracks:a85a85667bd9987270dc60373a29f669,2025-07-30 16:20:40 UTC,2025-07-30,2025-07-30 16:20:40 UTC,2025-07-30,public,"[""exclusive"",""kiesza"",""voicenotes""]",Dance & EDM,voice-notes-kiesza-on-ruin-my-life-2,"Voice Notes: Kiesza on ""Ruin My Life"""
2026-10-05,soundcloud:tracks:4e19922f10ff492c9abe91e557c5adaf,2025-07-30 16:20:40 UTC,2025-07-30,2025-07-30 16:20:40 UTC,2025-07-30,public,"[""exclusive"",""kiesza"",""voicenotes""]",Dance & EDM,voice-notes-kiesza-on-stays-in-bed-5,"Voice Notes: Kiesza on ""Stays In Bed"""
2026-10-05,soundcloud:tracks:9e075678ab218267a9c71dd49e1586e6,2025-07-30 16:20:40 UTC,2025-07-30,2025-07-30 16:20:40 UTC,2025-07-30,public,"[""exclusive"",""kiesza"",""voicenotes""]",Dance & EDM,voice-notes-kiesza-on-so-erotic-4,"Voice Notes: Kiesza on ""So Erotic"""
2026-10-05,soundcloud:tracks:ed7845c3fa53f53df49266fbfd3447af,2025-07-30 16:20:40 UTC,2025-07-30,2025-07-30 16:20:40 UTC,2025-07-30,public,"[""exclusive"",""kiesza"",""voicenotes""]",Dance & EDM,voice-notes-kiesza-on-to-die-to-sleep-6,"Voice Notes: Kiesza on ""To Die To Sleep"""
2026-10-05,soundcloud:tracks:d5db60ead26a2860399e45cfae1e6768,2025-07-28 20:07:03 UTC,2025-07-28,2025-07-28 20:07:03 UTC,2025-07-28,public,"[""exclusive"",""quinnxcii"",""voicenotes""]",Folk & Singer-Songwriter,voice-notes-quinn-xcii-on-olive-tree-2,"Voice Notes: Quinn XCII on ""Olive Tree"""
2026-10-05,soundcloud:tracks:0477ce4952cc1956572d861dd5a88d7d,2025-07-28 20:07:03 UTC,2025-07-28,2025-07-28 20:07:03 UTC,2025-07-28,public,"[""exclusive"",""quinnxcii"",""voicenotes""]",Folk & Singer-Songwriter,voice-notes-quinn-xcii-on-dodged-a-bullet-4,"Voice Notes: Quinn XCII on ""Dodged A Bullet"""
2026-10-05,soundcloud:tracks:0cf421041497e2589f439d0c644f7e7a,2025-07-28 20:07:03 UTC,2025-07-28,2025-07-28 20:07:03 UTC,2025-07-28,public,"[""exclusive"",""quinnxcii"",""voicenotes""]",Folk & Singer-Songwriter,voice-notes-quinn-xcii-on-live-let-go-3,"Voice Notes: Quinn XCII on ""Live & Let Go"""
2026-10-05,soundcloud:tracks:3dde1f73831324828ed59ad912e1147b,2025-07-28 20:07:03 UTC,2025-07-28,2025-07-28 20:07:03 UTC,2025-07-28,public,"[""exclusive"",""quinnxcii"",""voicenotes""]",Folk & Singer-Songwriter,voice-notes-quinn-xcii-on-yellow-brick-road-1,"Voice Notes: Quinn XCII on ""Yellow Brick Road"""
2026-10-05,soundcloud:tracks:316476221a5aea6fee87b35da88c1ba9,2025-07-28 20:07:03 UTC,2025-07-28,2025-07-28 20:07:03 UTC,2025-07-28,public,"[""exclusive"",""quinnxcii"",""voicenotes""]",Folk & Singer-Songwriter,voice-notes-quinn-xcii-on-florence-5,"Voice Notes: Quinn XCII on ""Florence"""
2026-10-05,soundcloud:tracks:4388244978a4be3f19eeda5d4a38ef55,2025-07-28 18:55:51 UTC,2025-07-28,2025-07-28 18:55:51 UTC,2025-07-28,public,"[""exclusive"",""gudfella"",""voicenotes""]",Dance & EDM,voice-notes-gudfella-on-pillowtalk-1,"Voice Notes: GUDFELLA on ""pillowtalk"""
2026-10-05,soundcloud:tracks:e88c35ef9e880edd8f2812b5ad69e7fe,2025-07-28 18:55:51 UTC,2025-07-28,2025-07-28 18:55:51 UTC,2025-07-28,public,"[""exclusive"",""gudfella"",""voicenotes""]",Dance & EDM,voice-notes-gudfella-on-groove4me-5,"Voice Notes: GUDFELLA on ""groove4me"""
2026-10-05,soundcloud:tracks:b2821d72c40967ec843cd080f1443755,2025-07-28 18:55:51 UTC,2025-07-28,2025-07-28 18:55:51 UTC,2025-07-28,public,"[""exclusive"",""gudfella"",""voicenotes""]",Dance & EDM,voice-notes-gudfella-on-afties-4,"Voice Notes: GUDFELLA on ""afties"""
2026-10-05,soundcloud:tracks:cf24cd6117c315a3b602309dd78a321e,2025-07-28 18:55:51 UTC,2025-07-28,2025-07-28 18:55:51 UTC,2025-07-28,public,"[""exclusive"",""gudfella"",""voicenotes""]",Dance & EDM,voice-notes-gudfella-on-terrace-lullaby-drowning-3,"Voice Notes: GUDFELLA on ""terrace lullaby (drowning)"""
2026-10-05,soundcloud:tracks:82cda0d59a6fd69dc20bb1f58aac3f34,2025-07-28 18:55:51 UTC,2025-07-28,2025-07-28 18:55:51 UTC,2025-07-28,public,"[""exclusive"",""gudfella"",""voicenotes""]",Dance & EDM,voice-notes-gudfella-on-looking-2,"Voice Notes: GUDFELLA on ""looking"""
2026-10-05,soundcloud:tracks:f97d937a121b67bee027321795c3f9bc,2025-07-25 15:06:54 UTC,2025-07-25,2025-07-25 15:06:54 UTC,2025-07-25,public,"[""cheatcodes"",""exclusive"",""voicenotes""]",Dance & EDM,voice-notes-cheat-codes-on-go-to-hell-1,"Voice Notes: Cheat Codes on ""Go To Hell"""
2026-10-05,soundcloud:tracks:bcdc1b41c2b381f32502ce046fbddb41,2025-07-25 15:06:54 UTC,2025-07-25,2025-07-25 15:06:54 UTC,2025-07-25,public,"[""cheatcodes"",""exclusive"",""voicenotes""]",Dance & EDM,voice-notes-cheat-codes-on-human-2,"Voice Notes: Cheat Codes on ""Human"""
2026-10-05,soundcloud:tracks:245b44ad83d4ff147980133cb7935a8a,2025-07-25 15:06:54 UTC,2025-07-25,2025-07-25 15:06:54 UTC,2025-07-25,public,"[""cheatcodes"",""exclusive"",""voicenotes""]",Dance & EDM,voice-notes-cheat-codes-on-more-than-anybody-3,"Voice Notes: Cheat Codes on ""More Than Anybody"""
2026-10-05,soundcloud:tracks:1ee0223da7ce26c7e06a57957373abeb,2025-07-25 14:13:25 UTC,2025-07-25,2025-07-25 14:13:25 UTC,2025-07-25,public,"[""bigwild"",""exclusive"",""voicenotes""]",Dance & EDM,voice-notes-big-wild-on-too-loud,"Voice Notes: Big Wild on ""Too Loud"""
2026-10-05,soundcloud:tracks:1b6d58a76ecfd9eea2747b89f2dab862,2025-07-23 16:45:29 UTC,2025-07-23,2025-07-23 16:45:29 UTC,2025-07-23,public,"[""exclusive"",""suburban"",""voicenotes""]",,voice-notes-sub-urban-on-mycelium-2,"Voice Notes: Sub Urban on ""Mycelium Eyes"""
2026-10-05,soundcloud:tracks:9a727f60a5b41d5bc2d56d6ba5594661,2025-07-23 16:45:29 UTC,2025-07-23,2025-07-23 16:45:29 UTC,2025-07-23,public,"[""exclusive"",""suburban"",""voicenotes""]",,voice-notes-sub-urban-on-what-you-sow-1,"Voice Notes: Sub Urban on ""What You Sow"""
2026-10-05,soundcloud:tracks:8f1113ee3f0c57b809c63edb72d087a2,2025-07-23 16:45:29 UTC,2025-07-23,2025-07-23 16:45:29 UTC,2025-07-23,public,"[""exclusive"",""suburban"",""voicenotes""]",,voice-notes-sub-urban-on-make-me-forget-3,"Voice Notes: Sub Urban on ""Make Me Forget"""
2026-10-05,soundcloud:tracks:42638c7d1d8b826b795205e5b5deacf3,2025-07-23 16:45:29 UTC,2025-07-23,2025-07-23 16:45:29 UTC,2025-07-23,public,"[""exclusive"",""suburban"",""voicenotes""]",,voice-notes-sub-urban-on-mascara-4,"Voice Notes: Sub Urban on ""Mascara"""
2026-10-05,soundcloud:tracks:77db0b59fb4d300dc7c1fdd33fea2e08,2025-07-21 15:54:16 UTC,2025-07-21,2025-07-21 15:54:16 UTC,2025-07-21,public,"[""dream,ivory"",""exclusive"",""voicenotes""]",Country,voice-notes-dreams-ivory-on-i-dont-even-know-you-1,"Voice Notes: Dreams Ivory on ""I Don't Even Know You"""
2026-10-05,soundcloud:tracks:49efba9700201d4a7cb41117863d6140,2025-07-21 15:54:16 UTC,2025-07-21,2025-07-21 15:54:16 UTC,2025-07-21,public,"[""dream,ivory"",""exclusive"",""voicenotes""]",Country,voice-notes-dreams-ivory-on-bullet-train-2,"Voice Notes: Dreams Ivory on ""Bullet Train"""
2026-10-05,soundcloud:tracks:6edc5233c9b8e3615f3a67a7bb56982a,2025-07-21 15:54:16 UTC,2025-07-21,2025-07-21 15:54:16 UTC,2025-07-21,public,"[""dream,ivory"",""exclusive"",""voicenotes""]",Country,voice-notes-dreams-ivory-on-solar-eclipse-9,"Voice Notes: Dreams Ivory on ""Solar Eclipse"""
2026-10-05,soundcloud:tracks:dc0025659d046e8bc47317caaa4001d7,2025-07-21 15:54:16 UTC,2025-07-21,2025-07-21 15:54:16 UTC,2025-07-21,public,"[""dream,ivory"",""exclusive"",""voicenotes""]",Country,voice-notes-dreams-ivory-on-sometimes-6,"Voice Notes: Dreams Ivory on ""Sometimes"""
2026-10-05,soundcloud:tracks:bb8d27e01f27cfe7a9e4053d483e7779,2025-07-21 15:54:16 UTC,2025-07-21,2025-07-21 15:54:16 UTC,2025-07-21,public,"[""dream,ivory"",""exclusive"",""voicenotes""]",Country,voice-notes-dreams-ivory-on-welcome-and-goodby-3,"Voice Notes: Dreams Ivory on ""welcome and goodbye"""
2026-10-05,soundcloud:tracks:c40de9b55459738e7bfb30ff144bf5c7,2025-07-21 15:54:16 UTC,2025-07-21,2025-07-21 15:54:16 UTC,2025-07-21,public,"[""dream,ivory"",""exclusive"",""voicenotes""]",Country,voice-notes-dreams-ivory-on-tangerine-dream-5,"Voice Notes: Dreams Ivory on ""Tangerine Dream"""
2026-10-05,soundcloud:tracks:2afd3012bd29d4f2126bb436df601ab8,2025-07-21 15:54:16 UTC,2025-07-21,2025-07-21 15:54:16 UTC,2025-07-21,public,"[""dream,ivory"",""exclusive"",""voicenotes""]",Country,voice-notes-dreams-ivory-on-at-zero-8,"Voice Notes: Dreams Ivory on ""At Zero"""
2026-10-05,soundcloud:tracks:631438bb01002b40412ae03161e443cf,2025-07-21 15:54:16 UTC,2025-07-21,2025-07-21 15:54:16 UTC,2025-07-21,public,"[""dream,ivory"",""exclusive"",""voicenotes""]",Country,voice-notes-dreams-ivory-on-all-good-4,"Voice Notes: Dreams Ivory on ""All Good"""
2026-10-05,soundcloud:tracks:6df039096cab90f2f17b74b4ec5d9887,2025-07-21 15:54:16 UTC,2025-07-21,2025-07-21 15:54:16 UTC,2025-07-21,public,"[""dream,ivory"",""exclusive"",""voicenotes""]",Country,voice-notes-dreams-ivory-on-not-the-best-idea-7,"Voice Notes: Dreams Ivory on ""Not The Best Idea"""
2026-10-05,soundcloud:tracks:cce52a0e60e709a00152e51827da5773,2025-07-21 15:12:29 UTC,2025-07-21,2025-07-21 15:12:29 UTC,2025-07-21,public,"[""chrissyspratt"",""exclusive"",""voicenotes""]",Pop,voice-notes-chrissy-spratt-on-call-on-me,"Voice Notes: Chrissy Spratt on ""Call On Me"""
2026-10-05,soundcloud:tracks:c46215ee24dee10036b0f41e1828beb8,2025-07-18 13:03:46 UTC,2025-07-18,2025-07-18 13:03:46 UTC,2025-07-18,public,"[""exclusive"",""griz"",""voicenotes""]",Electronic,voice-notes-griz-on-coast-2-coast,"Voice Notes: GRiZ on ""Coast 2 Coast"""
2026-10-05,soundcloud:tracks:12f9520158e1baf4c730369b3621d200,2025-07-16 19:25:26 UTC,2025-07-16,2025-07-16 19:25:26 UTC,2025-07-16,public,"[""exclusive"",""rayvaughn"",""voicenotes""]",,voice-notes-ray-vaughn-on-klown-dance-1,"Voice Notes: Ray Vaughn on ""KLOWN dance"""
2026-10-05,soundcloud:tracks:a20166b885684891d4cfc433c90a687f,2025-07-16 19:25:26 UTC,2025-07-16,2025-07-16 19:25:26 UTC,2025-07-16,public,"[""exclusive"",""rayvaughn"",""voicenotes""]",,voice-notes-ray-vaughn-on-suburban-kids-2,"Voice Notes: Ray Vaughn on ""SUBURBAN KIDZ"""
2026-10-05,soundcloud:tracks:5ff910b590d241b70891a87cdf411796,2025-07-16 14:04:25 UTC,2025-07-16,2025-07-16 14:04:25 UTC,2025-07-16,public,,,voice-notes-clipse-on-birds-dont-sing-1,"Voice Notes: Clipse on ""The Birds Don't Sing"""
2026-10-05,soundcloud:tracks:5e77d6799dd3de01cc50f1f98c41a078,2025-07-16 14:04:25 UTC,2025-07-16,2025-07-16 14:04:25 UTC,2025-07-16,public,,,voice-notes-clipse-on-ace-trumpets-2,"Voice Notes: Clipse on ""Ace Trumpets"""
2026-10-05,soundcloud:tracks:b65d55f42c751a327335480f17e9c595,2025-07-14 18:12:53 UTC,2025-07-14,2025-07-14 18:12:53 UTC,2025-07-14,public,"[""exclusive"",""juelz"",""voicenotes""]",,voice-notes-juelz-on-aint-shit-2,"Voice Notes: Juelz on ""AIN'T SHIT"""
2026-10-05,soundcloud:tracks:23c6b1170df8c50ec087c28d995d94be,2025-07-14 18:12:53 UTC,2025-07-14,2025-07-14 18:12:53 UTC,2025-07-14,public,"[""exclusive"",""juelz"",""voicenotes""]",,voice-notes-juelz-on-ego-take-it-back-6,"Voice Notes: Juelz on ""EGO! (TAKE IT BACK)"""
2026-10-05,soundcloud:tracks:6058b2df76f95366843f6bc2c2a986eb,2025-07-14 18:12:53 UTC,2025-07-14,2025-07-14 18:12:53 UTC,2025-07-14,public,"[""exclusive"",""juelz"",""voicenotes""]",,voice-notes-juelz-on-adrenochrome-1,"Voice Notes: Juelz on ""ADRENOCHROME"""
2026-10-05,soundcloud:tracks:7ee79c335d5ab0c42eb45f82372791d0,2025-07-14 18:12:53 UTC,2025-07-14,2025-07-14 18:12:53 UTC,2025-07-14,public,"[""exclusive"",""juelz"",""voicenotes""]",,voice-notes-juelz-on-dopamine-7,"Voice Notes: Juelz on ""DOPAMINE++"""
2026-10-05,soundcloud:tracks:ca22bb8a210ebb21e97bd2ec2bcbf07c,2025-07-14 18:12:53 UTC,2025-07-14,2025-07-14 18:12:53 UTC,2025-07-14,public,"[""exclusive"",""juelz"",""voicenotes""]",,voice-notes-juelz-on-waste-my-time-3,"Voice Notes: Juelz on ""WASTE MY TIME"""
2026-10-05,soundcloud:tracks:bd5515819b54529c37fd4505fbfc89df,2025-07-14 18:12:53 UTC,2025-07-14,2025-07-14 18:12:53 UTC,2025-07-14,public,"[""exclusive"",""juelz"",""voicenotes""]",,voice-notes-juelz-on-hacking-the-gate-4,"Voice Notes: Juelz on ""HACKING THE GATE"""
2026-10-05,soundcloud:tracks:a09115932513796fdd8f18debb6caf69,2025-07-14 18:12:53 UTC,2025-07-14,2025-07-14 18:12:53 UTC,2025-07-14,public,"[""exclusive"",""juelz"",""voicenotes""]",,voice-notes-juelz-on-movement-feat-xkylar-5,"Voice Notes: Juelz on ""MOVEMENT! (feat. XKYLAR)"
2026-10-05,soundcloud:tracks:84960d46501a4081dc02288e4c3131d4,2025-07-11 15:35:14 UTC,2025-07-11,2025-07-11 15:35:14 UTC,2025-07-11,public,"[""exclusive"",""moorekismet"",""voicenotes""]",,voice-notes-moore-kismet-on-hollowmind-5,"Voice Notes: Moore Kismet on ""hollowmind"""
2026-10-05,soundcloud:tracks:c7fda49243c74ccab9c45d85d447af46,2025-07-11 15:35:14 UTC,2025-07-11,2025-07-11 15:35:14 UTC,2025-07-11,public,"[""exclusive"",""moorekismet"",""voicenotes""]",,voice-notes-moore-kismet-on-dowhatuwant-6,"Voice Notes: Moore Kismet on ""DOWHATUWANT!"
2026-10-05,soundcloud:tracks:4b37bb3589c14590fd19734cc6a23f6a,2025-07-11 15:35:14 UTC,2025-07-11,2025-07-11 15:35:14 UTC,2025-07-11,public,"[""exclusive"",""moorekismet"",""voicenotes""]",,voice-notes-moore-kismet-on-why2k-4,"Voice Notes: Moore Kismet on ""WHY2K!"""
2026-10-05,soundcloud:tracks:0b6b09aaa2e1712e2d4c24f281f7c77b,2025-07-11 15:35:14 UTC,2025-07-11,2025-07-11 15:35:14 UTC,2025-07-11,public,"[""exclusive"",""moorekismet"",""voicenotes""]",,voice-notes-moore-kismet-on-1touch-3,"Voice Notes: Moore Kismet on ""1touch"""
2026-10-05,soundcloud:tracks:40d50a63781bbe265020a4191645a7f2,2025-07-11 15:35:14 UTC,2025-07-11,2025-07-11 15:35:14 UTC,2025-07-11,public,"[""exclusive"",""moorekismet"",""voicenotes""]",,voice-notes-moore-kismet-on-pleasure-1,"Voice Notes: Moore Kismet on ""PLEASURE"""
2026-10-05,soundcloud:tracks:fbddca87e1621f76b1fd604af1e52000,2025-07-11 15:35:14 UTC,2025-07-11,2025-07-11 15:35:14 UTC,2025-07-11,public,"[""exclusive"",""moorekismet"",""voicenotes""]",,voice-notes-moore-kismet-on-i-kissed-all-ur-friends-2,"Voice Notes: Moore Kismet on ""i kissed all ur friends"""
2026-10-05,soundcloud:tracks:cb89e6ee20c9acbc3fbc6bf63bfa8b64,2025-07-11 15:03:01 UTC,2025-07-11,2025-07-11 15:03:01 UTC,2025-07-11,public,"[""bigwild"",""exclusive"",""voicenotes""]",,voice-notes-big-wild-on-universe,"Voice Notes: Big Wild on ""Universe"""
2026-10-05,soundcloud:tracks:e32b7a599aaf98bf9f9112dab829227d,2025-07-08 16:14:17 UTC,2025-07-08,2025-07-08 16:14:17 UTC,2025-07-08,public,"[""eaj"",""exclusive"",""voicenotes""]",,voice-notes-eaj-on-red-2,"Voice Notes: eaJ on ""RED"""
2026-10-05,soundcloud:tracks:978470e25adf37493b9efbdb9c8b27ab,2025-07-08 16:14:17 UTC,2025-07-08,2025-07-08 16:14:17 UTC,2025-07-08,public,"[""eaj"",""exclusive"",""voicenotes""]",,voice-notes-eaj-on-pause-3,"Voice Notes: eaJ on ""pause"""
2026-10-05,soundcloud:tracks:c46ee82977e9a0f4adedf4fc7040986e,2025-07-08 16:14:17 UTC,2025-07-08,2025-07-08 16:14:17 UTC,2025-07-08,public,"[""eaj"",""exclusive"",""voicenotes""]",,voice-notes-eaj-on-ruin-my-life-1,"Voice Notes: eaJ on ""ruin my life"""
2026-10-05,soundcloud:tracks:a56d64ba07196de65d0463c9eddcd62d,2025-07-08 16:14:17 UTC,2025-07-08,2025-07-08 16:14:17 UTC,2025-07-08,public,"[""eaj"",""exclusive"",""voicenotes""]",,voice-notes-eaj-on-merry-go-round-4,"Voice Notes: eaJ on ""merry go round"""
2026-10-05,soundcloud:tracks:18d7473e3354a746d451a14ee9658e35,2025-07-02 17:15:07 UTC,2025-07-02,2025-07-02 17:15:07 UTC,2025-07-02,public,"[""exclusive"",""lukala"",""voicenotes""]",,voice-notes-lu-kala-on-hotter-now-1,"Voice Notes: LU KALA on ""Hotter Now"""
2026-10-05,soundcloud:tracks:8702384b3ee455688c27662a7dc120d9,2025-07-02 17:15:07 UTC,2025-07-02,2025-07-02 17:15:07 UTC,2025-07-02,public,"[""exclusive"",""lukala"",""voicenotes""]",,voice-notes-lu-kala-on-no-exs-4,"Voice Notes: LU KALA on ""No Exes"""
2026-10-05,soundcloud:tracks:b524c5c7c1f8e479a6fd075aafcee870,2025-07-02 17:15:07 UTC,2025-07-02,2025-07-02 17:15:07 UTC,2025-07-02,public,"[""exclusive"",""lukala"",""voicenotes""]",,voice-notes-lu-kala-on-work-2,"Voice Notes: LU KALA on ""Work"""
2026-10-05,soundcloud:tracks:7de33e62b29442d05a64a3e0d489fbdb,2025-07-02 17:15:07 UTC,2025-07-02,2025-07-02 17:15:07 UTC,2025-07-02,public,"[""exclusive"",""lukala"",""voicenotes""]",,voice-notes-lu-kala-on-whos-gonna-give-it-3,"Voice Notes: LU KALA on ""Who's Gonna"""
2026-10-05,soundcloud:tracks:1646539e18bbc7b510cfca9d1d9fee05,2025-07-02 16:32:21 UTC,2025-07-02,2025-07-02 16:32:21 UTC,2025-07-02,public,"[""exclusive"",""u.s.girls"",""voicenotes""]",,voice-notes-us-girls-on-no-fruit-4,"Voice Notes: U.S. Girls on ""No Fruit"""
2026-10-05,soundcloud:tracks:9332edd2aa99da6c321e6e242c1dceb9,2025-07-02 16:32:21 UTC,2025-07-02,2025-07-02 16:32:21 UTC,2025-07-02,public,"[""exclusive"",""u.s.girls"",""voicenotes""]",,voice-notes-us-girls-on-firefly-1,"Voice Notes: U.S. Girls on ""Firefly on the 4th of July"""
2026-10-05,soundcloud:tracks:222d95f402eb6f53cf927aff1585cba4,2025-07-02 16:32:21 UTC,2025-07-02,2025-07-02 16:32:21 UTC,2025-07-02,public,"[""exclusive"",""u.s.girls"",""voicenotes""]",,voice-notes-us-girls-on-jimador-3,"Voice Notes: U.S. Girls on ""Emptying the Jimador"""
2026-10-05,soundcloud:tracks:c961d4777f8dcb5acb3f59f64a24e36e,2025-07-02 16:32:21 UTC,2025-07-02,2025-07-02 16:32:21 UTC,2025-07-02,public,"[""exclusive"",""u.s.girls"",""voicenotes""]",,voice-notes-us-girls-on-the-clearing-2,"Voice Notes: U.S. Girls on ""The Clearing"""
2026-10-05,soundcloud:tracks:a902985c1fa42298abb74489fce6a444,2025-07-02 15:59:04 UTC,2025-07-02,2025-07-02 15:59:04 UTC,2025-07-02,public,,,voice-notes-finn-wolfhard-on-objection-3,"Voice Notes: Finn Wolfhard on ""Objection!"""
2026-10-05,soundcloud:tracks:669917feb55188f88b6ece3336a2666d,2025-07-02 15:59:04 UTC,2025-07-02,2025-07-02 15:59:04 UTC,2025-07-02,public,,,voice-notes-finn-wolfhard-on-choose-the-latter-1,"Voice Notes: Finn Wolfhard on ""Choose the latter"""
2026-10-05,soundcloud:tracks:6362ef6cb55008f6789a1f21d74e62b4,2025-07-02 15:59:04 UTC,2025-07-02,2025-07-02 15:59:04 UTC,2025-07-02,public,,,voice-notes-finn-wolfhard-on-crown-2,"Voice Notes: Finn Wolfhard on ""Crown"""
2026-10-05,soundcloud:tracks:4445aeba9f94ee147abfef2c170f7523,2025-07-02 15:59:04 UTC,2025-07-02,2025-07-02 15:59:04 UTC,2025-07-02,public,,,voice-notes-finn-wolfhard-on-trailers-after-dark-4,"Voice Notes: Finn Wolfhard on ""Trailers after dark"""
2026-10-05,soundcloud:tracks:b7c854878b262ea48955992ff1d40c51,2025-06-30 16:18:29 UTC,2025-06-30,2025-06-30 16:18:29 UTC,2025-06-30,public,"[""bktherula"",""exclusive"",""voicenotes""]",,voice-notes-bktherula-on-bbgirlgoslow-3,"Voice Notes: Bktherula on ""BBGIRLGOSLOW"""
2026-10-05,soundcloud:tracks:7fa055349e93ee92d67a50ed0174b4fb,2025-06-30 16:18:29 UTC,2025-06-30,2025-06-30 16:18:29 UTC,2025-06-30,public,"[""bktherula"",""exclusive"",""voicenotes""]",,voice-notes-bktherula-on-lovesxdreams-1,"Voice Notes: Bktherula on ""LOVESEXDREAMS"""
2026-10-05,soundcloud:tracks:2d4bf4f2e0afbd6fdbc205c6957da773,2025-06-30 16:18:29 UTC,2025-06-30,2025-06-30 16:18:29 UTC,2025-06-30,public,"[""bktherula"",""exclusive"",""voicenotes""]",,voice-notes-bktherula-on-euphoria-4,"Voice Notes: Bktherula on ""EUPHORIA"""
2026-10-05,soundcloud:tracks:55e1517d5df9ac03fc1bb4827af510f2,2025-06-30 16:18:29 UTC,2025-06-30,2025-06-30 16:18:29 UTC,2025-06-30,public,"[""bktherula"",""exclusive"",""voicenotes""]",,voice-notes-bktherula-on-dumb-shit-5,"Voice Notes: Bktherula on ""DUMB SHIT"""
2026-10-05,soundcloud:tracks:762cf7ae5205e09270f3cc2c7cf57e88,2025-06-30 16:18:29 UTC,2025-06-30,2025-06-30 16:18:29 UTC,2025-06-30,public,"[""bktherula"",""exclusive"",""voicenotes""]",,voice-notes-bktherula-on-delilah-2,"Voice Notes: Bktherula on ""DELILAH"""
2026-10-05,soundcloud:tracks:2801ae036622521fb38f2ca77e7ff29a,2025-06-30 16:10:10 UTC,2025-06-30,2025-06-30 16:10:10 UTC,2025-06-30,public,"[""exclusive"",""tune-yards"",""voicenotes""]",,voice-notes-tune-yards-on-suspended-4,"Voice Notes: Tune-Yards on ""Suspended"""
2026-10-05,soundcloud:tracks:c4880cef192da5bb5ac3c7e597e01a74,2025-06-30 16:10:10 UTC,2025-06-30,2025-06-30 16:10:10 UTC,2025-06-30,public,"[""exclusive"",""tune-yards"",""voicenotes""]",,voice-notes-tune-yards-never-look-back-5,Voice Notes: Tune-Yards - Never Look Back
2026-10-05,soundcloud:tracks:45c5f74ea0510d8015425c71320d4610,2025-06-30 16:10:10 UTC,2025-06-30,2025-06-30 16:10:10 UTC,2025-06-30,public,"[""exclusive"",""tune-yards"",""voicenotes""]",,voice-notes-tune-yards-on-how-big-is-the-rainbow-3,"Voice Notes: Tune-Yards on ""How Big Is The Rainbow"""
2026-10-05,soundcloud:tracks:2c33a18af34aed6c9e0117650ae29084,2025-06-30 16:10:10 UTC,2025-06-30,2025-06-30 16:10:10 UTC,2025-06-30,public,"[""exclusive"",""tune-yards"",""voicenotes""]",,voice-notes-tune-yards-on-better-dreaming-1,"Voice Notes: Tune-Yards on ""Better Dreaming"""
2026-10-05,soundcloud:tracks:2eda49459774c7a6536af41b61147f7a,2025-06-30 16:10:10 UTC,2025-06-30,2025-06-30 16:10:10 UTC,2025-06-30,public,"[""exclusive"",""tune-yards"",""voicenotes""]",,voice-notes-tune-yards-on-swarm-2,"Voice Notes: Tune-Yards on ""Swarm"""
2026-10-05,soundcloud:tracks:191e02162c3322036bdee2e99243adf7,2025-06-30 14:11:17 UTC,2025-06-30,2025-06-30 14:11:17 UTC,2025-06-30,public,"[""exclusive"",""mc4d"",""voicenotes""]",,voice-notes-mc4d-on-afterlife-1,"Voice Notes: MC4D on ""Afterlife"""
2026-10-05,soundcloud:tracks:29777cde9788922338175d7728926154,2025-06-30 14:11:17 UTC,2025-06-30,2025-06-30 14:11:17 UTC,2025-06-30,public,"[""exclusive"",""mc4d"",""voicenotes""]",,voice-notes-mc4d-on-lay-your-head-4,"Voice Notes: MC4D on ""Lay Your Head"""
2026-10-05,soundcloud:tracks:7f1c0949be6eda0bfedbfea0aa72d5ef,2025-06-30 14:11:17 UTC,2025-06-30,2025-06-30 14:11:17 UTC,2025-06-30,public,"[""exclusive"",""mc4d"",""voicenotes""]",,voice-notes-mc4d-on-travel-on-5,"Voice Notes: MC4D on ""Travel On"""
2026-10-05,soundcloud:tracks:a2398c56630920f75cdcec9ed8da8ac2,2025-06-30 14:11:17 UTC,2025-06-30,2025-06-30 14:11:17 UTC,2025-06-30,public,"[""exclusive"",""mc4d"",""voicenotes""]",,voice-notes-mc4d-on-feel-alive-3,"Voice Notes: MC4D on ""Feel Alive"""
2026-10-05,soundcloud:tracks:dae8de20bc5f635967f0e335dcc3b56e,2025-06-30 14:11:17 UTC,2025-06-30,2025-06-30 14:11:17 UTC,2025-06-30,public,"[""exclusive"",""mc4d"",""voicenotes""]",,voice-notes-mc4d-on-be-here-with-me-now-2,"Voice Notes: MC4D on ""Be Here With Me Now"""
2026-10-05,soundcloud:tracks:c1c06389b934cf036087a389fe1f6e91,2025-06-27 16:31:17 UTC,2025-06-27,2025-06-27 16:31:17 UTC,2025-06-27,public,"[""arminvanbuuren"",""exclusive"",""voicenotes""]",,voice-notes-armin-van-buuren-on-in-the-dark-3,"Voice Notes: Armin van Buuren on ""In The Dark"""
2026-10-05,soundcloud:tracks:a3a2c478fd310d29d0f6dc59f8ea35c4,2025-06-27 16:31:17 UTC,2025-06-27,2025-06-27 16:31:17 UTC,2025-06-27,public,"[""arminvanbuuren"",""exclusive"",""voicenotes""]",,voice-notes-armin-van-buuren-on-let-it-be-for-love-4,"Voice Notes: Armin van Buuren on ""Let It Be For Love"""
2026-10-05,soundcloud:tracks:5112e55cc890a7d1ecd832114f56ca8e,2025-06-27 16:31:17 UTC,2025-06-27,2025-06-27 16:31:17 UTC,2025-06-27,public,"[""arminvanbuuren"",""exclusive"",""voicenotes""]",,voice-notes-armin-van-buuren-on-want-some-more-2,"Voice Notes: Armin van Buuren on ""Want Some More"""
2026-10-05,soundcloud:tracks:1d7ea023884880257becdad7f1783fc0,2025-06-27 16:31:17 UTC,2025-06-27,2025-06-27 16:31:17 UTC,2025-06-27,public,"[""arminvanbuuren"",""exclusive"",""voicenotes""]",,voice-notes-armin-van-buuren-on-sound-of-you-1,"Voice Notes: Armin van Buuren on ""Sound Of You"""
2026-10-05,soundcloud:tracks:3bec87e70e268842c1b122735bdd1f95,2025-06-27 15:54:20 UTC,2025-06-27,2025-06-27 15:54:20 UTC,2025-06-27,public,"[""emotionaloranges"",""exclusive"",""voicenotes""]",,voice-notes-emotional-oranges-on-that-girl-5,"Voice Notes: Emotional Oranges on ""That Girl"""
2026-10-05,soundcloud:tracks:c96b0b1d052da38d421ccac921ffdc47,2025-06-27 15:54:20 UTC,2025-06-27,2025-06-27 15:54:20 UTC,2025-06-27,public,"[""emotionaloranges"",""exclusive"",""voicenotes""]",,voice-notes-emotional-oranges-on-call-it-off-1,"Voice Notes: Emotional Oranges on ""Call It Off"""
2026-10-05,soundcloud:tracks:efc84c53fcd0ecfb99cc533dbb433a76,2025-06-27 15:54:20 UTC,2025-06-27,2025-06-27 15:54:20 UTC,2025-06-27,public,"[""emotionaloranges"",""exclusive"",""voicenotes""]",,voice-notes-emotional-oranges-on-talk-about-us-4,"Voice Notes: Emotional Oranges on ""Talk About Us"""
2026-10-05,soundcloud:tracks:4b090ef2f1539dd5e73f2980880f8bed,2025-06-27 15:54:20 UTC,2025-06-27,2025-06-27 15:54:20 UTC,2025-06-27,public,"[""emotionaloranges"",""exclusive"",""voicenotes""]",,voice-notes-emotional-oranges-on-candy-gum-2,"Voice Notes: Emotional Oranges on ""CANDY GUM"""
2026-10-05,soundcloud:tracks:a060d199422c803666cfd48b81bf83dc,2025-06-27 15:54:20 UTC,2025-06-27,2025-06-27 15:54:20 UTC,2025-06-27,public,"[""emotionaloranges"",""exclusive"",""voicenotes""]",,voice-notes-emotional-oranges-on-private-dancer-3,"Voice Notes: Emotional Oranges on ""Private Dancer Freestyle"""
2026-10-05,soundcloud:tracks:94ecb80e9ce32f27196d0a764aa7f740,2025-06-25 20:29:23 UTC,2025-06-25,2025-06-25 20:29:23 UTC,2025-06-25,public,"[""alexandrasavior"",""exclusive"",""voicenotes""]",,voice-notes-alexandra-savior-on-the-harvest-is-thoughtless-3,"Voice Notes: Alexandra Savior on ""The Harvest is Thoughtless"""
2026-10-05,soundcloud:tracks:1e7a545e82ef3cd94abf0d6e1d0a4473,2025-06-25 20:29:23 UTC,2025-06-25,2025-06-25 20:29:23 UTC,2025-06-25,public,"[""alexandrasavior"",""exclusive"",""voicenotes""]",,voice-notes-alexandra-savior-on-venus-5,"Voice Notes: Alexandra Savior on ""Venus"""
2026-10-05,soundcloud:tracks:b01823e9a98f18a24ced381ba6134a4f,2025-06-25 20:29:23 UTC,2025-06-25,2025-06-25 20:29:23 UTC,2025-06-25,public,"[""alexandrasavior"",""exclusive"",""voicenotes""]",,voice-notes-alexandra-savior-on-goodbye-old-friend-2,"Voice Notes: Alexandra Savior on ""Goodbye, Old Friend"""
2026-10-05,soundcloud:tracks:7bb33e71f93ffb93cb3bb51cfc4d5359,2025-06-25 20:29:23 UTC,2025-06-25,2025-06-25 20:29:23 UTC,2025-06-25,public,"[""alexandrasavior"",""exclusive"",""voicenotes""]",,voice-notes-alexandra-savior-on-the-mothership-4,"Voice Notes: Alexandra Savior on ""The Mothership"""
2026-10-05,soundcloud:tracks:e733783f293d1eb0c193b9daaeb72620,2025-06-25 20:29:23 UTC,2025-06-25,2025-06-25 20:29:23 UTC,2025-06-25,public,"[""alexandrasavior"",""exclusive"",""voicenotes""]",,voice-notes-alexandra-savior-on-old-oregon-1,"Voice Notes: Alexandra Savior on ""Old Oregon"""
2026-10-05,soundcloud:tracks:113779ca53b6eef63c5f5a7335a518f6,2025-06-25 20:01:13 UTC,2025-06-25,2025-06-25 20:01:13 UTC,2025-06-25,public,"[""exclusive"",""tokyomachine"",""voicenotes""]",Electronic,voice-notes-tokyo-machine-on-lock-and-load-1,"Voice Notes: Tokyo Machine on ""LOCK N LOAD"""
2026-10-05,soundcloud:tracks:659c10523b5520c3824f41da84672e24,2025-06-25 20:01:13 UTC,2025-06-25,2025-06-25 20:01:13 UTC,2025-06-25,public,"[""exclusive"",""tokyomachine"",""voicenotes""]",Electronic,voice-notes-tokyo-machine-on-the-furious-2,"Voice Notes: Tokyo Machine on ""THE FURIOUS"""
2026-10-05,soundcloud:tracks:686fbfeab1cd88596ad7c6f0bd75ceac,2025-06-25 20:01:13 UTC,2025-06-25,2025-06-25 20:01:13 UTC,2025-06-25,public,"[""exclusive"",""tokyomachine"",""voicenotes""]",Electronic,voice-notes-tokyo-machine-on-screw-your-face-up-4,"Voice Notes: Tokyo Machine on ""SCREW UR FACE UP"""
2026-10-05,soundcloud:tracks:ac56f7ef399f178deec6ec0efc272f74,2025-06-25 20:01:13 UTC,2025-06-25,2025-06-25 20:01:13 UTC,2025-06-25,public,"[""exclusive"",""tokyomachine"",""voicenotes""]",Electronic,voice-notes-tokyo-machine-on-watch-out-5,"Voice Notes: Tokyo Machine on ""WATCH OUT! (with Guy Arthur)"""
2026-10-05,soundcloud:tracks:0af18096e8009ef21bc9982bab3415f8,2025-06-25 20:01:13 UTC,2025-06-25,2025-06-25 20:01:13 UTC,2025-06-25,public,"[""exclusive"",""tokyomachine"",""voicenotes""]",Electronic,voice-notes-tokyo-machine-on-mvp-3,"Voice Notes: Tokyo Machine on ""MVP"""
2026-10-05,soundcloud:tracks:7b572728986e7366a217b7bfa76f05e8,2025-06-23 17:52:27 UTC,2025-06-23,2025-06-23 17:52:27 UTC,2025-06-23,public,"[""exclusive"",""slickrick"",""voicenotes""]",,voice-notes-slick-rick-on-stress-1,"Voice Notes: Slick Rick on ""Stress"""
2026-10-05,soundcloud:tracks:13ffa86beec48d48b83bb8849407b1c5,2025-06-23 17:52:27 UTC,2025-06-23,2025-06-23 17:52:27 UTC,2025-06-23,public,"[""exclusive"",""slickrick"",""voicenotes""]",,voice-notes-slick-rick-on-landlord-2,"Voice Notes: Slick Rick on ""Landlord"""
2026-10-05,soundcloud:tracks:b512874744690ca38aac4c013c0ed99d,2025-06-23 17:52:27 UTC,2025-06-23,2025-06-23 17:52:27 UTC,2025-06-23,public,"[""exclusive"",""slickrick"",""voicenotes""]",,voice-notes-slick-rick-on-come-on-lets-go-3,"Voice Notes: Slick Rick on ""Come On Let's Go"""
2026-10-05,soundcloud:tracks:3b006a195ecdd348fd2782bb1b6c9f04,2025-06-23 17:52:27 UTC,2025-06-23,2025-06-23 17:52:27 UTC,2025-06-23,public,"[""exclusive"",""slickrick"",""voicenotes""]",,voice-notes-slick-rick-on-documents-4,"Voice Notes: Slick Rick on ""Documents"""
2026-10-05,soundcloud:tracks:d80d9048a3e7af525489a6ff7b1ad9b3,2025-06-23 17:52:27 UTC,2025-06-23,2025-06-23 17:52:27 UTC,2025-06-23,public,"[""exclusive"",""slickrick"",""voicenotes""]",,voice-notes-slick-rick-on-another-great-adventure-5,"Voice Notes: Slick Rick on ""Another Great Adventure"""
2026-10-05,soundcloud:tracks:e2fb671679133a45218728cfe5540ca5,2025-06-20 15:30:00 UTC,2025-06-20,2025-06-20 15:30:00 UTC,2025-06-20,public,"[""alittlesound"",""exclusive"",""voicenotes""]",,voice-notes-a-little-sound-on-stars-4,"Voice Notes: A Little Sound on ""Stars"""
2026-10-05,soundcloud:tracks:77fbb3027a0ed33a1d5f9d33ed8f9aaa,2025-06-20 15:30:00 UTC,2025-06-20,2025-06-20 15:30:00 UTC,2025-06-20,public,"[""alittlesound"",""exclusive"",""voicenotes""]",,voice-notes-a-little-sound-on-area-code-2,"Voice Notes: A Little Sound on ""Area Code"""
2026-10-05,soundcloud:tracks:9fdcd450909a16777f8235bbbfc02173,2025-06-20 15:30:00 UTC,2025-06-20,2025-06-20 15:30:00 UTC,2025-06-20,public,"[""alittlesound"",""exclusive"",""voicenotes""]",,voice-notes-a-little-sound-on-highs-and-lows-5,"Voice Notes: A Little Sound on ""Highs & Lows"""
2026-10-05,soundcloud:tracks:4e9288012cf7e8e58577dba83f92a687,2025-06-20 15:30:00 UTC,2025-06-20,2025-06-20 15:30:00 UTC,2025-06-20,public,"[""alittlesound"",""exclusive"",""voicenotes""]",,voice-notes-a-little-sound-on-afterlife-3,"Voice Notes: A Little Sound on ""Afterlife"""
2026-10-05,soundcloud:tracks:ca42c40f0d37c4451a20dbb4d7d4557f,2025-06-20 15:30:00 UTC,2025-06-20,2025-06-20 15:30:00 UTC,2025-06-20,public,"[""alittlesound"",""exclusive"",""voicenotes""]",,voice-notes-a-little-sound-on-override-1,"Voice Notes: A Little Sound on ""Override"""
2026-10-05,soundcloud:tracks:638519b4a010dff7b8366ec941403bd4,2025-06-17 19:36:39 UTC,2025-06-17,2025-06-17 19:36:39 UTC,2025-06-17,public,"[""exclusive"",""thehives"",""voicenotes""]",,voice-notes-the-hives-on-paint-a-picture-1,"Voice Notes: The Hives on ""Paint A Picture"""
2026-10-05,soundcloud:tracks:c6273a7620b7fd23969efdc8a65c2f8e,2025-06-17 19:36:39 UTC,2025-06-17,2025-06-17 19:36:39 UTC,2025-06-17,public,"[""exclusive"",""thehives"",""voicenotes""]",,voice-notes-the-hives-on-enough-is-enough-2,"Voice Notes: The Hives on ""Enough Is Enough"""
2026-10-05,soundcloud:tracks:db0956132f74ffe20a275037b1820688,2025-06-16 20:06:50 UTC,2025-06-16,2025-06-16 20:06:50 UTC,2025-06-16,public,"[""ddk"",""exclusive"",""voicenotes""]",,voice-notes-ddk-on-talk-my-shit-4,"Voice Notes: DDK on ""talk my shit"""
2026-10-05,soundcloud:tracks:c9f4a9b436328f6534a4f1622d1284f4,2025-06-16 20:06:50 UTC,2025-06-16,2025-06-16 20:06:50 UTC,2025-06-16,public,"[""ddk"",""exclusive"",""voicenotes""]",,voice-notes-ddk-on-self-talk-2,"Voice Notes: DDK on ""self talk"""
2026-10-05,soundcloud:tracks:55446dee3dda9661ffb41c404e8e1348,2025-06-16 20:06:50 UTC,2025-06-16,2025-06-16 20:06:50 UTC,2025-06-16,public,"[""ddk"",""exclusive"",""voicenotes""]",,voice-notes-ddk-on-silver-spring-3,"Voice Notes: DDK on ""silver spring (feat. AntoneNow)"""
2026-10-05,soundcloud:tracks:916ea141d1f3553caf6672560a03237f,2025-06-16 20:06:50 UTC,2025-06-16,2025-06-16 20:06:50 UTC,2025-06-16,public,"[""ddk"",""exclusive"",""voicenotes""]",,voice-notes-ddk-on-maryland-marrauders-1,"Voice Notes: DDK on ""maryland marauders (feat. John Wells)"""
2026-10-05,soundcloud:tracks:4f1a68255d0ed9b35d52de0fd84f438c,2025-06-16 16:34:28 UTC,2025-06-16,2025-06-16 16:34:28 UTC,2025-06-16,public,"[""exclusive"",""spilltab"",""voicenotes""]",,voice-notes-spill-tab-on-athlete,"Voice Notes: Spill Tab on ""Athlete"""
2026-10-05,soundcloud:tracks:6db86448f3ff74c5dca57b0a68c4a0b7,2025-06-16 15:37:35 UTC,2025-06-16,2025-06-16 15:37:35 UTC,2025-06-16,public,"[""exclusive"",""thebeaches"",""voicenotes""]",,voice-notes-the-beaches-fine-let_s-get-married-4,"Voice Notes: The Beaches on ""Fine, Let's Get Married"""
2026-10-05,soundcloud:tracks:27bcf534524f7afa51c991f7443f75f6,2025-06-16 15:37:35 UTC,2025-06-16,2025-06-16 15:37:35 UTC,2025-06-16,public,"[""exclusive"",""thebeaches"",""voicenotes""]",,voice-notes-the-beaches-lesbian-of-the-year-1,"Voice Notes: The Beaches on ""Lesbian Of The Year"""
2026-10-05,soundcloud:tracks:59afba556d1762ae24917146295a2e18,2025-06-16 15:37:35 UTC,2025-06-16,2025-06-16 15:37:35 UTC,2025-06-16,public,"[""exclusive"",""thebeaches"",""voicenotes""]",,voice-notes-the-beaches-last-girls-at-the-party-3,"Voice Notes: The Beaches on ""Last Girls At The Party"""
2026-10-05,soundcloud:tracks:30f1433f6c9e162b85b9125ad03b192b,2025-06-16 15:37:35 UTC,2025-06-16,2025-06-16 15:37:35 UTC,2025-06-16,public,"[""exclusive"",""thebeaches"",""voicenotes""]",,voice-notes-the-beaches-touch-myself-2,"Voice Notes: The Beaches on ""Touch Myself"""
2026-10-05,soundcloud:tracks:4bb31bdd9e7c60bb0249bcb14fd564c5,2025-06-16 15:37:35 UTC,2025-06-16,2025-06-16 15:37:35 UTC,2025-06-16,public,"[""exclusive"",""thebeaches"",""voicenotes""]",,voice-notes-the-beaches-did-i-say-too-much-5,"Voice Notes: The Beaches on ""Did I Say Too Much"""
2026-10-05,soundcloud:tracks:7b1158c5edd4b9df559f248453a803ed,2025-06-13 15:39:14 UTC,2025-06-13,2025-06-13 15:39:14 UTC,2025-06-13,public,"[""benwestbeech"",""exclusive"",""voicenotes""]",,voice-notes-ben-westbeech-on-times-are-changing-3,"Voice Notes: Ben Westbeech on ""Times Are Changing"""
2026-10-05,soundcloud:tracks:83b8b786d0a8f0d8fe97031b002c7d24,2025-06-13 15:39:14 UTC,2025-06-13,2025-06-13 15:39:14 UTC,2025-06-13,public,"[""benwestbeech"",""exclusive"",""voicenotes""]",,voice-notes-ben-westbeech-on-your-voice-2,"Voice Notes: Ben Westbeech on ""Your Voice"""
2026-10-05,soundcloud:tracks:c2219e56825874d8679fd1c6d269ef6f,2025-06-13 15:39:14 UTC,2025-06-13,2025-06-13 15:39:14 UTC,2025-06-13,public,"[""benwestbeech"",""exclusive"",""voicenotes""]",,voice-notes-ben-westbeech-on-do-me-right-1,"Voice Notes: Ben Westbeech on ""Do Me Right"""
2026-10-05,soundcloud:tracks:fc564ea276a654dcc863639951910497,2025-06-13 15:39:14 UTC,2025-06-13,2025-06-13 15:39:14 UTC,2025-06-13,public,"[""benwestbeech"",""exclusive"",""voicenotes""]",,voice-notes-ben-westbeech-on-all-in-you-4,"Voice Notes: Ben Westbeech on ""All In You"""
2026-10-05,soundcloud:tracks:1e7181e521855326f86a2f2d0bc519b5,2025-06-13 14:41:38 UTC,2025-06-13,2025-06-13 14:41:38 UTC,2025-06-13,public,"[""49th&main"",""exclusive"",""voicenotes""]",,voice-notes-49th-main-on-feels-right,"Voice Notes: 49th & Main on ""Feels Right"""
2026-10-05,soundcloud:tracks:8274959a804a49ee08a885f33eb405b8,2025-06-13 14:40:59 UTC,2025-06-13,2025-06-13 14:40:59 UTC,2025-06-13,public,"[""49th&main"",""exclusive"",""voicenotes""]",,voice-notes-49th-main-on-happy-days,"Voice Notes: 49th & Main on ""Happy Days"""
2026-10-05,soundcloud:tracks:ba5b2e961e7f83f4f21d583962a102b2,2025-06-13 14:40:21 UTC,2025-06-13,2025-06-13 14:40:21 UTC,2025-06-13,public,"[""49th&main"",""exclusive"",""voicenotes""]",,voice-notes-49th-main-on-rewind,"Voice Notes: 49th & Main on ""Rewind"""
2026-10-05,soundcloud:tracks:da62414775ec777192d07fa6bc3e2af0,2025-06-13 14:39:13 UTC,2025-06-13,2025-06-13 14:39:13 UTC,2025-06-13,public,,,voice-notes-49th-main-on-mr-rain,"Voice Notes: 49th & Main on ""Mr. Rain"""
2026-10-05,soundcloud:tracks:7d2b7667afdc5c443be7d9313f3b8575,2025-06-13 13:22:44 UTC,2025-06-13,2025-06-13 13:22:44 UTC,2025-06-13,public,"[""exclusive"",""indiashawn"",""voicenotes""]",,voice-notes-india-shawn-on-kill-switch,"Voice Notes: India Shawn on ""Kill Switch"""
2026-10-05,soundcloud:tracks:fc886dfbbc41747ac0f0adb224770974,2025-06-11 13:24:19 UTC,2025-06-11,2025-06-11 13:24:19 UTC,2025-06-11,public,"[""bobmoses"",""exclusive"",""voicenotes""]",,voice-notes-bob-moses-on-waiting-on-the-world,"Voice Notes: Bob Moses on ""Waiting on the World"""
2026-10-05,soundcloud:tracks:f716b1ba08cec51c64467d47d35790c7,2025-06-09 17:53:57 UTC,2025-06-09,2025-06-09 17:53:57 UTC,2025-06-09,public,"[""babyosamaa"",""exclusive"",""voicenotes""]",,voice-notes-baby-osamaa-on-for-you-baby-1,"Voice Notes: Baby Osamaa on ""This For U baby"""
2026-10-05,soundcloud:tracks:dbc8b0f025cb34f843be3b489840cdd1,2025-06-09 17:53:57 UTC,2025-06-09,2025-06-09 17:53:57 UTC,2025-06-09,public,"[""babyosamaa"",""exclusive"",""voicenotes""]",,voice-notes-baby-osamaa-on-see-it-different-4,"Voice Notes: Baby Osamaa on ""See It Different"""
2026-10-05,soundcloud:tracks:3dafd8366cce8f00b4332bc4e36eb9c7,2025-06-09 17:53:57 UTC,2025-06-09,2025-06-09 17:53:57 UTC,2025-06-09,public,"[""babyosamaa"",""exclusive"",""voicenotes""]",,voice-notes-baby-osamaa-on-murder-x3-5,"Voice Notes: Baby Osamaa on ""Murder X3"""
2026-10-05,soundcloud:tracks:29cda032a7dfbd45d6c9438bd191cd26,2025-06-09 17:53:57 UTC,2025-06-09,2025-06-09 17:53:57 UTC,2025-06-09,public,"[""babyosamaa"",""exclusive"",""voicenotes""]",,voice-notes-baby-osamaa-on-double-ds-3,"Voice Notes: Baby Osamaa on ""Double D's"""
2026-10-05,soundcloud:tracks:cb2a9e1b092eb2b28a1a0431345e92cd,2025-06-09 17:53:57 UTC,2025-06-09,2025-06-09 17:53:57 UTC,2025-06-09,public,"[""babyosamaa"",""exclusive"",""voicenotes""]",,voice-notes-baby-osamaa-on-whats-the-word-2,"Voice Notes: Baby Osamaa on ""What's The Word"""
2026-10-05,soundcloud:tracks:4109a7ed7e8ee4adaa29d2523702d2e0,2025-06-06 14:02:43 UTC,2025-06-06,2025-06-06 14:02:43 UTC,2025-06-06,public,"[""exclusive"",""mothermother"",""voicenotes""]",,voice-notes-mother-mother-on-love-to-death-2,"Voice Notes: Mother Mother on ""Love To Death"""
2026-10-05,soundcloud:tracks:8ba21181dc37daf78b0ce5ff12be9224,2025-06-06 14:02:43 UTC,2025-06-06,2025-06-06 14:02:43 UTC,2025-06-06,public,"[""exclusive"",""mothermother"",""voicenotes""]",,voice-notes-mother-mother-on-make-believe-1,"Voice Notes: Mother Mother on ""Make Believe"""
2026-10-05,soundcloud:tracks:760d41c51df20b1e5a767e8be6035dce,2025-06-06 14:02:43 UTC,2025-06-06,2025-06-06 14:02:43 UTC,2025-06-06,public,"[""exclusive"",""mothermother"",""voicenotes""]",,voice-notes-mother-mother-on-finger-3,"Voice Notes: Mother Mother on ""FINGER"""
2026-10-05,soundcloud:tracks:e1589920ae578d2f4924cac09e505481,2025-06-06 14:02:43 UTC,2025-06-06,2025-06-06 14:02:43 UTC,2025-06-06,public,"[""exclusive"",""mothermother"",""voicenotes""]",,voice-notes-mother-mother-on-station-wagon-5,"Voice Notes: Mother Mother on ""Station Wagon"""
2026-10-05,soundcloud:tracks:a1048ff405cb6b51a552f33bf080add6,2025-06-06 14:02:43 UTC,2025-06-06,2025-06-06 14:02:43 UTC,2025-06-06,public,"[""exclusive"",""mothermother"",""voicenotes""]",,voice-notes-mother-mother-on-on-and-on-6,"Voice Notes: Mother Mother on ""ON AND ON (Song for Jasmin)"""
2026-10-05,soundcloud:tracks:45b4d8d305c77d557b8b82ead9fd0215,2025-06-06 14:02:43 UTC,2025-06-06,2025-06-06 14:02:43 UTC,2025-06-06,public,"[""exclusive"",""mothermother"",""voicenotes""]",,voice-notes-mother-mother-on-to-regret-4,"Voice Notes: Mother Mother on ""To Regret"""
2026-10-05,soundcloud:tracks:c28129172b62d7ba0cd60c2ec3ff1809,2025-06-06 13:29:09 UTC,2025-06-06,2025-06-06 13:29:09 UTC,2025-06-06,public,"[""biggigantic"",""exclusive"",""voicenotes""]",,voice-notes-big-gigantic-on-journey,"Voice Notes: Big Gigantic on ""Journey"""
2026-10-05,soundcloud:tracks:ddf66da31bca9925fc6614f6fd993fe7,2025-06-04 18:30:00 UTC,2025-06-04,2025-06-04 18:30:00 UTC,2025-06-04,public,"[""exclusive"",""farrahfawx"",""voicenotes""]",,voice-notes-farrah-fawx-on-slippery-4,"Voice Notes: Farrah Fawx on ""Slippery"""
2026-10-05,soundcloud:tracks:32ab93d3b05996830077dfc46bebd0d0,2025-06-04 18:30:00 UTC,2025-06-04,2025-06-04 18:30:00 UTC,2025-06-04,public,"[""exclusive"",""farrahfawx"",""voicenotes""]",,voice-notes-farrah-fawx-on-who-do-you-call-2,"Voice Notes: Farrah Fawx on ""Who Do You Call"""
2026-10-05,soundcloud:tracks:f96599b18d57dfc0b3ca276cb5e2d353,2025-06-04 18:30:00 UTC,2025-06-04,2025-06-04 18:30:00 UTC,2025-06-04,public,"[""exclusive"",""farrahfawx"",""voicenotes""]",,voice-notes-farrah-fawx-on-stretch-6,"Voice Notes: Farrah Fawx on ""Stretch"""
2026-10-05,soundcloud:tracks:b40aaf49503ce6231db0292bf7e80f6a,2025-06-04 18:30:00 UTC,2025-06-04,2025-06-04 18:30:00 UTC,2025-06-04,public,"[""exclusive"",""farrahfawx"",""voicenotes""]",,voice-notes-farrah-fawx-on-chop-shop-1,"Voice Notes: Farrah Fawx on ""Chop Chop"""
2026-10-05,soundcloud:tracks:5c1279f9cfc71ebac05e1a6ba244b89f,2025-06-04 18:30:00 UTC,2025-06-04,2025-06-04 18:30:00 UTC,2025-06-04,public,"[""exclusive"",""farrahfawx"",""voicenotes""]",,voice-notes-farrah-fawx-on-hi-my-name-is-5,"Voice Notes: Farrah Fawx on ""HI MY NAME IS"""
2026-10-05,soundcloud:tracks:bfb9a41c14a7e55c8084c7e0ca710933,2025-06-04 18:30:00 UTC,2025-06-04,2025-06-04 18:30:00 UTC,2025-06-04,public,"[""exclusive"",""farrahfawx"",""voicenotes""]",,voice-notes-farrah-fawx-on-warning-signs-3,"Voice Notes: Farrah Fawx on ""Warning Signs"""
2026-10-05,soundcloud:tracks:b82e37fcbad7d4026110548d3802839e,2025-06-03 21:06:32 UTC,2025-06-03,2025-06-05 17:53:18 UTC,2025-06-05,public,,,voice-notes-wylie-cable-on-sober-5,"Voice Notes: Wylie Cable on ""Sober"""
2026-10-05,soundcloud:tracks:e66fd2ff44982474cb671287c92651e9,2025-06-03 21:06:32 UTC,2025-06-03,2025-06-05 17:53:03 UTC,2025-06-05,public,,,voice-notes-wylie-cable-on-oranges-3,"Voice Notes: Wylie Cable on ""Oranges"""
2026-10-05,soundcloud:tracks:d5256fb05a4f86715cfa29a848e8818b,2025-06-03 21:06:32 UTC,2025-06-03,2025-06-05 17:52:50 UTC,2025-06-05,public,,,voice-notes-wylie-cable-on-baptist-preacher-1,"Voice Notes: Wylie Cable on ""Baptist Preacher"""
2026-10-05,soundcloud:tracks:1d45bbc19c68a476edfaf844fca6131c,2025-06-03 21:06:32 UTC,2025-06-03,2025-06-05 17:52:43 UTC,2025-06-05,public,,,voice-notes-wylie-cable-on-white-mercedes-benz-6,"Voice Notes: Wylie Cable on ""White Mercedes Benz"""
2026-10-05,soundcloud:tracks:f3091c847a9bc610694b78b44d3ed0b6,2025-06-03 21:06:32 UTC,2025-06-03,2025-06-05 17:53:10 UTC,2025-06-05,public,,,voice-notes-wylie-cable-on-signal-4,"Voice Notes: Wylie Cable on ""Signal"""
2026-10-05,soundcloud:tracks:89f1df409b5f766a3445d1900046de9f,2025-06-03 21:06:32 UTC,2025-06-03,2025-06-05 17:52:55 UTC,2025-06-05,public,,,voice-notes-wylie-cable-on-im-not-sick-but-im-not-well-2,"Voice Notes: Wylie Cable on ""imnotsick (but im not well)"""
2026-10-05,soundcloud:tracks:25527c9b686f48c0ad0c5070b9aa43d4,2025-06-02 17:39:39 UTC,2025-06-02,2025-06-02 17:39:39 UTC,2025-06-02,public,"[""exclusive"",""orlagartland"",""voicenotes""]",,voice-notes-orla-gartland-on-pest-3,"Voice Notes: Orla Gartland on ""Pest"""
2026-10-05,soundcloud:tracks:5bdf2fe61c9ce02a84edbe1146846d38,2025-06-02 17:39:39 UTC,2025-06-02,2025-06-02 17:39:39 UTC,2025-06-02,public,"[""exclusive"",""orlagartland"",""voicenotes""]",,voice-notes-orla-gartland-on-now-what-2,"Voice Notes: Orla Gartland on ""Now What?"""
2026-10-05,soundcloud:tracks:7172f6b21c84d629a46b34f7f200671c,2025-06-02 17:39:39 UTC,2025-06-02,2025-06-02 17:39:39 UTC,2025-06-02,public,"[""exclusive"",""orlagartland"",""voicenotes""]",,voice-notes-orla-gartland-on-simple-4,"Voice Notes: Orla Gartland on ""Simple"""
2026-10-05,soundcloud:tracks:34d190ad4c2f8a4fefb136e70a952295,2025-06-02 17:39:39 UTC,2025-06-02,2025-06-02 17:39:39 UTC,2025-06-02,public,"[""exclusive"",""orlagartland"",""voicenotes""]",,voice-notes-orla-gartland-on-little-chaos-1,"Voice Notes: Orla Gartland on ""LIttle Chaos"""
2026-10-05,soundcloud:tracks:307130970705de73674b2cc518337796,2025-05-30 16:13:22 UTC,2025-05-30,2025-05-30 16:13:22 UTC,2025-05-30,public,"[""exclusive"",""honeybxby"",""voicenotes""]",,voice-notes-honey-bxby-on-broken-mirrors-2,"Voice Notes: Honey Bxby on ""Broken Mirrors"""
2026-10-05,soundcloud:tracks:4c5d5d958229dc3a115663d95293a86f,2025-05-30 16:13:22 UTC,2025-05-30,2025-05-30 16:13:22 UTC,2025-05-30,public,"[""exclusive"",""honeybxby"",""voicenotes""]",,voice-notes-honey-bxby-on-tricks-for-you-1,"Voice Notes: Honey Bxby on ""Tricks For You"""
2026-10-05,soundcloud:tracks:1a6c815411d52b7947960c6bb9a51ea4,2025-05-30 16:13:22 UTC,2025-05-30,2025-05-30 16:13:22 UTC,2025-05-30,public,"[""exclusive"",""honeybxby"",""voicenotes""]",,voice-notes-honey-bxby-on-left-eye-6,"Voice Notes: Honey Bxby on ""LEFT EYE"""
2026-10-05,soundcloud:tracks:dd2b10d578e6ba2716d68bcfe6775176,2025-05-30 16:13:22 UTC,2025-05-30,2025-05-30 16:13:22 UTC,2025-05-30,public,"[""exclusive"",""honeybxby"",""voicenotes""]",,voice-notes-honey-bxby-on-right-on-time-3,"Voice Notes: Honey Bxby on ""Right On Time"""
2026-10-05,soundcloud:tracks:8108e105f786bb6a5517bd99c2a57cd8,2025-05-30 16:13:22 UTC,2025-05-30,2025-05-30 16:13:22 UTC,2025-05-30,public,"[""exclusive"",""honeybxby"",""voicenotes""]",,voice-notes-honey-bxby-on-laying-in-his-bed-4,"Voice Notes: Honey Bxby on ""Laying In His Bed"""
2026-10-05,soundcloud:tracks:58cb0ce72d8edc7c59003ec02ce1f45f,2025-05-30 16:13:22 UTC,2025-05-30,2025-05-30 16:13:22 UTC,2025-05-30,public,"[""exclusive"",""honeybxby"",""voicenotes""]",,voice-notes-honey-bxby-on-3am-5,"Voice Notes: Honey Bxby on ""3AM"""
2026-10-05,soundcloud:tracks:7bc7d9c2e03f0d01bd16b4fbb740ac49,2025-05-30 15:05:46 UTC,2025-05-30,2025-05-30 15:05:46 UTC,2025-05-30,public,"[""allenstone"",""exclusive"",""voicenotes""]",,voice-notes-allen-stone-on-memory-of-you-2,"Voice Notes: Allen Stone on ""Memory Of You"""
2026-10-05,soundcloud:tracks:3cecf5f47f8521e85cf66c16b826c587,2025-05-30 15:05:46 UTC,2025-05-30,2025-05-30 15:05:46 UTC,2025-05-30,public,"[""allenstone"",""exclusive"",""voicenotes""]",,voice-notes-allen-stone-on-can_t-explain-this-love-6,"Voice Notes: Allen Stone on ""Can't Explain This Love"""
2026-10-05,soundcloud:tracks:348ae3d5d6fa409c1ddfdc4d7197b01c,2025-05-30 15:05:46 UTC,2025-05-30,2025-05-30 15:05:46 UTC,2025-05-30,public,"[""allenstone"",""exclusive"",""voicenotes""]",,voice-notes-allen-stone-on-sweet-little-rainbows-piano-1,"Voice Notes: Allen Stone on ""Sweet Little Rainbows (Piano Version)"""
2026-10-05,soundcloud:tracks:797ca7445e0810d5df0cee317d4afafb,2025-05-30 15:05:46 UTC,2025-05-30,2025-05-30 15:05:46 UTC,2025-05-30,public,"[""allenstone"",""exclusive"",""voicenotes""]",,voice-notes-allen-stone-on-mystery-4,"Voice Notes: Allen Stone on ""Mystery"""
2026-10-05,soundcloud:tracks:92b8e40775643c9f0f7911efc9e806c3,2025-05-28 20:12:27 UTC,2025-05-28,2025-05-28 20:12:27 UTC,2025-05-28,public,"[""exclusive"",""freyaskye"",""voicenotes""]",,voice-notes-freya-sky-golds-gone-2,"Voice Notes: Freya Skye ""Gold's Gone"""
2026-10-05,soundcloud:tracks:8b307b9e95c850b97fdaf3ac701004d4,2025-05-28 20:12:27 UTC,2025-05-28,2025-05-28 20:12:27 UTC,2025-05-28,public,"[""exclusive"",""freyaskye"",""voicenotes""]",,voice-notes-freya-sky-cant-fake-it-3,"Voice Notes: Freya Skye ""Can't Fake It"""
2026-10-05,soundcloud:tracks:7e8aae1afacdfcca5dd016b1fd6b11cd,2025-05-28 20:12:27 UTC,2025-05-28,2025-05-28 20:12:27 UTC,2025-05-28,public,"[""exclusive"",""freyaskye"",""voicenotes""]",,voice-notes-freya-sky-who-i-thought-i-knew-1,"Voice Notes: Freya Skye ""Who I Thought I Knew"""
2026-10-05,soundcloud:tracks:7292605f9bc24c79e53c1ab248fccd8c,2025-05-27 17:13:12 UTC,2025-05-27,2025-05-27 17:13:12 UTC,2025-05-27,public,"[""estelle"",""exclusive"",""voicenotes""]",,voice-notes-estelle-on-new-direction-2,"Voice Notes: Estelle on ""New Direction"""
2026-10-05,soundcloud:tracks:faf7032e167cd6bb771321c1a91bd642,2025-05-27 17:13:12 UTC,2025-05-27,2025-05-27 17:13:12 UTC,2025-05-27,public,"[""estelle"",""exclusive"",""voicenotes""]",,voice-notes-estelle-on-roses-3,"Voice Notes: Estelle on ""Roses"""
2026-10-05,soundcloud:tracks:26a1652c523507ce480e7cd16254dedf,2025-05-27 17:13:12 UTC,2025-05-27,2025-05-27 17:13:12 UTC,2025-05-27,public,"[""estelle"",""exclusive"",""voicenotes""]",,voice-notes-estelle-on-stay-alta-4,"Voice Notes: Estelle on ""Stay Alta"""
2026-10-05,soundcloud:tracks:a848a3367caddf8d96ebdac6a8fe2d65,2025-05-27 17:13:12 UTC,2025-05-27,2025-05-27 17:13:12 UTC,2025-05-27,public,"[""estelle"",""exclusive"",""voicenotes""]",,voice-notes-estelle-on-let-it-drop-1,"Voice Notes: Estelle on ""Let It Drop"""
2026-10-05,soundcloud:tracks:1038003dbf188b9ea457728b86edf840,2025-05-23 17:51:40 UTC,2025-05-23,2025-08-07 16:41:36 UTC,2025-08-07,public,"[""exclusive"",""kelceyayer"",""voicenotes""]",,voice-notes-kelcey-ayer-on-mother-is-the-real-jesus-4,"Voice Notes: Kelcey Ayer on ""Mother Is The Real Jesus"""
2026-10-05,soundcloud:tracks:bdbe5c9dd7ec0036228255679acd675c,2025-05-23 17:51:40 UTC,2025-05-23,2025-05-23 17:53:25 UTC,2025-05-23,public,"[""exclusive"",""kelceyayer"",""voicenotes""]",,voice-notes-kelcey-ayer-on-ghosts-of-neighborhood-dogs-3,"Voice Notes: Kelcey Ayer on ""Ghosts Of Neighborhood Dogs"""
2026-10-05,soundcloud:tracks:c83c92f1328349451b0d045e9c14865e,2025-05-23 17:51:39 UTC,2025-05-23,2025-08-07 16:41:59 UTC,2025-08-07,public,"[""exclusive"",""kelceyayer"",""voicenotes""]",,voice-notes-kelcey-ayer-on-the-arrival-6,"Voice Notes: Kelcey Ayer on ""The Arrival"""
2026-10-05,soundcloud:tracks:2d56ca8c513a8f2e425ddddbedda0ce7,2025-05-23 17:51:39 UTC,2025-05-23,2025-05-23 17:53:12 UTC,2025-05-23,public,"[""exclusive"",""kelceyayer"",""voicenotes""]",,voice-notes-kelcey-ayer-on-dont-look-down-2,"Voice Notes: Kelcey Ayer on ""Don't Look Down"""
2026-10-05,soundcloud:tracks:f8c413319c4d417cb8da9c4f5c509a03,2025-05-23 17:51:39 UTC,2025-05-23,2025-08-07 16:41:44 UTC,2025-08-07,public,"[""exclusive"",""kelceyayer"",""voicenotes""]",,voice-notes-kelcey-ayer-on-no-sleep-5,"Voice Notes: Kelcey Ayer on ""No Sleep"""
2026-10-05,soundcloud:tracks:80d481d503c00a8c07e357ff65026ec3,2025-05-23 17:51:39 UTC,2025-05-23,2025-05-23 17:53:19 UTC,2025-05-23,public,"[""exclusive"",""kelceyayer"",""voicenotes""]",,voice-notes-kelcey-ayer-on-different-planets-1,"Voice Notes: Kelcey Ayer on ""Different Planets"""
2026-10-05,soundcloud:tracks:1040143061f5749242dfbb203ef14431,2025-05-21 20:28:23 UTC,2025-05-21,2025-05-21 20:28:23 UTC,2025-05-21,public,"[""exclusive"",""treloaded"",""voicenotes""]",,voice-notes-tre-loaded-on-lamb-chop-4,"Voice Notes: Tre Loaded on ""Lamb Chop"""
2026-10-05,soundcloud:tracks:42a66c98e8f92b0cb9f0c8ac39948f51,2025-05-21 20:28:23 UTC,2025-05-21,2025-05-21 20:28:23 UTC,2025-05-21,public,"[""exclusive"",""treloaded"",""voicenotes""]",,voice-notes-tre-loaded-on-stuck-in-the-dirt-6,"Voice Notes: Tre Loaded on ""Stuck In The Dirt"""
2026-10-05,soundcloud:tracks:dac1846e97cafa2d872a627440089d5a,2025-05-21 20:28:23 UTC,2025-05-21,2025-05-21 20:28:23 UTC,2025-05-21,public,"[""exclusive"",""treloaded"",""voicenotes""]",,voice-notes-tre-loaded-on-marni-slides-3,"Voice Notes: Tre Loaded on ""Marni Slides"""
2026-10-05,soundcloud:tracks:36f7bd8e3f1a6598895bb5d4e2af8ebd,2025-05-21 20:28:23 UTC,2025-05-21,2025-05-21 20:28:23 UTC,2025-05-21,public,"[""exclusive"",""treloaded"",""voicenotes""]",,voice-notes-tre-loaded-on-steppin-2,"Voice Notes: Tre Loaded on ""Steppin"""
2026-10-05,soundcloud:tracks:164fc0bbc4e7f1697134cdb411aaffc1,2025-05-21 20:28:23 UTC,2025-05-21,2025-05-21 20:28:23 UTC,2025-05-21,public,"[""exclusive"",""treloaded"",""voicenotes""]",,voice-notes-tre-loaded-on-another-whip-remix-5,"Voice Notes: Tre Loaded on ""Another Whip (Remix)"""
2026-10-05,soundcloud:tracks:92153f56b32a5f217e6af22a27382278,2025-05-21 20:28:23 UTC,2025-05-21,2025-05-21 20:28:23 UTC,2025-05-21,public,"[""exclusive"",""treloaded"",""voicenotes""]",,voice-notes-tre-loaded-on-glorilla-1,"Voice Notes: Tre Loaded on ""Glorilla"""
2026-10-05,soundcloud:tracks:458db07769aab548cbb580cfd4cb2ba7,2025-05-19 18:39:41 UTC,2025-05-19,2025-05-19 18:39:41 UTC,2025-05-19,public,"[""alexisley"",""exclusive"",""voicenotes""]",,voice-notes-alex-isley-on-mic-on-4,"Voice Notes: Alex Isley on ""Mic On"""
2026-10-05,soundcloud:tracks:42eea8a697c52f8b7ff926cacc80609e,2025-05-19 18:39:41 UTC,2025-05-19,2025-05-19 18:39:41 UTC,2025-05-19,public,"[""alexisley"",""exclusive"",""voicenotes""]",,voice-notes-alex-isley-on-thank-you-for-a-lovely-time-6,"Voice Notes: Alex Isley on ""Thank You For A Lovely Time"""
2026-10-05,soundcloud:tracks:bd82b5381de2f7eeadce77920eda969c,2025-05-19 18:39:41 UTC,2025-05-19,2025-05-19 18:39:41 UTC,2025-05-19,public,"[""alexisley"",""exclusive"",""voicenotes""]",,voice-notes-alex-isley-on-miss-goodie-two-shoes-3,"Voice Notes: Alex Isley on ""Ms. Goody Two Shoes"""
2026-10-05,soundcloud:tracks:df6ba1ca8c36ce5231f014c0830348cf,2025-05-19 18:39:41 UTC,2025-05-19,2025-05-19 18:39:41 UTC,2025-05-19,public,"[""alexisley"",""exclusive"",""voicenotes""]",,voice-notes-alex-isley-on-hands-5,"Voice Notes: Alex Isley on ""Hands"""
2026-10-05,soundcloud:tracks:33ddabd2868eaadea27f6c16d0450c35,2025-05-19 18:39:41 UTC,2025-05-19,2025-05-19 18:39:41 UTC,2025-05-19,public,"[""alexisley"",""exclusive"",""voicenotes""]",,voice-notes-alex-isley-on-holding-on-1,"Voice Notes: Alex Isley on ""Holding On"""
2026-10-05,soundcloud:tracks:468b1c0abc3784336646edb50d4a152a,2025-05-19 18:39:41 UTC,2025-05-19,2025-05-19 18:39:41 UTC,2025-05-19,public,"[""alexisley"",""exclusive"",""voicenotes""]",,voice-notes-alex-isley-on-fools-gold-2,"Voice Notes: Alex Isley on ""Fool's Gold"""
2026-10-05,soundcloud:tracks:be7e359b805f9182ea1a49d3a03a5156,2025-05-16 19:37:53 UTC,2025-05-16,2025-05-16 19:37:53 UTC,2025-05-16,public,"[""dram"",""exclusive"",""voicenotes""]",,voice-notes-dram-on-sinsubean-5,"Voice Notes: DRAM on ""Senzu Bean"""
2026-10-05,soundcloud:tracks:734cde377020e043ab705f207019a766,2025-05-16 19:37:53 UTC,2025-05-16,2025-05-16 19:37:53 UTC,2025-05-16,public,"[""dram"",""exclusive"",""voicenotes""]",,voice-notes-dram-on-cha-cha-2,"Voice Notes: DRAM on ""Cha Cha"""
2026-10-05,soundcloud:tracks:a68aba9f3e7f319511d0875fb80d7840,2025-05-16 19:37:53 UTC,2025-05-16,2025-05-16 19:37:53 UTC,2025-05-16,public,"[""dram"",""exclusive"",""voicenotes""]",,voice-notes-dram-on-mars-1,"Voice Notes: DRAM on ""Mars"""
2026-10-05,soundcloud:tracks:de19d3c52780c554a2092e6d83881d4e,2025-05-16 19:37:53 UTC,2025-05-16,2025-05-16 19:37:53 UTC,2025-05-16,public,"[""dram"",""exclusive"",""voicenotes""]",,voice-notes-dram-on-broccoli-6,"Voice Notes: DRAM on ""BROCCOLI"""
2026-10-05,soundcloud:tracks:a49cf0e09b3832283a3e9a9666f4293a,2025-05-16 19:37:53 UTC,2025-05-16,2025-05-16 19:37:53 UTC,2025-05-16,public,"[""dram"",""exclusive"",""voicenotes""]",,voice-notes-dram-on-caretaker-8,"Voice Notes: DRAM on ""Caretaker"""
2026-10-05,soundcloud:tracks:42cba34f1afee28280e3d47cddcf4355,2025-05-16 19:37:53 UTC,2025-05-16,2025-05-16 19:37:53 UTC,2025-05-16,public,"[""dram"",""exclusive"",""voicenotes""]",,voice-notes-dram-on-wifi-7,"Voice Notes: DRAM on ""Wifi"""
2026-10-05,soundcloud:tracks:c9c000dabf8c011aaf32cdb0e186be0d,2025-05-16 19:37:53 UTC,2025-05-16,2025-05-16 19:37:53 UTC,2025-05-16,public,"[""dram"",""exclusive"",""voicenotes""]",,voice-notes-dram-on-te-amo-3,"Voice Notes: DRAM on ""Te Amo"""
2026-10-05,soundcloud:tracks:6e3b8b37615455f9f1584e4c8b799169,2025-05-16 19:37:53 UTC,2025-05-16,2025-05-16 19:37:53 UTC,2025-05-16,public,"[""dram"",""exclusive"",""voicenotes""]",,voice-notes-dram-on-money-calling-4,"Voice Notes: DRAM on ""Money Calling"""
2026-10-05,soundcloud:tracks:5edfab016851ac2d7f0c37ae8d88b216,2025-05-16 19:37:53 UTC,2025-05-16,2025-05-16 19:37:53 UTC,2025-05-16,public,"[""dram"",""exclusive"",""voicenotes""]",,voice-notes-dram-on-cash-machine-9,"Voice Notes: DRAM on ""Cash Machine"""
2026-10-05,soundcloud:tracks:295d987119f74c907efadddb8bb6ea6c,2025-05-16 17:29:10 UTC,2025-05-16,2025-05-16 17:29:10 UTC,2025-05-16,public,"[""exclusive"",""mathematics"",""voicenotes"",""wu-tangclan""]",,voice-notes-mathematics-on-roar-of-the-lion-5,"Voice Notes: Mathematics on ""Roar of the Lion"""
2026-10-05,soundcloud:tracks:fadb2296fe2a5df7cc084459623f5938,2025-05-16 17:29:10 UTC,2025-05-16,2025-05-16 17:29:10 UTC,2025-05-16,public,"[""exclusive"",""mathematics"",""voicenotes"",""wu-tangclan""]",,voice-notes-mathematics-on-sucka-free-7,"Voice Notes: Mathematics on ""Sucker Free City"""
2026-10-05,soundcloud:tracks:943d4be80aea3c0c27d82caeda70500b,2025-05-16 17:29:10 UTC,2025-05-16,2025-05-16 17:29:10 UTC,2025-05-16,public,"[""exclusive"",""mathematics"",""voicenotes"",""wu-tangclan""]",,voice-notes-mathematics-on-warriors-2-cooley-high-8,"Voice Notes: Mathematics on ""Warriors Two, Cooley High"""
2026-10-05,soundcloud:tracks:8c05f016953214c1fe0c89f491b801e5,2025-05-16 17:29:10 UTC,2025-05-16,2025-05-16 17:29:10 UTC,2025-05-16,public,"[""exclusive"",""mathematics"",""voicenotes"",""wu-tangclan""]",,voice-notes-mathematics-on-executioners-from-shaolin-3,"Voice Notes: Mathematics on ""Executioners from Shaolin"""
2026-10-05,soundcloud:tracks:f9bafda26a54b613ceba5d6bd47c8706,2025-05-16 17:29:10 UTC,2025-05-16,2025-05-16 17:29:10 UTC,2025-05-16,public,"[""exclusive"",""mathematics"",""voicenotes"",""wu-tangclan""]",,voice-notes-mathematics-on-shana-vs-llama-6,"Voice Notes: Mathematics on ""Shaolin Vs Lama"""
2026-10-05,soundcloud:tracks:a7e4415c48151d57411764a05852d98d,2025-05-16 17:29:10 UTC,2025-05-16,2025-05-16 17:29:10 UTC,2025-05-16,public,"[""exclusive"",""mathematics"",""voicenotes"",""wu-tangclan""]",,voice-notes-mathematics-on-mandango-4,"Voice Notes: Mathematics on ""Mandingo"""
2026-10-05,soundcloud:tracks:6953358099bc3f0211f391f150a6b05a,2025-05-16 17:29:10 UTC,2025-05-16,2025-05-16 17:29:10 UTC,2025-05-16,public,"[""exclusive"",""mathematics"",""voicenotes"",""wu-tangclan""]",,voice-notes-mathematics-on-claudine-1,"Voice Notes: Mathematics on ""Claudine"""
2026-10-05,soundcloud:tracks:33bb5f8bb1416049867deb6e5c8c31b6,2025-05-16 17:29:10 UTC,2025-05-16,2025-05-16 17:29:10 UTC,2025-05-16,public,"[""exclusive"",""mathematics"",""voicenotes"",""wu-tangclan""]",,voice-notes-mathematics-on-cleopatra-jones-2,"Voice Notes: Mathematics on ""Cleopatra Jones"""
2026-10-05,soundcloud:tracks:ed4d37488177103ffc9b4002cbf05481,2025-05-15 15:49:45 UTC,2025-05-15,2025-05-15 15:49:45 UTC,2025-05-15,public,"[""exclusive"",""laidbackluke"",""voicenotes""]",,voice-notes-laidback-luke-on-mami-3,"Voice Notes: Laidback Luke on ""MAMI"""
2026-10-05,soundcloud:tracks:c76bd870733655f449177de8cd32c374,2025-05-15 15:49:45 UTC,2025-05-15,2025-05-15 15:49:45 UTC,2025-05-15,public,"[""exclusive"",""laidbackluke"",""voicenotes""]",,voice-notes-laidback-luke-on-it-clicked-2,"Voice Notes: Laidback Luke on ""It Clicked"""
2026-10-05,soundcloud:tracks:2094704078d786f92b5341d25ab8b5ff,2025-05-15 15:49:45 UTC,2025-05-15,2025-05-15 15:49:45 UTC,2025-05-15,public,"[""exclusive"",""laidbackluke"",""voicenotes""]",,voice-notes-laidback-luke-on-1000-bpm-1,"Voice Notes: Laidback Luke on ""1000 BPM"""
2026-10-05,soundcloud:tracks:ad2447aaa586ab42603a6462147926d5,2025-05-13 17:16:44 UTC,2025-05-13,2025-05-13 17:16:44 UTC,2025-05-13,public,"[""blondshell"",""exclusive"",""voicenotes""]",,voice-notes-blondshell-on-event-of-a-fire-2,"Voice Notes: Blondshell on ""Event of a Fire"""
2026-10-05,soundcloud:tracks:5e27e229ec4dad0bb9cd7aaca11b8a75,2025-05-13 17:16:44 UTC,2025-05-13,2025-05-13 17:16:44 UTC,2025-05-13,public,"[""blondshell"",""exclusive"",""voicenotes""]",,voice-notes-blondshell-on-he-wants-me-3,"Voice Notes: Blondshell on ""He Wants Me"""
2026-10-05,soundcloud:tracks:e8c08b3b415afd65239b62c9bc5d607a,2025-05-13 17:16:44 UTC,2025-05-13,2025-05-13 17:16:44 UTC,2025-05-13,public,"[""blondshell"",""exclusive"",""voicenotes""]",,voice-notes-blondshell-on-arms-1,"Voice Notes: Blondshell on ""Arms"""
2026-10-05,soundcloud:tracks:af97b3bc0780ceaae941e66548a1d720,2025-05-13 17:16:44 UTC,2025-05-13,2025-05-13 17:16:44 UTC,2025-05-13,public,"[""blondshell"",""exclusive"",""voicenotes""]",,voice-notes-blondshell-on-thumbtack-4,"Voice Notes: Blondshell on ""Thumbtack"""
2026-10-05,soundcloud:tracks:6996008bf5cf44a503dfe49841e74383,2025-05-12 16:25:16 UTC,2025-05-12,2025-05-12 16:25:16 UTC,2025-05-12,public,"[""exclusive"",""kur"",""voicenotes""]",,voice-notes-kur-on-hurting-my-spine-2,"Voice Notes: KUR on ""Hurting My Spine"""
2026-10-05,soundcloud:tracks:9c13e467dd21233afd7979fd0e354f41,2025-05-12 16:25:16 UTC,2025-05-12,2025-05-12 16:25:16 UTC,2025-05-12,public,"[""exclusive"",""kur"",""voicenotes""]",,voice-notes-kur-on-whatever-it-is-5,"Voice Notes: KUR on ""Whatever It Is"""
2026-10-05,soundcloud:tracks:ccad7d3601a3397aa0156697050675b2,2025-05-12 16:25:16 UTC,2025-05-12,2025-05-12 16:25:16 UTC,2025-05-12,public,"[""exclusive"",""kur"",""voicenotes""]",,voice-notes-kur-on-sonic-on-aramingo-3,"Voice Notes: KUR on ""Sonic On Aramingo"""
2026-10-05,soundcloud:tracks:f8399187918dc527e45b675722f748c8,2025-05-12 16:25:16 UTC,2025-05-12,2025-05-12 16:25:16 UTC,2025-05-12,public,"[""exclusive"",""kur"",""voicenotes""]",,voice-notes-kur-on-talk-of-the-town-4,"Voice Notes: KUR on ""Talk Of Da Town"""
2026-10-05,soundcloud:tracks:15a6b82094e36edb05f1ee6d9c152172,2025-05-12 16:25:16 UTC,2025-05-12,2025-05-12 16:25:16 UTC,2025-05-12,public,"[""exclusive"",""kur"",""voicenotes""]",,voice-notes-kur-on-bjh-1,"Voice Notes: KUR on ""B.J.H."""
2026-10-05,soundcloud:tracks:53c4309af3657f77a8300c264516f87b,2025-05-12 13:25:29 UTC,2025-05-12,2025-05-12 13:25:29 UTC,2025-05-12,public,"[""biggigantic"",""exclusive"",""voicenotes""]",,voice-notes-big-gigantic-on-move-around,"Voice Notes: Big Gigantic on ""Move Around"""
2026-10-05,soundcloud:tracks:ccd8348cec9cdbbfa7a78bf44b38a9ce,2025-05-09 17:34:41 UTC,2025-05-09,2025-05-09 17:34:41 UTC,2025-05-09,public,,,voice-notes-ambar-lucid-stranger-dressed-in-white,"Voice Notes: Ambar Lucid ""Stranger Dressed In White"""
2026-10-05,soundcloud:tracks:8463200b99c4f99059cbc0156961a884,2025-05-09 17:34:11 UTC,2025-05-09,2025-05-09 17:34:11 UTC,2025-05-09,public,,,voice-notes-ambar-lucid-on-la-puesta,"Voice Notes: Ambar Lucid on ""La Apuesta"""
2026-10-05,soundcloud:tracks:272b0c7d06fa949b9c7ee86af6cb4cfe,2025-05-09 17:33:37 UTC,2025-05-09,2025-05-09 17:33:37 UTC,2025-05-09,public,,,voice-notes-ambar-lucid-on-i-feel-everything,"Voice Notes: Ambar Lucid on ""I Feel Everything"""
2026-10-05,soundcloud:tracks:0e3d209ef1a5e476694ba8a590712174,2025-05-09 17:33:06 UTC,2025-05-09,2025-05-09 17:33:06 UTC,2025-05-09,public,,,voice-notes-ambar-lucid-on-forest,"Voice Notes: Ambar Lucid on ""Forest"""
2026-10-05,soundcloud:tracks:d39c415fd0272a46798c13877ffae5ce,2025-05-09 17:32:26 UTC,2025-05-09,2025-05-09 17:32:26 UTC,2025-05-09,public,,,voice-notes-ambar-lucid-on-angel,"Voice Notes: Ambar Lucid on ""Angel"""
2026-10-05,soundcloud:tracks:e71c45bdb1a64fd11575fc9908f82491,2025-05-07 13:30:52 UTC,2025-05-07,2025-05-07 13:30:52 UTC,2025-05-07,public,"[""exclusive"",""jvke"",""torikelly"",""voicenotes""]",,voice-notes-jvke-on-pretty-5,"Voice Notes: JVKE on ""pretty"""
2026-10-05,soundcloud:tracks:28631c88503c52f7366749d2860427c4,2025-05-07 13:30:52 UTC,2025-05-07,2025-05-07 13:30:52 UTC,2025-05-07,public,"[""exclusive"",""jvke"",""torikelly"",""voicenotes""]",,voice-notes-jvke-on-golden-hour-1,"Voice Notes: JVKE on ""golden hour"""
2026-10-05,soundcloud:tracks:83c2ca2e84cc3c668ed3f48f67034bee,2025-05-07 13:30:52 UTC,2025-05-07,2025-05-07 13:30:52 UTC,2025-05-07,public,"[""exclusive"",""jvke"",""torikelly"",""voicenotes""]",,voice-notes-jvke-and-tori-kelly-on-this-is-what-floating-feels-like-2,"Voice Notes: JVKE and Tori Kelly on ""this is what floating feels like"""
2026-10-05,soundcloud:tracks:bb63a1225950db9ae509600ee8123a46,2025-05-07 13:30:52 UTC,2025-05-07,2025-05-07 13:30:52 UTC,2025-05-07,public,"[""exclusive"",""jvke"",""torikelly"",""voicenotes""]",,voice-notes-jvke-on-next-to-you-4,"Voice Notes: JVKE on ""next to you"""
2026-10-05,soundcloud:tracks:e0d90ee3e753d08189ecbab5cf6769ae,2025-05-07 13:30:52 UTC,2025-05-07,2025-05-07 13:30:52 UTC,2025-05-07,public,"[""exclusive"",""jvke"",""torikelly"",""voicenotes""]",,voice-notes-jvke-on-her-3,"Voice Notes: JVKE on ""her"""
2026-10-05,soundcloud:tracks:b70824d65dffca13252b1a1b018d0720,2025-05-06 17:31:36 UTC,2025-05-06,2025-05-06 17:31:36 UTC,2025-05-06,public,"[""exclusive"",""thedap-kings"",""voicenotes""]",,voice-notes-the-dap-kings-on-this-land-is-your-land-4,"Voice Notes: The Dap-Kings on ""This Land Is Your Land"""
2026-10-05,soundcloud:tracks:93276ed695cf9c40819d0bc8e6f529ba,2025-05-06 17:31:36 UTC,2025-05-06,2025-05-06 17:31:36 UTC,2025-05-06,public,"[""exclusive"",""thedap-kings"",""voicenotes""]",,voice-notes-the-dap-kings-on-stranded-3,"Voice Notes: The Dap-Kings on ""Stranded in Your Love (feat. Lee Fields)"""
2026-10-05,soundcloud:tracks:8889852565e739b944bac38f5320385b,2025-05-06 17:31:36 UTC,2025-05-06,2025-05-06 17:31:36 UTC,2025-05-06,public,"[""exclusive"",""thedap-kings"",""voicenotes""]",,voice-notes-the-dap-kings-on-fish-in-my-dish-1,"Voice Notes: The Dap-Kings on ""Fish In My Dish"""
2026-10-05,soundcloud:tracks:7ceda25a7a594f495c9cc82e17544471,2025-05-06 17:31:36 UTC,2025-05-06,2025-05-06 17:31:36 UTC,2025-05-06,public,"[""exclusive"",""thedap-kings"",""voicenotes""]",,voice-notes-the-dap-kings-on-how-do-i-let-a-good-man-down-2,"Voice Notes: The Dap-Kings on ""How Do I Let a Good Man Down?"""
2026-10-05,soundcloud:tracks:5918c11c8f7e242b2a3f6ce2202abce3,2025-05-02 20:15:21 UTC,2025-05-02,2025-05-02 20:15:21 UTC,2025-05-02,public,"[""bigwild"",""exclusive"",""voicenotes""]",,voice-notes-big-wild-on-you-belong-here-2,"Voice Notes: Big Wild on ""You Belong Here"""
2026-10-05,soundcloud:tracks:924743b6c289fbe4231358e986794ca0,2025-05-02 20:15:21 UTC,2025-05-02,2025-05-02 20:15:21 UTC,2025-05-02,public,"[""bigwild"",""exclusive"",""voicenotes""]",,voice-notes-big-wild-on-love-any-longer-1,"Voice Notes: Big Wild on ""Love Any Longer"""
2026-10-05,soundcloud:tracks:002ef1ade54e06dfb329c965aa023ae9,2025-05-01 20:33:21 UTC,2025-05-01,2025-05-01 20:33:21 UTC,2025-05-01,public,"[""exclusive"",""theknocks"",""voicenotes""]",,voice-notes-the-knocks-on-dreams-1,"Voice Notes: The Knocks on ""Dreams"""
2026-10-05,soundcloud:tracks:a7536b4c0710db6f6620d86c36a36045,2025-05-01 20:33:21 UTC,2025-05-01,2025-05-01 20:33:21 UTC,2025-05-01,public,"[""exclusive"",""theknocks"",""voicenotes""]",,voice-notes-the-knocks-on-slow-song-2,"Voice Notes: The Knocks on ""Slow Song"""
2026-10-05,soundcloud:tracks:5854eafd0fe88065d360dd184e8841a6,2025-05-01 20:33:21 UTC,2025-05-01,2025-05-01 20:33:21 UTC,2025-05-01,public,"[""exclusive"",""theknocks"",""voicenotes""]",,voice-notes-the-knocks-on-revelation-3,"Voice Notes: The Knocks on ""Revelation"""
2026-10-05,soundcloud:tracks:5cdb73a6bcb54d7075fb5ae2f183d383,2025-04-30 19:01:28 UTC,2025-04-30,2025-04-30 19:01:28 UTC,2025-04-30,public,"[""exclusive"",""voicenotes"",""wizkhalifa""]",,voice-notes-wiz-khalifa-on-cashed-out-1,"Voice Notes: Wiz Khalifa on ""Cashed Out (feat. Larry June)"""
2026-10-05,soundcloud:tracks:6840b1a7f8f1c75a1fbeb89adb453958,2025-04-30 19:01:28 UTC,2025-04-30,2025-04-30 19:01:28 UTC,2025-04-30,public,"[""exclusive"",""voicenotes"",""wizkhalifa""]",,voice-notes-wiz-khalifa-on-pimps-and-husslers-4,"Voice Notes: Wiz Khalifa on ""Pimps n Hustlers (feat. Luh Tyler)"""
2026-10-05,soundcloud:tracks:530f40b62b0c0c2b8c514bd606a69578,2025-04-30 19:01:28 UTC,2025-04-30,2025-04-30 19:01:28 UTC,2025-04-30,public,"[""exclusive"",""voicenotes"",""wizkhalifa""]",,voice-notes-wiz-khalifa-on-five-star-2,"Voice Notes: Wiz Khalifa on ""5 Star (feat. Gunna)"""
2026-10-05,soundcloud:tracks:5a96102bbb9e033743cf42a9195e4b07,2025-04-30 19:01:28 UTC,2025-04-30,2025-04-30 19:01:28 UTC,2025-04-30,public,"[""exclusive"",""voicenotes"",""wizkhalifa""]",,voice-notes-wiz-khalifa-on-i-might-be-3,"Voice Notes: Wiz Khalifa on ""I Might Be"""
2026-10-05,soundcloud:tracks:e9f0e16a952fe1e94ef3c3cc4945d2d4,2025-04-29 15:17:49 UTC,2025-04-29,2025-04-29 15:17:49 UTC,2025-04-29,public,"[""exclusive"",""goose"",""voicenotes""]",jam,voice-notes-goose-on-silver-rising-5,"Voice Notes: Goose on ""Silver Rising"""
2026-10-05,soundcloud:tracks:81fa085b8dd589847fdd6b546bca6bfa,2025-04-29 15:17:49 UTC,2025-04-29,2025-04-29 15:17:49 UTC,2025-04-29,public,"[""exclusive"",""goose"",""voicenotes""]",jam,voice-notes-goose-on-iguana-song-3,"Voice Notes: Goose on ""Iguana Song"""
2026-10-05,soundcloud:tracks:d41d7d17027e00464a1438d533f08f40,2025-04-29 15:17:49 UTC,2025-04-29,2025-04-29 15:17:49 UTC,2025-04-29,public,"[""exclusive"",""goose"",""voicenotes""]",jam,voice-notes-goose-on-everything-must-go-2,"Voice Notes: Goose on ""Everything Must Go"""
2026-10-05,soundcloud:tracks:3bcc01bc15e1c27347e5d9737fc7f8f4,2025-04-29 15:17:49 UTC,2025-04-29,2025-04-29 15:17:49 UTC,2025-04-29,public,"[""exclusive"",""voicenotes""]",jam,voice-notes-goose-on-red-bird-4,"Voice Notes: Goose on ""Red Bird"""
2026-10-05,soundcloud:tracks:62993d6252486d0be4a995607a4dfb00,2025-04-29 15:17:49 UTC,2025-04-29,2025-04-29 15:17:49 UTC,2025-04-29,public,"[""exclusive"",""goose"",""voicenotes""]",jam,voice-notes-goose-on-dustin-hoffman-1,"Voice Notes: Goose on ""Dustin Hoffman"""
2026-10-05,soundcloud:tracks:f542eec65e855654eef02dd4273aaa6d,2025-04-28 18:03:52 UTC,2025-04-28,2025-04-28 18:03:52 UTC,2025-04-28,public,,,voice-notes-moontalk-on-slammin,"Voice Notes: Moontalk on ""Slammin' (I Want U)"""
2026-10-05,soundcloud:tracks:2b6e7426fe6c2246c2c6b5209c9b732b,2025-04-28 18:02:26 UTC,2025-04-28,2025-04-28 18:02:26 UTC,2025-04-28,public,"[""exclusive"",""moontalk"",""voicenotes""]",,voice-notes-moontalk-on-melody-for-space-lovers,"Voice Notes: Moontalk on ""Melody (For Space Lovers)"""
2026-10-05,soundcloud:tracks:9225ebefb4b5c9ec2c38020a7bdd32b1,2025-04-28 16:48:42 UTC,2025-04-28,2025-04-28 16:48:42 UTC,2025-04-28,public,"[""ellise"",""exclusive"",""voicenotes""]",,voice-notes-ellise-on-feel-better-together-4,"Voice Notes: Ellise on ""feel better together"""
2026-10-05,soundcloud:tracks:a78d58a2598ae5bd7d8db3051572f78c,2025-04-28 16:48:42 UTC,2025-04-28,2025-04-28 16:48:42 UTC,2025-04-28,public,"[""ellise"",""exclusive"",""voicenotes""]",,voice-notes-ellise-on-dead-to-me-3,"Voice Notes: Ellise on ""dead2me"""
2026-10-05,soundcloud:tracks:57d52efaaf4483fbc8c82784a78aae86,2025-04-28 16:48:42 UTC,2025-04-28,2025-04-28 16:48:42 UTC,2025-04-28,public,"[""ellise"",""exclusive"",""voicenotes""]",,voice-notes-ellise-on-committed-for-life-2,"Voice Notes: Ellise on ""committed for life"""
2026-10-05,soundcloud:tracks:206854a7d0d6c6e0d46591046d513a22,2025-04-28 16:48:42 UTC,2025-04-28,2025-04-28 16:48:42 UTC,2025-04-28,public,"[""ellise"",""exclusive"",""voicenotes""]",,voice-notes-ellise-on-cherry-on-top-1,"Voice Notes: Ellise on ""cherry on top"""
2026-10-05,soundcloud:tracks:75368b8d9362314c08391f94d75f5095,2025-04-28 16:48:42 UTC,2025-04-28,2025-04-28 16:48:42 UTC,2025-04-28,public,"[""ellise"",""exclusive"",""voicenotes""]",,voice-notes-ellise-on-valentine-5,"Voice Notes: Ellise on ""valentine"""
2026-10-05,soundcloud:tracks:ef205556e009a31fb63064f510d5da51,2025-04-25 19:40:32 UTC,2025-04-25,2025-04-25 19:40:32 UTC,2025-04-25,public,"[""chrissyspratt"",""exclusive"",""voicenotes""]",,voice-notes-chrissy-spratt-on-in-too-deep,"Voice Notes: Chrissy Spratt on ""In Too Deep"""
2026-10-05,soundcloud:tracks:a24d456a45c30abb6779df955cf6bc21,2025-04-23 16:50:30 UTC,2025-04-23,2025-04-23 16:50:30 UTC,2025-04-23,public,"[""exclusive"",""spilltab"",""voicenotes""]",,voice-notes-spill-tab-on-de-gare-3,"Voice Notes: spill tab on ""De Guerre"""
2026-10-05,soundcloud:tracks:e171d65327f321c33cea4f11d29bd72b,2025-04-23 16:50:30 UTC,2025-04-23,2025-04-23 16:50:30 UTC,2025-04-23,public,"[""exclusive"",""spilltab"",""voicenotes""]",,voice-notes-spill-tab-on-assis-2,"Voice Notes: spill tab on ""Assis"""
2026-10-05,soundcloud:tracks:da653592e9d61f6af908efa03594ff92,2025-04-23 16:50:30 UTC,2025-04-23,2025-04-23 16:50:30 UTC,2025-04-23,public,"[""exclusive"",""spilltab"",""voicenotes""]",,voice-notes-spill-tab-on-pink-lemonade-4,"Voice Notes: spill tab on ""PINK LEMONADE"""
2026-10-05,soundcloud:tracks:7ad04d17dace44e4c2a3c96b50556ced,2025-04-23 16:50:30 UTC,2025-04-23,2025-04-23 16:50:30 UTC,2025-04-23,public,"[""exclusive"",""spilltab"",""voicenotes""]",,voice-notes-spill-tab-on-hold-me-1,"Voice Notes: spill tab on ""Hold Me"""
2026-10-05,soundcloud:tracks:39e258bdaec5f3df40068360bf059c72,2025-04-21 19:29:12 UTC,2025-04-21,2025-04-21 19:29:12 UTC,2025-04-21,public,"[""dragonette"",""exclusive"",""voicenotes""]",,voice-notes-dragonette-on-love-me-alive-3,"Voice Notes: Dragonette on ""Love Me Alive"""
2026-10-05,soundcloud:tracks:2dd2f1ca4159dad476793da8ec6672e2,2025-04-21 19:29:12 UTC,2025-04-21,2025-04-21 19:29:12 UTC,2025-04-21,public,"[""dragonette"",""exclusive"",""voicenotes""]",,voice-notes-dragonette-on-t-shirt-5,"Voice Notes: Dragonette on ""T-Shirt"""
2026-10-05,soundcloud:tracks:2df5eb0562ef459b1209fb186285b08c,2025-04-21 19:29:12 UTC,2025-04-21,2025-04-21 19:29:12 UTC,2025-04-21,public,"[""dragonette"",""exclusive"",""voicenotes""]",,voice-notes-dragonette-on-slow-song-4,"Voice Notes: Dragonette on ""Slow Song"""
2026-10-05,soundcloud:tracks:0ec7f9bf5456f40557743d54440a9960,2025-04-21 19:29:12 UTC,2025-04-21,2025-04-21 19:29:12 UTC,2025-04-21,public,"[""dragonette"",""exclusive"",""voicenotes""]",,voice-notes-dragonette-on-good-intentions-2,"Voice Notes: Dragonette on ""Good Intentions"""
2026-10-05,soundcloud:tracks:a0b9a5ed3d46dbf9e7d52ea232a3a539,2025-04-21 19:29:12 UTC,2025-04-21,2025-04-21 19:29:12 UTC,2025-04-21,public,"[""dragonette"",""exclusive"",""voicenotes""]",,voice-notes-dragonette-on-foolish-pleasure-1,"Voice Notes: Dragonette on ""Foolish Pleasure"""
2026-10-05,soundcloud:tracks:7f161f0f167758d78ccc57f90854b56b,2025-04-18 16:26:34 UTC,2025-04-18,2025-04-18 16:26:34 UTC,2025-04-18,public,"[""exclusive"",""littleimage"",""voicenotes""]",,voice-notes-little-image-on-novocaine-3,"Voice Notes: little image on ""NOVOCAINE"""
2026-10-05,soundcloud:tracks:5e598df838a318ac74c6c2e4ec10be3e,2025-04-18 16:26:34 UTC,2025-04-18,2025-04-18 16:26:34 UTC,2025-04-18,public,"[""exclusive"",""littleimage"",""voicenotes""]",,voice-notes-little-image-on-the-pressure-1,"Voice Notes: little image on ""THE PRESSURE"""
2026-10-05,soundcloud:tracks:fe089155fa30ea1ee0698786d7c764ff,2025-04-18 16:26:34 UTC,2025-04-18,2025-04-18 16:26:34 UTC,2025-04-18,public,"[""exclusive"",""littleimage"",""voicenotes""]",,voice-notes-little-image-on-run-for-forever-2,"Voice Notes: little image on ""RUN FOR FOREVER"""
2026-10-05,soundcloud:tracks:1a28b098ec9bd83d411ae2b6a4ed78ab,2025-04-17 21:23:45 UTC,2025-04-17,2025-04-18 17:10:53 UTC,2025-04-18,public,"[""brandon"",""exclusive"",""voicenotes""]",,voice-notes-brandon-on-right-back-4,"Voice Notes: Brandon on ""Right Back"""
2026-10-05,soundcloud:tracks:c2edf0fc24a3bd1e191d90b1c6156916,2025-04-17 21:23:45 UTC,2025-04-17,2025-04-18 17:10:41 UTC,2025-04-18,public,"[""brandon"",""exclusive"",""voicenotes""]",,voice-notes-brandon-on-september-6,"Voice Notes: Brandon on ""September"""
2026-10-05,soundcloud:tracks:22e8e17c5aaa572cbbde3d6bf3dc4dbb,2025-04-17 21:23:45 UTC,2025-04-17,2025-09-08 19:45:33 UTC,2025-09-08,public,"[""brandon"",""exclusive"",""voicenotes""]",,voice-notes-brandon-on-you-5,"Voice Notes: Brandon on ""You"""
2026-10-05,soundcloud:tracks:dd7f9e4e16acc4d6ea78945fda111492,2025-04-17 21:23:45 UTC,2025-04-17,2025-09-08 19:45:04 UTC,2025-09-08,public,"[""brandon"",""exclusive"",""voicenotes""]",,voice-notes-brandon-on-her-too-1,"Voice Notes: Brandon on ""Her Too"""
2026-10-05,soundcloud:tracks:8dde348e0f46b84d9b80ca09c7d86de5,2025-04-17 21:23:45 UTC,2025-04-17,2025-04-18 17:10:33 UTC,2025-04-18,public,"[""brandon"",""exclusive"",""voicenotes""]",,voice-notes-brandon-on-seeing-stars-3,"Voice Notes: Brandon on ""Seeing Stars"""
2026-10-05,soundcloud:tracks:12db6978643a2ba1d897888b051f6474,2025-04-17 21:23:45 UTC,2025-04-17,2025-09-08 19:45:24 UTC,2025-09-08,public,"[""brandon"",""exclusive"",""voicenotes""]",,voice-notes-brandon-on-too-good-2,"Voice Notes: Brandon on ""2 Good"""
2026-10-05,soundcloud:tracks:7a9a0a37cef9850a1a9994f204eb6fa7,2025-04-16 19:18:19 UTC,2025-04-16,2025-04-16 19:18:19 UTC,2025-04-16,public,"[""amiraelfeky"",""exclusive"",""voicenotes""]",,voice-notes-amira-elfeky-on-cross-the-line-2,"Voice Notes: Amira Elfeky on ""Crossed The Line"""
2026-10-05,soundcloud:tracks:e2908bd088d88aa2ea7d801f8f96acf7,2025-04-16 19:18:19 UTC,2025-04-16,2025-04-16 19:18:19 UTC,2025-04-16,public,"[""amiraelfeky"",""exclusive"",""voicenotes""]",,voice-notes-amira-elfeky-on-death-of-me-3,"Voice Notes: Amira Elfeky on ""Death Of Me"""
2026-10-05,soundcloud:tracks:19980765d378064314d9b1834a3c3c34,2025-04-16 19:18:19 UTC,2025-04-16,2025-04-16 19:18:19 UTC,2025-04-16,public,"[""amiraelfeky"",""exclusive"",""voicenotes""]",,voice-notes-amira-elfeky-on-forever-overdose-4,"Voice Notes: Amira Elfeky on ""Forever Overdose"""
2026-10-05,soundcloud:tracks:c05d6f33feda8bb0bbd7ba83dc99b0f8,2025-04-16 19:18:19 UTC,2025-04-16,2025-04-16 19:18:19 UTC,2025-04-16,public,"[""amiraelfeky"",""exclusive"",""voicenotes""]",,voice-notes-amira-elfeky-on-will-you-love-me-when-im-dead-1,"Voice Notes: Amira Elfeky on ""Will You Love Me When I'm Dead"""
2026-10-05,soundcloud:tracks:c9e1953debcedbf1935cc30333781f62,2025-04-16 17:36:13 UTC,2025-04-16,2025-04-16 17:36:13 UTC,2025-04-16,public,"[""exclusive"",""hwin"",""voicenotes""]",,voice-notes-hwin-on-love-is-all-i-need-4,"Voice Notes: HWIN on ""Love Is All I Need"""
2026-10-05,soundcloud:tracks:ce2c2ad31f317691af31e08279e23371,2025-04-16 17:36:13 UTC,2025-04-16,2025-04-16 17:36:13 UTC,2025-04-16,public,"[""exclusive"",""hwin"",""voicenotes""]",,voice-notes-hwin-on-i-will-release-you-2,"Voice Notes: HWIN on ""I Will Release You"""
2026-10-05,soundcloud:tracks:e1c23f8cf49b6e5b12c9714cfadeceab,2025-04-16 17:36:13 UTC,2025-04-16,2025-04-16 17:36:13 UTC,2025-04-16,public,"[""exclusive"",""hwin"",""voicenotes""]",,voice-notes-hwin-on-without-a-frame-3,"Voice Notes: HWIN on "" Without a Frame"""
2026-10-05,soundcloud:tracks:0574fdae4fcacae781a33d8bf3c88acb,2025-04-16 17:36:13 UTC,2025-04-16,2025-04-16 17:36:13 UTC,2025-04-16,public,"[""exclusive"",""hwin"",""voicenotes""]",,voice-notes-hwin-on-youre-still-on-my-mind-1,"Voice Notes: HWIN on ""You're Still On My Mind"""
2026-10-05,soundcloud:tracks:de5e914fdddeeac2859cf02375c6a4ad,2025-04-15 18:19:10 UTC,2025-04-15,2025-04-15 18:19:10 UTC,2025-04-15,public,"[""exclusive"",""voicenotes"",""yungbans""]",,voice-notes-yung-bans-on-gone-say-i-did-3,"Voice Notes: Yung Bans on ""GON SAY I DID"""
2026-10-05,soundcloud:tracks:48c59a1067a88e0ff82da1ad032cb72b,2025-04-15 18:19:10 UTC,2025-04-15,2025-04-15 18:19:10 UTC,2025-04-15,public,"[""exclusive"",""voicenotes"",""yungbans""]",,voice-notes-yung-bans-on-dresser-4,"Voice Notes: Yung Bans on ""Dresser"""
2026-10-05,soundcloud:tracks:6bc5598ca9ee1ed011f7be0b04982419,2025-04-15 18:19:10 UTC,2025-04-15,2025-04-15 18:19:10 UTC,2025-04-15,public,"[""exclusive"",""voicenotes"",""yungbans""]",,voice-notes-yung-bans-on-yn-1,"Voice Notes: Yung Bans on ""YN"""
2026-10-05,soundcloud:tracks:8900a23526db7359298b95a93630555e,2025-04-15 18:19:10 UTC,2025-04-15,2025-04-15 18:19:10 UTC,2025-04-15,public,"[""exclusive"",""voicenotes"",""yungbans""]",,voice-notes-yung-bans-on-eye-2-eye-2,"Voice Notes: Yung Bans  on ""Eye 2 Eye"""
2026-10-05,soundcloud:tracks:7c47d2ae22fb38367e4d0e4620cf1621,2025-04-14 14:03:06 UTC,2025-04-14,2025-04-14 15:28:21 UTC,2025-04-14,public,"[""exclusive"",""mumford&sons"",""voicenotes""]",,voice-notes-mumford-sons-on-caroline,"Voice Notes: Mumford & Sons on ""Caroline"""
2026-10-05,soundcloud:tracks:df8d085d776094caa10bba17e086049e,2025-04-14 14:02:01 UTC,2025-04-14,2025-04-14 15:28:14 UTC,2025-04-14,public,"[""exclusive"",""mumford&sons"",""voicenotes""]",,voice-notes-mumford-sons-on-truth,"Voice Notes: Mumford & Sons on ""Truth"""
2026-10-05,soundcloud:tracks:4a204efd2bd03fa974f41e76312f34dd,2025-04-11 15:27:45 UTC,2025-04-11,2025-04-11 15:27:45 UTC,2025-04-11,public,"[""exclusive"",""juliawolf"",""voicenotes""]",,voice-notes-julia-wolf-on-jennifers-body,"Voice Notes: Julia Wolf on ""Jennifer's Body"""
2026-10-05,soundcloud:tracks:2c9ff2386159dbc6568574f839501d47,2025-04-11 15:05:44 UTC,2025-04-11,2025-04-11 15:05:44 UTC,2025-04-11,public,"[""azchike"",""exclusive"",""voicenotes""]",,voice-notes-azchike-on-whatx2,"Voice Notes: Az Chike on ""Whatx2"""
2026-10-05,soundcloud:tracks:c95a0cd1800b85fa5c692fe433e4f707,2025-04-10 19:01:20 UTC,2025-04-10,2025-04-10 19:01:20 UTC,2025-04-10,public,"[""bobmoses"",""exclusive"",""voicenotes""]",,voice-notes-bob-moses-on-time-of-your-life,"Voice Notes: Bob Moses on ""Time of Your Life"""
2026-10-05,soundcloud:tracks:b86b977da9fe76682245ce57ed577290,2025-04-09 21:00:04 UTC,2025-04-09,2025-04-09 21:00:04 UTC,2025-04-09,public,"[""exclusive"",""voicenotes"",""yungbae""]",,voice-notes-yung-bae-on-day-and-night-4,"Voice Notes: Yung Bae on ""DAY N NIGHT"""
2026-10-05,soundcloud:tracks:9a6644c5faaba655027282f27c10e9af,2025-04-09 21:00:04 UTC,2025-04-09,2025-04-09 21:00:04 UTC,2025-04-09,public,"[""exclusive"",""voicenotes"",""yungbae""]",,voice-notes-yung-bae-on-arrival-3,"Voice Notes: Yung Bae on ""ARRIVAL"""
2026-10-05,soundcloud:tracks:d3694d873be0c04afa1eee191de59926,2025-04-09 21:00:04 UTC,2025-04-09,2025-04-09 21:00:04 UTC,2025-04-09,public,"[""exclusive"",""voicenotes"",""yungbae""]",,voice-notes-yung-bae-on-champagne-2,"Voice Notes: Yung Bae on ""CHAMPAGNE"""
2026-10-05,soundcloud:tracks:d1ab6b16839d1e280a6a08938640f1f1,2025-04-09 21:00:04 UTC,2025-04-09,2025-04-09 21:00:04 UTC,2025-04-09,public,"[""exclusive"",""voicenotes"",""yungbae""]",,voice-notes-yung-bae-on-dance-and-fall-in-love-1,"Voice Notes: Yung Bae on ""Dance And Fall In Love"""
2026-10-05,soundcloud:tracks:a2d50741023561a113f9eda75316bec9,2025-04-08 14:06:23 UTC,2025-04-08,2025-04-08 14:06:23 UTC,2025-04-08,public,"[""exclusive"",""moontalk"",""voicenotes""]",,voice-notes-moontalk-on-money-2,"Voice Notes: Moontalk on ""Money"""
2026-10-05,soundcloud:tracks:15fa47bb378bd2363834cbbf29a35c35,2025-04-08 14:06:23 UTC,2025-04-08,2025-04-08 14:06:23 UTC,2025-04-08,public,"[""exclusive"",""moontalk"",""voicenotes""]",,voice-notes-moontalk-on-like-this-1,"Voice Notes: Moontalk on ""Like This"""
2026-10-05,soundcloud:tracks:712483ca49cb6dc26f12739941cbf7b0,2025-04-07 18:59:38 UTC,2025-04-07,2025-04-07 18:59:38 UTC,2025-04-07,public,"[""exclusive"",""maxime."",""voicenotes""]",,voice-notes-maxime-on-explore-4,"Voice Notes: maxime. on ""explore"""
2026-10-05,soundcloud:tracks:a4ef09ababbf931711a29a21cf93faf6,2025-04-07 18:59:38 UTC,2025-04-07,2025-04-07 18:59:38 UTC,2025-04-07,public,"[""exclusive"",""maxime."",""voicenotes""]",,voice-notes-maxime-on-hotliner-1,"Voice Notes: maxime. on ""hotliner"""
2026-10-05,soundcloud:tracks:6802fc85ed37f45cc48ba8147d38b07c,2025-04-07 18:59:38 UTC,2025-04-07,2025-04-07 18:59:38 UTC,2025-04-07,public,"[""exclusive"",""maxime."",""voicenotes""]",,voice-notes-maxime-on-jaded-2,"Voice Notes: maxime. on ""jaded"""
2026-10-05,soundcloud:tracks:48439791c4857172bc3b87eebb0bafc0,2025-04-07 18:59:38 UTC,2025-04-07,2025-04-07 18:59:38 UTC,2025-04-07,public,"[""exclusive"",""maxime."",""voicenotes""]",,voice-notes-maxime-on-empty-5,"Voice Notes: maxime. on ""empty"""
2026-10-05,soundcloud:tracks:081ac22ec1b83cea08c2e9100ab23d97,2025-04-07 18:59:38 UTC,2025-04-07,2025-04-07 18:59:38 UTC,2025-04-07,public,"[""exclusive"",""maxime."",""voicenotes""]",,voice-notes-maxime-on-telephone-wires-3,"Voice Notes: maxime. on ""telephone wires"""
2026-10-05,soundcloud:tracks:843bd03c9a512f3bc208e52be5eea461,2025-04-07 18:59:38 UTC,2025-04-07,2025-04-07 18:59:38 UTC,2025-04-07,public,"[""exclusive"",""maxime."",""voicenotes""]",,voice-notes-maxime-on-the-apathy-song-6,"Voice Notes: maxime. on ""the apathy song"""
2026-10-05,soundcloud:tracks:f79ead0c3e6cf19d1b262a7508294614,2025-04-04 21:41:21 UTC,2025-04-04,2025-04-04 21:41:21 UTC,2025-04-04,public,"[""alexhobson"",""exclusive"",""vocienotes""]",,voice-notes-alex-hobson-on-good-on-you-1,"Voice Notes: Alex Hobson on ""Good On You"""
2026-10-05,soundcloud:tracks:3526638683e1b9f57f2a9ad489a12e44,2025-04-04 21:41:21 UTC,2025-04-04,2025-04-04 21:41:21 UTC,2025-04-04,public,"[""alexhobson"",""exclusive"",""vocienotes""]",,voice-notes-alex-hobson-on-love-is-a-lie-2,"Voice Notes: Alex Hobson on ""Love Is A Lie"""
2026-10-05,soundcloud:tracks:d8c263035e635783a5186c1914bf7e39,2025-04-04 21:41:21 UTC,2025-04-04,2025-04-04 21:41:21 UTC,2025-04-04,public,"[""alexhobson"",""exclusive"",""vocienotes""]",,voice-notes-alex-hobson-on-lonely-3,"Voice Notes: Alex Hobson on ""Lonely"""
2026-10-05,soundcloud:tracks:10a6838a7d189f57c7f5d419b3540a57,2025-04-04 19:35:15 UTC,2025-04-04,2025-04-04 19:35:15 UTC,2025-04-04,public,"[""ambarlucid"",""exclusive"",""vocienotes""]",,voice-notes-ambar-lucid-on-6am,"Voice Notes: Ambar Lucid on ""6am"""
2026-10-05,soundcloud:tracks:b7d73756eb867fc2d099202db49d34e4,2025-04-04 18:12:15 UTC,2025-04-04,2025-04-04 18:12:15 UTC,2025-04-04,public,"[""exclusive"",""subtronics"",""voicenotes""]",,voice-notes-subtronics-on-brass-danger-2,"Voice Notes: Subtronics on ""Brass Danger"""
2026-10-05,soundcloud:tracks:f58c55ff07742b602d85ca16154d6de9,2025-04-04 18:12:15 UTC,2025-04-04,2025-04-04 18:12:15 UTC,2025-04-04,public,"[""exclusive"",""subtronics"",""voicenotes""]",,voice-notes-subtronics-on-mothclaws-3,"Voice Notes: Subtronics on ""Mothclaws"""
2026-10-05,soundcloud:tracks:972823a731bcefb79a56c113bbce7d91,2025-04-04 18:12:15 UTC,2025-04-04,2025-04-04 18:12:15 UTC,2025-04-04,public,"[""exclusive"",""subtronics"",""voicenotes""]",,voice-notes-subtronics-on-final-breath-4,"Voice Notes: Subtronics on ""Final Breath"""
2026-10-05,soundcloud:tracks:575068557bceee47cfbec104fb4ccce9,2025-04-04 18:12:15 UTC,2025-04-04,2025-04-04 18:12:15 UTC,2025-04-04,public,"[""exclusive"",""subtronics"",""voicenotes""]",,voice-notes-subtronics-on-stratosphere-1,"Voice Notes: Subtronics on ""Stratosphere"""
2026-10-05,soundcloud:tracks:b9deca70f061afe89e7ddcb184514475,2025-04-04 17:20:10 UTC,2025-04-04,2025-04-04 17:20:10 UTC,2025-04-04,public,"[""aloeblacc"",""exclusive"",""voicenotes""]",,voice-notes-aloe-blacc-on-grow-together-1,"Voice Notes: Aloe Blacc on ""Grow Together"""
2026-10-05,soundcloud:tracks:7e4559e18d7292d0ad63dcd0e3c1af54,2025-04-04 17:20:10 UTC,2025-04-04,2025-04-04 17:20:10 UTC,2025-04-04,public,"[""aloeblacc"",""exclusive"",""voicenotes""]",,voice-notes-aloe-blacc-on-one-good-thing-2,"Voice Notes: Aloe Blacc on ""One Good Thing"""
2026-10-05,soundcloud:tracks:1313a39f9786884f41d6f0c11c91dc72,2025-04-04 17:20:10 UTC,2025-04-04,2025-04-04 17:20:10 UTC,2025-04-04,public,"[""aloeblacc"",""exclusive"",""voicenotes""]",,voice-notes-aloe-blacc-on-love-in-control-3,"Voice Notes: Aloe Blacc on ""Love In Control"""
2026-10-05,soundcloud:tracks:090f45cbae7da58da79547270b4860d0,2025-04-04 17:20:10 UTC,2025-04-04,2025-04-04 17:20:10 UTC,2025-04-04,public,"[""aloeblacc"",""exclusive"",""voicenotes""]",,voice-notes-aloe-blacc-on-breakthrough-4,"Voice Notes: Aloe Blacc on ""Breakthrough"""
2026-10-05,soundcloud:tracks:5e43f428f1137698fbc1e394b2bd5b71,2025-04-04 17:20:10 UTC,2025-04-04,2025-04-04 17:20:10 UTC,2025-04-04,public,"[""aloeblacc"",""exclusive"",""voicenotes""]",,voice-notes-aloe-blacc-on-dont-go-alone-5,"Voice Notes: Aloe Blacc on ""Don't Go Alone"""
2026-10-05,soundcloud:tracks:6418f59ebef9cce7b9c3995d0c83dce4,2025-04-02 20:22:44 UTC,2025-04-02,2025-04-02 20:22:44 UTC,2025-04-02,public,"[""exclusive"",""kingharris"",""voicenotes""]",,voice-notes-king-harris-on-mega-man-1,"Voice Notes: King Harris on ""Mega Man"""
2026-10-05,soundcloud:tracks:d2baa6f220ea12ec7a53080b623803f8,2025-04-02 20:22:44 UTC,2025-04-02,2025-04-02 20:22:44 UTC,2025-04-02,public,"[""exclusive"",""kingharris"",""voicenotes""]",,voice-notes-king-harris-on-pop-it-3,"Voice Notes: King Harris on ""Pop It"""
2026-10-05,soundcloud:tracks:70d0980a941c7f722b8ea3084fd85aa2,2025-04-02 20:22:44 UTC,2025-04-02,2025-04-02 20:22:44 UTC,2025-04-02,public,"[""exclusive"",""kingharris"",""voicenotes""]",,voice-notes-king-harris-on-high-off-love-2,"Voice Notes: King Harris on ""High Off Love"""
2026-10-05,soundcloud:tracks:029070fa35048520dc1a89a96410cd59,2025-04-02 17:42:30 UTC,2025-04-02,2025-04-02 17:42:30 UTC,2025-04-02,public,"[""exclusive"",""leahkate"",""voicenotes""]",,just-because-2,"Voice Notes: Leah Kate on ""Just Because"""
2026-10-05,soundcloud:tracks:3909ee442618b66092d27e4bb23043c5,2025-04-02 17:42:30 UTC,2025-04-02,2025-04-02 17:42:30 UTC,2025-04-02,public,"[""exclusive"",""leahkate"",""voicenotes""]",,what-girls-do-4,"Voice Notes: Leah Kate on ""What Girls Do"""
2026-10-05,soundcloud:tracks:6958327878f1bf1804b9493940e21fcd,2025-04-02 17:42:30 UTC,2025-04-02,2025-04-02 17:42:30 UTC,2025-04-02,public,"[""exclusive"",""leahkate"",""voicenotes""]",,nasty-3,"Voice Notes: Leah Kate on ""Nasty"""
2026-10-05,soundcloud:tracks:19210c8bebb8fe65ba6b2fad5b82f7f8,2025-04-02 17:42:30 UTC,2025-04-02,2025-04-02 17:42:30 UTC,2025-04-02,public,"[""exclusive"",""leahkate"",""voicenotes""]",,voice-notes-leah-kate-on-10-things-1,"Voice Notes: Leah Kate on ""10 Things"""
2026-10-05,soundcloud:tracks:abcc2e8cf102700534b070095ba202f5,2025-03-31 19:25:13 UTC,2025-03-31,2025-03-31 19:25:13 UTC,2025-03-31,public,,,voice-notes-nimino-on-nothing-perfect,"Voice Notes:  nimino on ""Nothing Perfect"""
2026-10-05,soundcloud:tracks:74a2430dbc7854b372e7daa5d5ff6dd1,2025-03-31 19:17:40 UTC,2025-03-31,2025-03-31 19:23:33 UTC,2025-03-31,public,"[""exclusive"",""nimino"",""voicenotes""]",,do-it-like-me-6,"Voice Notes: nimino on ""Do It Like Me"""
2026-10-05,soundcloud:tracks:92d07f7d43200d5e5d9f003c1eb0277d,2025-03-31 19:17:40 UTC,2025-03-31,2025-03-31 19:23:12 UTC,2025-03-31,public,"[""exclusive"",""nimino"",""voicenotes""]",,i-only-smoke-when-i-drink-4,"Voice Notes: nimino on ""I Only Smoke When I Drink"""
2026-10-05,soundcloud:tracks:ce3057e98a22f94e80aa76b3a794d9ba,2025-03-31 19:17:40 UTC,2025-03-31,2025-03-31 19:23:05 UTC,2025-03-31,public,"[""exclusive"",""nimino"",""voicenotes""]",,voice-notes-nimino-on-glow-1,"Voice Notes: nimino on ""Glow"""
2026-10-05,soundcloud:tracks:a53f0b11ebe06ae052bd1d6ca6aa8e1a,2025-03-31 19:17:40 UTC,2025-03-31,2025-03-31 19:22:58 UTC,2025-03-31,public,"[""exclusive"",""nimino"",""voicenotes""]",,the-six-2,"Voice Notes: nimino on ""The 6 (feat. Samson)"""
2026-10-05,soundcloud:tracks:fabab05e61dd4271f3f920eecf95e012,2025-03-31 19:17:40 UTC,2025-03-31,2025-03-31 19:23:22 UTC,2025-03-31,public,"[""exclusive"",""nimino"",""voicenotes""]",,shakeing-things-up-3,"Voice Notes: nimino on ""Shaking Things Up"""
2026-10-05,soundcloud:tracks:72e71d795e18b3ef91f19bfedbeb2069,2025-03-28 17:40:30 UTC,2025-03-28,2025-03-28 17:40:30 UTC,2025-03-28,public,,,voice-notes-yukimi-sad-makeup-3,"Voice Notes: Yukimi on ""Sad Makeup"""
2026-10-05,soundcloud:tracks:ecd6a499c0b3ac242b64c09bc5434c94,2025-03-28 17:40:30 UTC,2025-03-28,2025-03-28 17:40:30 UTC,2025-03-28,public,,,voice-notes-yukimi-stream-of-conciousness-4,"Voice Notes: Yukimi on ""Stream of Consciousness (feat. Lianne La Havas)"""
2026-10-05,soundcloud:tracks:0de6daed73c4cf80c9dc55d56f213175,2025-03-28 17:40:30 UTC,2025-03-28,2025-03-28 17:40:30 UTC,2025-03-28,public,,,voice-notes-yukimi-peace-rain-1,"Voice Notes: Yukimi on ""Peace Reign"""
2026-10-05,soundcloud:tracks:cff51b95554f31082fc7cf43b36cd3ea,2025-03-28 17:40:30 UTC,2025-03-28,2025-03-28 17:40:30 UTC,2025-03-28,public,,,voice-notes-yukimi-on-break-me-down-2,"Voice Notes: Yukimi on ""Break Me Down"""
2026-10-05,soundcloud:tracks:b5669fd0b0acd29e8d03f881f9a9a690,2025-03-28 16:58:26 UTC,2025-03-28,2025-03-28 16:59:13 UTC,2025-03-28,public,"[""exclusive"",""staceyryan"",""voicenotes""]",,everything-everything-4,"Voice Notes: Stacey Ryan on ""Everything Everything"""
2026-10-05,soundcloud:tracks:46fb994f6255520d4f155704299a03bd,2025-03-28 16:58:26 UTC,2025-03-28,2025-03-28 16:59:03 UTC,2025-03-28,public,"[""exclusive"",""staceyryan"",""voicenotes""]",,voice-notes-stacey-ryan-on-over-tonight-1,"Voice Notes: Stacey Ryan on ""Over Tonight"""
2026-10-05,soundcloud:tracks:d4cff9429e8c2771180cfbef7d5f1de7,2025-03-28 16:58:26 UTC,2025-03-28,2025-03-28 16:58:57 UTC,2025-03-28,public,"[""exclusive"",""staceyryan"",""voicenotes""]",,fall-in-love-alone-2,"Voice Notes: Stacey Ryan on ""Fall In Love Alone"""
2026-10-05,soundcloud:tracks:36eff016d4c7e7cc329095f553958301,2025-03-28 16:58:26 UTC,2025-03-28,2025-03-28 16:58:51 UTC,2025-03-28,public,"[""exclusive"",""staceyryan"",""voicenotes""]",,the-idea-3,"Voice Notes: Stacey Ryan on ""The Idea"""
2026-10-05,soundcloud:tracks:e4a8de04c27950af4969aa3fdf9f2630,2025-03-28 16:12:55 UTC,2025-03-28,2025-03-28 19:10:11 UTC,2025-03-28,public,"[""exclusive"",""mymorningjacket"",""voicenotes""]",,out-in-the-open-2,"Voice Notes: My Morning Jacket on ""Out In The Open"""
2026-10-05,soundcloud:tracks:e10877acce170345d84d5e59081c9b34,2025-03-28 16:12:55 UTC,2025-03-28,2025-03-28 19:10:16 UTC,2025-03-28,public,"[""exclusive"",""mymorningjacket"",""voicenotes""]",,everyday-magic-3,"Voice Notes: My Morning Jacket on ""Everyday Magic"""
2026-10-05,soundcloud:tracks:3f8f5b76914f2023cd92b6be526216ea,2025-03-27 17:51:21 UTC,2025-03-27,2025-03-27 17:52:06 UTC,2025-03-27,public,"[""exclusive"",""juliawolf"",""voicenotes""]",,wishbone-2,"Voice Notes: Julia Wolf on ""Wishbone"""
2026-10-05,soundcloud:tracks:e9cb212b5a62d74be07b3df103c064bd,2025-03-27 17:51:21 UTC,2025-03-27,2025-03-27 17:51:51 UTC,2025-03-27,public,"[""exclusive"",""juliawolf"",""voicenotes""]",,last-summer-3,"Voice Notes: Julia Wolf on ""Last Summer"""
2026-10-05,soundcloud:tracks:3bc1fa728735e79cee709f11daef0940,2025-03-27 17:51:21 UTC,2025-03-27,2025-03-27 17:52:25 UTC,2025-03-27,public,"[""exclusive"",""juliawolf"",""voicenotes""]",,voice-notes-julia-wolf-on-burning-house-5,"Voice Notes: Julia Wolf on ""Burning House"""
2026-10-05,soundcloud:tracks:dd44613651f7061e5c0c8c051eb07ea4,2025-03-27 17:51:21 UTC,2025-03-27,2025-03-27 17:52:17 UTC,2025-03-27,public,"[""exclusive"",""juliawolf"",""voicenotes""]",,life-is-a-storm-1,"Voice Notes: Julia Wolf on ""Life Is A Storm"""
2026-10-05,soundcloud:tracks:103f26551d9c799a58d1611bb6028b3a,2025-03-27 17:51:21 UTC,2025-03-27,2025-03-27 17:51:38 UTC,2025-03-27,public,"[""exclusive"",""juliawolf"",""voicenotes""]",,in-my-room-4,"Voice Notes: Julia Wolf on ""In My Room"""
2026-10-05,soundcloud:tracks:7ec09c0a0ae498aa543764622935311d,2025-03-25 18:22:04 UTC,2025-03-25,2025-03-25 21:02:08 UTC,2025-03-25,public,"[""exclusive"",""fusilier"",""voicenotes""]",,satalellites-3,"Voice Notes: Fusilier on ""Satellites"""
2026-10-05,soundcloud:tracks:6002a1b3040afd5178004b27b8deff61,2025-03-25 18:22:04 UTC,2025-03-25,2025-03-25 21:01:53 UTC,2025-03-25,public,"[""exclusive"",""fusilier"",""voicenotes""]",,ambush-1,"Voice Notes: Fusilier on ""Ambush"""
2026-10-05,soundcloud:tracks:cc6debd4fbd200162773140ab3c634e1,2025-03-25 18:22:04 UTC,2025-03-25,2025-03-25 21:02:00 UTC,2025-03-25,public,"[""exclusive"",""fusilier"",""voicenotes""]",,unino-6,"Voice Notes: Fusilier on ""U N I NO"""
2026-10-05,soundcloud:tracks:a91cb94a1e82e12ab2b6899b489fa215,2025-03-25 18:22:04 UTC,2025-03-25,2025-03-25 21:02:20 UTC,2025-03-25,public,"[""exclusive"",""fusilier"",""voicenotes""]",,hello-2,"Voice Notes: Fusilier on ""Hello"""
2026-10-05,soundcloud:tracks:5f9175bd2924853e71b5b86d6d8c71c8,2025-03-25 18:22:04 UTC,2025-03-25,2025-03-25 21:01:46 UTC,2025-03-25,public,"[""exclusive"",""fusilier"",""voicenotes""]",,nsa-4,"Voice Notes: Fusilier on ""NSA"""
2026-10-05,soundcloud:tracks:e215d53b6b8cfb0368aede88b16055e4,2025-03-25 18:22:04 UTC,2025-03-25,2025-03-25 21:02:14 UTC,2025-03-25,public,"[""exclusive"",""fusilier"",""voicenotes""]",,nightmare-muscle-5,"Voice Notes: Fusilier on ""Nightmare Muscle"""
2026-10-05,soundcloud:tracks:fe9c47280aa8a30165a199671c3ca106,2025-03-24 17:23:04 UTC,2025-03-24,2025-03-26 18:04:37 UTC,2025-03-26,public,,,the-way,"Voice Notes: Dorothy on ""THE WAY"""
2026-10-05,soundcloud:tracks:fbcdaee100b3af3f74fcd16a397b2475,2025-03-24 17:23:04 UTC,2025-03-24,2025-03-26 18:04:15 UTC,2025-03-26,public,,,mud,"Voice Notes: Dorothy on ""MUD"""
2026-10-05,soundcloud:tracks:1391d10f93d43ed5d10200f66153149c,2025-03-24 17:23:04 UTC,2025-03-24,2025-03-26 18:04:29 UTC,2025-03-26,public,,,i-come-alive,"Voice Notes: Dorothy on ""I COME ALIVE"""
2026-10-05,soundcloud:tracks:c19218aba22a64ba7c62e2b2b2732731,2025-03-24 17:23:04 UTC,2025-03-24,2025-03-26 18:04:45 UTC,2025-03-26,public,,,superhuman,"Voice Notes: Dorothy on ""SUPERHUMAN"""
2026-10-05,soundcloud:tracks:6c8fc323e4da628656fe152a348e65f4,2025-03-24 17:23:04 UTC,2025-03-24,2025-03-26 18:04:22 UTC,2025-03-26,public,,,tombstone-town,"Voice Notes: Dorothy on ""TOMBSTONE TOWN (feat. Slash)"""
2026-10-05,soundcloud:tracks:087eaa409b4f2128d32b0784371c36b9,2025-03-21 14:07:49 UTC,2025-03-21,2025-03-21 14:07:49 UTC,2025-03-21,public,"[""ericbellinger"",""exclusive"",""voicenotes""]",,taste-of-ya-voice-notes-eric,"Voice Notes: Eric Bellinger on ""Taste of Ya"""
2026-10-05,soundcloud:tracks:48f34c4b6258f15d512e8c66bb5e42fa,2025-03-21 14:07:49 UTC,2025-03-21,2025-03-21 14:07:49 UTC,2025-03-21,public,"[""ericbellinger"",""exclusive"",""voicenotes""]",,understood-voice-notes-eric,"Voice Notes: Eric Bellinger on ""Understood"""
2026-10-05,soundcloud:tracks:0e4cb94aaf75e2c8bf9aaf7b2910224e,2025-03-21 14:07:49 UTC,2025-03-21,2025-03-21 14:07:49 UTC,2025-03-21,public,"[""ericbellinger"",""exclusive"",""voicenotes""]",,pop-it-and-bounce-voice-notes,"Voice Notes: Eric Bellinger on ""Pop It & Bounce"""
2026-10-05,soundcloud:tracks:066cc2cf7dfec55132f7ba9aa1989aed,2025-03-21 14:07:49 UTC,2025-03-21,2025-03-21 14:07:49 UTC,2025-03-21,public,"[""ericbellinger"",""exclusive"",""voicenotes""]",,my-decision-voice-notes-eric,"Voice Notes: Eric Bellinger on ""My Decision"""
2026-10-05,soundcloud:tracks:3720cc30f30ab456fe17fcf3dc54a2d7,2025-03-21 14:07:49 UTC,2025-03-21,2025-03-21 14:07:49 UTC,2025-03-21,public,"[""ericbellinger"",""exclusive"",""voicenotes""]",,tunnel-vision-voice-notes-eric,"Voice Notes: Eric Bellinger on ""Tunnel Vision"""
2026-10-05,soundcloud:tracks:bcb8c50de0c5df61cf83c82824a82cff,2025-03-17 18:33:44 UTC,2025-03-17,2025-03-17 18:38:46 UTC,2025-03-17,public,"[""ethanuno"",""exclusive"",""voicenotes""]",,dqtc,"Voice Notes: EthanUno on ""DQTC"""
2026-10-05,soundcloud:tracks:3667f4d2ac716748b196c5e3338e97c5,2025-03-17 18:33:44 UTC,2025-03-17,2025-03-17 18:39:00 UTC,2025-03-17,public,"[""ethanuno"",""exclusive"",""voicenotes""]",,tld,"Voice Notes: EthanUno on ""TLD"""
2026-10-05,soundcloud:tracks:7d1c04771bdc996029cdde63807c694c,2025-03-17 18:33:44 UTC,2025-03-17,2025-03-17 18:38:39 UTC,2025-03-17,public,"[""ethanuno"",""exclusive"",""voicenotes""]",,someone-like-you,"Voice Notes: EthanUno on ""someone like u"""
2026-10-05,soundcloud:tracks:3f31686c21de2718d8b0e93e6a5020d8,2025-03-17 18:33:44 UTC,2025-03-17,2025-03-17 18:38:51 UTC,2025-03-17,public,"[""ethanuno"",""exclusive"",""voicenotes""]",,las-mananas,"Voice Notes: EthanUno on ""las mañanas"""
2026-10-05,soundcloud:tracks:fb06bbab4d5c19184cb3e151b1fc9c84,2025-03-17 18:33:44 UTC,2025-03-17,2025-03-17 18:38:33 UTC,2025-03-17,public,"[""ethanuno"",""exclusive"",""voicenotes""]",,phase-one,"Voice Notes: EthanUno on ""phase 1"""
2026-10-05,soundcloud:tracks:c77e1a586d758d1bc17c42b14db04384,2025-03-17 14:46:01 UTC,2025-03-17,2025-03-19 14:11:56 UTC,2025-03-19,public,"[""exclusive"",""mumford&sons"",""voicenotes""]",,rushmere,"Voice Notes: Mumford & Sons on ""Rushmere"""
2026-10-05,soundcloud:tracks:0cbea0554e22d3a902b810dde444a4e4,2025-03-17 14:46:01 UTC,2025-03-17,2025-03-19 14:12:02 UTC,2025-03-19,public,"[""exclusive"",""mumford&sons"",""voicenotes""]",,malibu,"Voice Notes: Mumford & Sons on ""Malibu"""
2026-10-05,soundcloud:tracks:6e9754ccf802c12f867719cc04f0daa6,2025-03-14 18:22:37 UTC,2025-03-14,2025-03-14 18:22:37 UTC,2025-03-14,public,"[""exclusive"",""st.lucia"",""voicenotes""]",,touch-voice-notes-st-lucia-on,"Voice Notes: St. Lucia on ""Touch"""
2026-10-05,soundcloud:tracks:22b13b2da4e70399d3aa418235c6770a,2025-03-14 18:22:37 UTC,2025-03-14,2025-03-14 18:22:37 UTC,2025-03-14,public,"[""exclusive"",""st.lucia"",""voicenotes""]",,pie-in-the-sky-voice-notes-st,"Voice Notes: St. Lucia on ""Pie In The Sky"""
2026-10-05,soundcloud:tracks:2e937f5820951a30014c1d0b316a0fd7,2025-03-14 18:22:37 UTC,2025-03-14,2025-03-14 18:22:37 UTC,2025-03-14,public,"[""exclusive"",""st.lucia"",""voicenotes""]",,love-you-better-voice-notes-st,"Voice Notes: St. Lucia on ""Love You Better"""
2026-10-05,soundcloud:tracks:ee687b2b3a0eb010ddd08b62b6644d77,2025-03-14 18:22:37 UTC,2025-03-14,2025-03-14 18:22:37 UTC,2025-03-14,public,"[""exclusive"",""st.lucia"",""voicenotes""]",,falling-asleep-voice-notes-st,"Voice Notes: St. Lucia on ""Falling Asleep """
2026-10-05,soundcloud:tracks:9135305d04368506f163aada732787d1,2025-03-14 18:22:37 UTC,2025-03-14,2025-03-14 18:22:37 UTC,2025-03-14,public,"[""exclusive"",""st.lucia"",""voicenotes""]",,back-to-you-voice-notes-st,"Voice Notes: St. Lucia on ""Back To You"""
2026-10-05,soundcloud:tracks:dc392853a4994cdacfcac79bbebc2974,2025-03-14 15:29:01 UTC,2025-03-14,2025-03-14 15:29:01 UTC,2025-03-14,public,"[""eemtriplin"",""exclusive"",""voicenotes""]",,out-miami-voice-notes-eem,"Voice Notes: Eem Triplin on ""Out Miami (Feat Ty Dolla $ign)"""
2026-10-05,soundcloud:tracks:5ede8d3e929c5f7b651f1a83dcc365eb,2025-03-14 15:29:01 UTC,2025-03-14,2025-03-14 15:29:01 UTC,2025-03-14,public,"[""eemtriplin"",""exclusive"",""voicenotes""]",,came-in-it-voice-notes-eem,"Voice Notes: Eem Triplin on ""Came in it """
2026-10-05,soundcloud:tracks:05c010b045246bf882329a390e9fa538,2025-03-14 15:29:01 UTC,2025-03-14,2025-03-14 15:29:01 UTC,2025-03-14,public,"[""eemtriplin"",""exclusive"",""voicenotes""]",,duya-voice-notes-eem-triplin,"Voice Notes: Eem Triplin on ""DUYA"""
2026-10-05,soundcloud:tracks:182dce162e50f65f966dcc18859031ef,2025-03-14 15:29:01 UTC,2025-03-14,2025-03-14 15:29:01 UTC,2025-03-14,public,"[""eemtriplin"",""exclusive"",""voicenotes""]",,tall-tails-voice-notes-eem,"Voice Notes: Eem Triplin on ""Tall Tales"""
2026-10-05,soundcloud:tracks:36197e197fe2afa5e516bd569f575631,2025-03-12 16:42:11 UTC,2025-03-12,2025-03-12 16:42:11 UTC,2025-03-12,public,,,voice-notes-durand-bernarr-on-completed,"Voice Notes: Durand Bernarr on ""Completed"""
2026-10-05,soundcloud:tracks:cfb2f65435de29744323a1b95829bf70,2025-03-12 16:41:08 UTC,2025-03-12,2025-03-12 16:41:08 UTC,2025-03-12,public,,,voice-notes-durand-bernarr-on-generous,"Voice Notes: Durand Bernarr on ""GENEROUS"""
2026-10-05,soundcloud:tracks:9c845c1c3d9a25244a53678c7669b50f,2025-03-12 16:37:58 UTC,2025-03-12,2025-03-12 16:37:58 UTC,2025-03-12,public,"[""durandbernarr"",""exclusive"",""voicenotes""]",,voice-notes-durrand-bernarr-on,"Voice Notes: Durand Bernarr on ""Flounce (feat. GAWD)"""
2026-10-05,soundcloud:tracks:2f9ef756d1d1f622da6d493adf59af6c,2025-03-12 16:34:59 UTC,2025-03-12,2025-03-12 16:34:59 UTC,2025-03-12,public,"[""durandbernarr"",""exclusive"",""voicenotes""]",,voice-notes-durand-bernarr-on,"Voice Notes: Durand Bernarr on ""THAT! (feat. T-Pain)"""
2026-10-05,soundcloud:tracks:8743a9faa966bdf1ed6e57905a762954,2025-03-10 22:09:39 UTC,2025-03-10,2025-03-10 22:09:39 UTC,2025-03-10,public,,,voice-notes-virtual-riot-on-reconnect,"Voice Notes: Virtual Riot on ""Reconnect"""
2026-10-05,soundcloud:tracks:a40acbeb414094e3830480eb7dab7173,2025-03-10 22:09:06 UTC,2025-03-10,2025-03-10 22:09:06 UTC,2025-03-10,public,,,voice-notes-virtual-riot-on-dino-killer,"Voice Notes: Virtual Riot on ""Dino Killer"""
2026-10-05,soundcloud:tracks:0b45a963ee82db2ad4dbe5db499b93dd,2025-03-10 22:08:36 UTC,2025-03-10,2025-03-10 22:08:36 UTC,2025-03-10,public,,,voice-notes-virtual-riot-on-stealing-fire,"Voice Notes: Virtual Riot on ""Stealing Fire"""
2026-10-05,soundcloud:tracks:022c4d7e1eb5bbb32abb59906a94de44,2025-03-10 22:08:09 UTC,2025-03-10,2025-03-10 22:08:09 UTC,2025-03-10,public,,,voice-notes-virtual-riot-on-believe-what-you-want,"Voice Notes: Virtual Riot on ""Believe What You Want"""
2026-10-05,soundcloud:tracks:b82978af952a30c127ccf38c9eee9f24,2025-03-10 21:57:47 UTC,2025-03-10,2025-03-10 21:57:47 UTC,2025-03-10,public,"[""exclusive"",""virtualriot"",""voicenotes""]",,voice-notes-virtual-riot-on,"Voice Notes: Virtual Riot on ""Damage"""
2026-10-05,soundcloud:tracks:e5b4c9b235115f8c6d1cae08aefd03a5,2025-03-07 20:27:35 UTC,2025-03-07,2025-03-07 20:27:35 UTC,2025-03-07,public,"[""ambarlucid"",""exclusive"",""voicenotes""]",,voice-notes-ambar-lucid-on-there-goes-my-baby,"Voice Notes: Ambar Lucid on ""There Goes My Baby"""
2026-10-05,soundcloud:tracks:9fdd9501c318133b2d275377f2b71487,2025-03-07 19:20:21 UTC,2025-03-07,2025-03-07 19:20:21 UTC,2025-03-07,public,,,voice-notes-jim-jones-on-jomo,"Voice Notes: Jim Jones on ""Jomo"""
2026-10-05,soundcloud:tracks:c15578bb8cbb922e66b7e8d96fd82199,2025-03-07 19:20:21 UTC,2025-03-07,2025-03-07 19:20:21 UTC,2025-03-07,public,,,voice-notes-jim-jones-on,"Voice Notes: Jim Jones on ""Genesis"""
2026-10-05,soundcloud:tracks:7a3c36db160f07f0c1ed40a4c77f8c59,2025-03-07 19:20:21 UTC,2025-03-07,2025-03-07 19:20:21 UTC,2025-03-07,public,,,voice-notes-jim-jones-on-that,"Voice Notes: Jim Jones on ""This Sh!T Still in Harlem"""
2026-10-05,soundcloud:tracks:bfdfb9714a1130c41a569e2cb3497624,2025-03-07 19:20:21 UTC,2025-03-07,2025-03-07 19:20:21 UTC,2025-03-07,public,,,voice-notes-jim-jones-on-white,"Voice Notes: Jim Jones on ""White Lines"""
2026-10-05,soundcloud:tracks:5820e18b0b5745d5da59a820c68c4b5e,2025-03-07 16:56:39 UTC,2025-03-07,2025-03-07 16:56:39 UTC,2025-03-07,public,,,voice-notes-adam-melchor-on-what-a-damn-shame,"Voice Notes: Adam Melchor on ""What A Damn Shame"""
2026-10-05,soundcloud:tracks:d75aa3ab99052e8d5d940087d3892b4a,2025-03-07 16:53:01 UTC,2025-03-07,2025-03-07 16:53:01 UTC,2025-03-07,public,,,voice-notes-adam-melchor-on-room-on-your-shoulder,"Voice Notes: Adam Melchor on ""Room On Your Shoulder"""
2026-10-05,soundcloud:tracks:c6f5f28021850485b872ce03d5b9d639,2025-03-07 16:52:22 UTC,2025-03-07,2025-03-07 16:52:22 UTC,2025-03-07,public,,,voice-notes-adam-melchor-on-real-estate,"Voice Notes: Adam Melchor on ""Real Estate"""
2026-10-05,soundcloud:tracks:506aa5b7e96b2d12ba034c3d7d273fe6,2025-03-07 16:51:43 UTC,2025-03-07,2025-03-07 16:51:43 UTC,2025-03-07,public,,,voice-notes-adam-melchor-on-start-forgetting-death,"Voice Notes: Adam Melchor on ""Start Forgetting Death"""
2026-10-05,soundcloud:tracks:cf385feeacdcd0ee0d8b43a5f4e806fb,2025-03-07 16:50:43 UTC,2025-03-07,2025-03-07 16:50:43 UTC,2025-03-07,public,"[""adammelchor"",""exclusive"",""voicenotes""]",,voice-notes-adam-melchor-on,"Voice Notes: Adam Melchor on ""Hold On For Dear Life"""
2026-10-05,soundcloud:tracks:3643cf3b347175e00fcf6a18b16ba1e0,2025-02-28 21:32:12 UTC,2025-02-28,2025-02-28 21:32:12 UTC,2025-02-28,public,,,5245209e-96b6-4f04-912f-0b43c6a059a4,"Voice Notes: The Devil Makes Three on ""Lights On Me"""
2026-10-05,soundcloud:tracks:a48abe002d24b0d66cedbcbab7d5bb6b,2025-02-28 21:31:34 UTC,2025-02-28,2025-02-28 21:31:34 UTC,2025-02-28,public,,,voice-notes-the-devil-makes-three-on-i-love-doing-drugs,"Voice Notes: The Devil Makes Three on ""I Love Doing Drugs"""
2026-10-05,soundcloud:tracks:bff28c6536f100309c64022dc5dd9172,2025-02-28 21:30:13 UTC,2025-02-28,2025-02-28 21:30:13 UTC,2025-02-28,public,,,voice-notes-the-devil-makes-three-on-the-devil-wins,"Voice Notes: The Devil Makes Three on ""The Devil Wins"""
2026-10-05,soundcloud:tracks:e72606f639f58eee663ff358ed94d514,2025-02-28 21:28:49 UTC,2025-02-28,2025-02-28 21:28:49 UTC,2025-02-28,public,,,voice-notes-the-devil-makes-three-on-spirits,"Voice Notes: The Devil Makes Three on ""Spirits"""
2026-10-05,soundcloud:tracks:851621e230fb5fc9f0bdb99b26dc83ee,2025-02-28 21:28:13 UTC,2025-02-28,2025-02-28 21:28:13 UTC,2025-02-28,public,,,voice-notes-the-devil-makes-three-on-divide-and-conquer,"Voice Notes: The Devil Makes Three on ""Divide And Conquer"""
2026-10-05,soundcloud:tracks:b369995aa20381c3be21b80d57a918c7,2025-02-28 21:27:05 UTC,2025-02-28,2025-02-28 21:27:05 UTC,2025-02-28,public,,,voice-notes-the-devil-makes-three-on-ghosts-are-weak,"Voice Notes: The Devil Makes Three on ""Ghosts Are Weak"""
2026-10-05,soundcloud:tracks:13a577ca65a37bb4512d67d84fb2d411,2025-02-28 21:26:34 UTC,2025-02-28,2025-02-28 21:26:34 UTC,2025-02-28,public,,,voice-notes-the-devil-makes-three-on-the-dark-gets-the-best-of-you,"Voice Notes: The Devil Makes Three on ""The Dark Gets The Best Of You"""
2026-10-05,soundcloud:tracks:4ab1e6d0955978edea25ae7b8281e7a0,2025-02-28 21:26:01 UTC,2025-02-28,2025-02-28 21:26:01 UTC,2025-02-28,public,,,voice-notes-the-devil-makes-three-on-fallen-champions,"Voice Notes: The Devil Makes Three on ""Fallen Champions"""
2026-10-05,soundcloud:tracks:fe2e716fd327cf0a129ac559317c9e73,2025-02-28 21:24:18 UTC,2025-02-28,2025-02-28 21:24:18 UTC,2025-02-28,public,,,voice-notes-the-devil-makes-three-on-poison-well,"Voice Notes: The Devil Makes Three on ""Poison Well"""
2026-10-05,soundcloud:tracks:e2321240cb9041fd1bf1ad17e816eafe,2025-02-28 21:23:37 UTC,2025-02-28,2025-02-28 21:23:37 UTC,2025-02-28,public,,,voice-notes-the-devil-makes-three-on-half-as-high,"Voice Notes: The Devil Makes Three on ""Half As High"""
2026-10-05,soundcloud:tracks:370dc477d3de10dddda426c107770a50,2025-02-28 21:22:54 UTC,2025-02-28,2025-02-28 21:22:54 UTC,2025-02-28,public,,,voice-notes-the-devil-makes-three-on-lights-on-me,"Voice Notes: The Devil Makes Three on ""Lights On Me"""
2026-10-05,soundcloud:tracks:c2388050eaab6e53a3d020a87225422f,2025-02-28 21:20:49 UTC,2025-02-28,2025-02-28 21:20:49 UTC,2025-02-28,public,,,voice-notes-the-devil-makes-three-on-hard-times,"Voice Notes: The Devil Makes Three on ""Hard Times"""
2026-10-05,soundcloud:tracks:43a0eaec56a818e61757728eba692dd6,2025-02-28 21:07:50 UTC,2025-02-28,2025-02-28 21:07:50 UTC,2025-02-28,public,,,voice-notes-the-devil-makes-three-on-holding-on,"Voice Notes: The Devil Makes Three on ""Holding On"""
2026-10-05,soundcloud:tracks:60d321fcc931fb4f4802799fd9f9543e,2025-02-28 21:05:48 UTC,2025-02-28,2025-02-28 21:05:48 UTC,2025-02-28,public,"[""exclusive"",""thedevilmakesthree"",""voicenotes""]",,voice-notes-the-devil-makes-1,"Voice Notes: The Devil Makes Three on ""The Gift"""
2026-10-05,soundcloud:tracks:c000a0a8ee5e8b92b19c5fcfd5bf61d1,2025-02-28 21:03:03 UTC,2025-02-28,2025-02-28 21:03:03 UTC,2025-02-28,public,,,voice-notes-the-devil-makes,"Voice Notes: The Devil Makes Three on ""I Love Doing Drugs"""
2026-10-05,soundcloud:tracks:d43552e2b82587fb8f74446d1157083e,2025-02-28 16:18:10 UTC,2025-02-28,2025-02-28 16:18:10 UTC,2025-02-28,public,,,voice-notes-grabbitz-on-and-i-run-and-i-run,"Voice Notes: Grabbitz on ""And I Run And I Run"""
2026-10-05,soundcloud:tracks:f927d75ec505c259a3f713b570755908,2025-02-28 16:17:25 UTC,2025-02-28,2025-02-28 16:17:25 UTC,2025-02-28,public,,,voice-notes-grabbitz-on-sleeping-on-a-fire-pit,"Voice Notes: Grabbitz on ""Sleeping On A Fire Pit"""
2026-10-05,soundcloud:tracks:0ca9a1d32e1bcd2a2281068d044d2bbe,2025-02-28 16:16:29 UTC,2025-02-28,2025-02-28 16:16:29 UTC,2025-02-28,public,,,voice-notes-grabbitz-on-this-is-not-enough-1987,"Voice Notes: Grabbitz on ""This Is Not Enough (1987)"""
2026-10-05,soundcloud:tracks:a45ca9fea9a31ca9e0cc0b3d1bbc8bae,2025-02-21 20:59:22 UTC,2025-02-21,2025-02-21 21:07:41 UTC,2025-02-21,public,"[""cheecru"",""exclusive"",""voicenotes""]",,voice-notes-che-ecru-on-what,"Voice Notes: Che Ecru on ""WHAT IS YOU ON"""
2026-10-05,soundcloud:tracks:883cbf0530d015a8180eab3f851d3b23,2025-02-21 20:59:22 UTC,2025-02-21,2025-02-21 21:04:23 UTC,2025-02-21,public,"[""cheecru"",""exclusive"",""voicenotes""]",,voice-notes-che-ecru-on-idk,"Voice Notes: Che Ecru on ""idk what you want"""
2026-10-05,soundcloud:tracks:077184788a5eb9af67dbe6b675a3d0b4,2025-02-21 20:59:22 UTC,2025-02-21,2025-02-21 21:04:01 UTC,2025-02-21,public,"[""cheecru"",""exclusive"",""voicenotes""]",,voice-notes-che-ecru-on-ufo,"Voice Notes: Che Ecru on ""UFO'S"""
2026-10-05,soundcloud:tracks:3d8f37e2d2f4c26b3189acd01ba0ecb6,2025-02-21 20:59:22 UTC,2025-02-21,2025-02-21 21:05:43 UTC,2025-02-21,public,"[""cheecru"",""exclusive"",""voicenote""]",,voice-notes-che-ecru-on-la-la,"Voice Notes: Che Ecru on ""LA LA LA LA LA"""
2026-10-05,soundcloud:tracks:5200e971f6674eb66b3f08ef6eda0e28,2025-02-21 20:59:22 UTC,2025-02-21,2025-02-21 21:06:03 UTC,2025-02-21,public,"[""cheecru"",""exclusive"",""voicenotes""]",,voice-notes-che-ecru-on,"Voice Notes: Che Ecru on ""SCRATCHES"""
2026-10-05,soundcloud:tracks:062711bdc2e41943e67f6273472bf796,2025-02-21 15:14:11 UTC,2025-02-21,2025-02-21 15:19:43 UTC,2025-02-21,public,"[""exclusive"",""voicenotes"",""yungbleu""]",,voice-notes-yung-bleu-on-rollercoaster,"Voice Notes: Yung Bleu on ""Rollercoaster"""
2026-10-05,soundcloud:tracks:b427a004be776b93f968f514c7c8bb44,2025-02-21 15:12:51 UTC,2025-02-21,2025-02-21 15:19:12 UTC,2025-02-21,public,"[""exclusive"",""voicenotes"",""yungbleu""]",,voice-notes-yung-bleu-on,"Voice Notes: Yung Bleu on ""Friends To Miami"""
2026-10-05,soundcloud:tracks:054a2bfec3460ed9f048c6134e7c3b96,2025-02-21 15:12:51 UTC,2025-02-21,2025-02-21 15:18:54 UTC,2025-02-21,public,"[""exclusive"",""voicenotes"",""yungbleu""]",,voice-notes-yung-bleu-on-when,"Voice Notes: Yung Bleu on ""When You @ Me"""
2026-10-05,soundcloud:tracks:9064c710b937e835e511387fbb2bd60e,2025-02-14 17:08:59 UTC,2025-02-14,2025-02-14 17:11:21 UTC,2025-02-14,public,"[""exclusive"",""grabbitz"",""voicenotes""]",,voice-notes-grabbitz-on-saint,"Voice Notes: Grabbitz on ""Saint Maniac"""
2026-10-05,soundcloud:tracks:44f0c24fab132124aaea51976f9c7b11,2025-02-14 17:08:59 UTC,2025-02-14,2025-02-14 17:10:51 UTC,2025-02-14,public,"[""exclusive"",""grabbitz"",""voicenotes""]",,voice-notes-grabbitz-on-hero,"Voice Notes: Grabbitz on ""Hero Pt. II"""
2026-10-05,soundcloud:tracks:ffc2965fd560f97535f7ac5fa25b63d0,2025-02-14 17:08:59 UTC,2025-02-14,2025-02-14 17:11:48 UTC,2025-02-14,public,"[""exclusive"",""grabbitz"",""voicenotes""]",,voice-notes-grabbitz-on-love,"Voice Notes: Grabbitz on ""Love You 'Till I'm Dead"""
2026-10-05,soundcloud:tracks:42f388d489aa566fdc217adea1f6af55,2025-02-12 21:19:17 UTC,2025-02-12,2025-02-14 16:26:16 UTC,2025-02-14,public,"[""alessiacara"",""exclusive"",""voicenotes""]",,voice-notes-alessia-cara-on-5,"Voice Notes: Alessia Cara on ""Clearly"""
2026-10-05,soundcloud:tracks:055e8f4088078493f50a33bebb76cd11,2025-02-12 21:19:15 UTC,2025-02-12,2025-02-14 16:25:52 UTC,2025-02-14,public,"[""alessiacara"",""exclusive"",""voicenotes""]",,voice-notes-alessia-cara-on-4,"Voice Notes: Alessia Cara on ""Dead Man"""
2026-10-05,soundcloud:tracks:d56135800fae447b2240341cf615a689,2025-02-12 21:19:14 UTC,2025-02-12,2025-02-14 16:26:24 UTC,2025-02-14,public,"[""alessiacara"",""exclusive"",""voicenotes""]",,voice-notes-alessia-cara-on-3,"Voice Notes: Alessia Cara on ""Fire"""
2026-10-05,soundcloud:tracks:24fd6b431fda10d97e21b38ccfc723c4,2025-02-12 21:19:13 UTC,2025-02-12,2025-02-14 16:26:01 UTC,2025-02-14,public,"[""alessiacara"",""exclusive"",""voicenotes""]",,voice-notes-alessia-cara-on-2,"Voice Notes: Alessia Cara on ""Obvious"""
2026-10-05,soundcloud:tracks:fe0659563d0b435f31990f3e6893df8d,2025-02-12 21:19:12 UTC,2025-02-12,2025-02-14 16:26:31 UTC,2025-02-14,public,"[""alessiacara"",""exclusive"",""voicenotes""]",,voice-notes-alessia-cara-on-1,"Voice Notes: Alessia Cara on ""Run Run"""
2026-10-05,soundcloud:tracks:e3fb11dc214651b71abbc51586b4fb81,2025-02-12 21:19:10 UTC,2025-02-12,2025-02-14 16:26:08 UTC,2025-02-14,public,"[""alessiacara"",""exclusive"",""voicenotes""]",,voice-notes-alessia-cara-on,"Voice Notes: Alessia Cara on ""Slow Motion"""
2026-10-05,soundcloud:tracks:b5bc568d6ce751fe84b2c9ce27c55caf,2025-02-10 23:37:45 UTC,2025-02-10,2025-02-10 23:37:45 UTC,2025-02-10,public,"[""exclusive"",""steveaoki"",""voicenotes""]",,voice-notes-steve-aoki-on-my-life-feat-pnb-rock-swae-lee,"Voice Notes: Steve Aoki on ""My Life (feat. PnB Rock & Swae Lee)"""
2026-10-05,soundcloud:tracks:49a7f31e2d9ef5a74bb1d2f48f0ea0b0,2025-02-10 17:01:09 UTC,2025-02-10,2025-02-10 17:09:01 UTC,2025-02-10,public,"[""exclusive"",""michigander"",""voice""]",,voice-notes-michigander-on-important,"Voice Notes: Michigander on ""Important"""
2026-10-05,soundcloud:tracks:41bbd7a26c81e924c8c0e54b6b2b50b1,2025-02-10 17:00:26 UTC,2025-02-10,2025-02-10 17:08:06 UTC,2025-02-10,public,"[""exclusive"",""michigander"",""voicenotes""]",,voice-notes-michigander-on-broadcast,"Voice Notes: Michigander on ""Broadcast"""
2026-10-05,soundcloud:tracks:ece3807c365f335eec4aab246c6d1a5e,2025-02-10 16:59:48 UTC,2025-02-10,2025-02-10 17:08:54 UTC,2025-02-10,public,"[""exclusive"",""michigander"",""voicenotes""]",,voice-notes-michigander-on-episode,"Voice Notes: Michigander on ""Episode"""
2026-10-05,soundcloud:tracks:6f8f26304e6aafde786c0f0252a28661,2025-02-10 16:58:53 UTC,2025-02-10,2025-02-10 17:08:31 UTC,2025-02-10,public,"[""exclusive"",""michigander"",""voicenotes""]",,voice-notes-michigander-on-spitting-image,"Voice Notes: Michigander on ""Spitting Image"""
2026-10-05,soundcloud:tracks:50a06c2deca17155dfe14cf2bcc150e9,2025-02-10 16:58:13 UTC,2025-02-10,2025-02-10 17:08:26 UTC,2025-02-10,public,"[""exclusive"",""michigander"",""voicenotes""]",,voice-notes-michigander-on-hair,"Voice Notes: Michigander on ""Hair"""
2026-10-05,soundcloud:tracks:9986a7d068c05fd1859693c351911774,2025-02-10 16:57:40 UTC,2025-02-10,2025-02-10 17:08:19 UTC,2025-02-10,public,"[""exclusive"",""michigander"",""voicenotes""]",,voice-notes-michigander-on-socialite,"Voice Notes: Michigander on ""Socialite"""
2026-10-05,soundcloud:tracks:f7b1c9f45f62acfed6e88134c08b640d,2025-02-10 16:57:07 UTC,2025-02-10,2025-02-10 17:08:37 UTC,2025-02-10,public,"[""exclusive"",""michigander"",""voicenotes""]",,voice-notes-michigander-on-piece-of-mind,"Voice Notes: Michigander on ""Piece Of Mind"""
2026-10-05,soundcloud:tracks:cb192664895e37c02f34a99d5e77dc3e,2025-02-07 14:52:36 UTC,2025-02-07,2025-02-07 14:52:36 UTC,2025-02-07,public,"[""exclusive"",""rm47"",""voicenotes""]",,voice-notes-rm47-on-fyf-1,"Voice Notes: RM47 on ""FYF"""
2026-10-05,soundcloud:tracks:431e080ef4f08f4c526940d9a43dc1aa,2025-02-03 16:50:38 UTC,2025-02-03,2025-02-03 16:50:38 UTC,2025-02-03,public,"[""exclusive"",""voicenotes""]",,voice-notes-sawyer-hill-on-3,"Voice Notes: Sawyer Hill on ""High On My Lows"""
2026-10-05,soundcloud:tracks:9e51998794daa1c42a413b7b19c3a955,2025-02-03 16:50:36 UTC,2025-02-03,2025-02-03 16:50:36 UTC,2025-02-03,public,"[""exclusive"",""voicenotes""]",,voice-notes-sawyer-hill-on-2,"Voice Notes: Sawyer Hill on ""Look At The Time"""
2026-10-05,soundcloud:tracks:b8486ad4141a280cbc06cde6740888fc,2025-02-03 16:50:35 UTC,2025-02-03,2025-02-03 16:50:35 UTC,2025-02-03,public,"[""exclusive"",""voicenotes""]",,voice-notes-sawyer-hill-on-1,"Voice Notes: Sawyer Hill on ""Never Once"""
2026-10-05,soundcloud:tracks:75c8a3912c9963c79db2755977a9d2e6,2025-02-03 16:50:33 UTC,2025-02-03,2025-02-03 16:50:33 UTC,2025-02-03,public,"[""exclusive"",""voicenotes""]",,voice-notes-sawyer-hill-on,"Voice Notes: Sawyer Hill on ""Symphony"""
2026-10-05,soundcloud:tracks:2381b4969aed552d915ec75f59a1a892,2025-01-31 15:55:34 UTC,2025-01-31,2025-01-31 17:02:05 UTC,2025-01-31,public,,,voice-notes-whipped-cream-on-3,"Voice Notes: WHIPPED CREAM on ""You Dream Of Me, Right?"""
2026-10-05,soundcloud:tracks:a4db3654a0749c2a676f7d4a744c902a,2025-01-31 15:55:32 UTC,2025-01-31,2025-01-31 17:02:14 UTC,2025-01-31,public,,,voice-notes-whipped-cream-on-2,"Voice Notes: WHIPPED CREAM on ""Red Line"""
2026-10-05,soundcloud:tracks:2f44881f7399509918e9d29a189b2909,2025-01-31 15:55:31 UTC,2025-01-31,2025-01-31 17:02:22 UTC,2025-01-31,public,,,voice-notes-whipped-cream-on-1,"Voice Notes: WHIPPED CREAM on ""Intro Call"""
2026-10-05,soundcloud:tracks:dc5f22695a10ee5fceee829c527cce05,2025-01-31 15:55:30 UTC,2025-01-31,2025-01-31 17:01:37 UTC,2025-01-31,public,,,voice-notes-whipped-cream-on,"Voice Notes: WHIPPED CREAM on ""Love The Night Away"""
2026-10-05,soundcloud:tracks:623d740607b72850ece79d8a6ace342d,2025-01-31 15:55:29 UTC,2025-01-31,2025-01-31 17:02:32 UTC,2025-01-31,public,,,voice-notes-whipped-cream-on-rewind-but-i-love-you,"Voice Notes: WHIPPED CREAM on "" Rewind But I Love You"""
2026-10-05,soundcloud:tracks:a1289f382aaac1b26b3346bb8c3e2eff,2025-01-31 15:55:29 UTC,2025-01-31,2025-01-31 17:01:56 UTC,2025-01-31,public,,,voice-notes-whipped-cream-on-god-is-a-gentleman,"Voice Notes: WHIPPED CREAM on ""GOD IS A GENTLEMAN"""
2026-10-05,soundcloud:tracks:61085e9bd53f9eab688c1a6bb5599837,2025-01-31 15:55:29 UTC,2025-01-31,2025-01-31 17:01:47 UTC,2025-01-31,public,,,voice-notes-whipped-cream-on-techno-is-my-only-love,"Voice Notes: WHIPPED CREAM on ""Techno Is My Only Love"""
2026-10-05,soundcloud:tracks:ea31983bcd67446b3b0aa3e472a8403c,2025-01-14 14:21:33 UTC,2025-01-14,2025-01-14 14:21:33 UTC,2025-01-14,public,"[""exclusive"",""nolantaylor"",""voicenotes""]",,voice-notes-nolan-taylor-on-4,"Voice Notes: Nolan Taylor on ""Don't Have The Words"""
2026-10-05,soundcloud:tracks:a70876dec8606784d804b93197e4c8f7,2025-01-14 14:21:31 UTC,2025-01-14,2025-01-14 14:21:31 UTC,2025-01-14,public,"[""exclusive"",""nolantaylor"",""voicenotes""]",,voice-notes-nolan-taylor-on-3,"Voice Notes: Nolan Taylor on ""Love Until We Die"""
2026-10-05,soundcloud:tracks:63f9832e87590c3896709830334ef581,2025-01-14 14:21:29 UTC,2025-01-14,2025-01-14 14:21:29 UTC,2025-01-14,public,"[""exclusive"",""nolantaylor"",""voicenotes""]",,voice-notes-nolan-taylor-on-2,"Voice Notes: Nolan Taylor on ""Miss Me Too"""
2026-10-05,soundcloud:tracks:cf0aed398d65bc392bf19a5c9312336f,2025-01-14 14:21:28 UTC,2025-01-14,2025-01-14 14:21:28 UTC,2025-01-14,public,"[""exclusive"",""nolantaylor"",""voicenotes""]",,voice-notes-nolan-taylor-on-1,"Voice Notes: Nolan Taylor on ""Double Life"""
2026-10-05,soundcloud:tracks:6e9b4ef89c1c46e9d8c950f04c1e8ff3,2025-01-14 14:21:26 UTC,2025-01-14,2025-01-14 14:21:26 UTC,2025-01-14,public,"[""exclusive"",""nolantaylor"",""voicenotes""]",,voice-notes-nolan-taylor-on-68,"Voice Notes: Nolan Taylor on ""68"""
2026-10-05,soundcloud:tracks:0ec07393f9b0be5113521518c5288e35,2025-01-14 14:21:25 UTC,2025-01-14,2025-01-14 14:21:25 UTC,2025-01-14,public,"[""exclusive"",""nolantaylor"",""voicenotes""]",,voice-notes-nolan-taylor-on,"Voice Notes: Nolan Taylor on ""Darkness"""
2026-10-05,soundcloud:tracks:e012fb2c6157a9bc9fb4571f8ba691c3,2025-01-02 17:52:45 UTC,2025-01-02,2025-01-02 17:55:39 UTC,2025-01-02,public,"[""exclusive"",""samfeldt"",""voicenote""]",,voice-notes-sam-feldt-on-1,"Voice Notes: Sam Feldt on ""Future Tropical (Volume 3)"""
2026-10-05,soundcloud:tracks:dea7a5430b6a5f22271434d2cb5f3bd8,2024-12-20 18:28:19 UTC,2024-12-20,2024-12-20 18:33:17 UTC,2024-12-20,public,"[""exclusive"",""holly"",""voicenotes""]",,voice-notes-holly-on-in-love,"Voice Notes: HOLLY on ""In Love We Know Ourselves"""
2026-10-05,soundcloud:tracks:be3646633be82866d3e469a598fad0a6,2024-12-20 18:28:18 UTC,2024-12-20,2024-12-20 18:33:24 UTC,2024-12-20,public,"[""exclusive"",""holly"",""voicenotes""]",,voice-notes-holly-on-lost-in,"Voice Notes: HOLLY on ""Lost In This Cold LA"""
2026-10-05,soundcloud:tracks:071a54bd4ab6df407818ebb418eacc46,2024-12-20 18:28:17 UTC,2024-12-20,2024-12-20 18:33:32 UTC,2024-12-20,public,"[""exclusive"",""holly"",""voicenotes""]",,voice-notes-holly-on-memories,"Voice Notes: HOLLY on ""Memories From A Past Future"""
2026-10-05,soundcloud:tracks:35a828bd7c532eb55796499db8a7ab50,2024-12-20 18:28:15 UTC,2024-12-20,2024-12-20 18:33:39 UTC,2024-12-20,public,"[""exclusive"",""holly"",""voicenotes""]",,voice-notes-holly-on-my-angel,"Voice Notes: HOLLY on ""My Angel Wings"""
2026-10-05,soundcloud:tracks:aa6af01622484d0a642ae83ff4e05db7,2024-12-20 18:28:14 UTC,2024-12-20,2024-12-20 18:33:48 UTC,2024-12-20,public,"[""exclusive"",""holly"",""voicenotes""]",,voice-notes-holly-on-ny-broken,"Voice Notes: HOLLY on ""New York Broken Heart"""
2026-10-05,soundcloud:tracks:7d83743d6284bd107994e4ade59f357b,2024-12-20 18:28:12 UTC,2024-12-20,2024-12-20 18:33:10 UTC,2024-12-20,public,"[""exclusive"",""holly"",""voicenotes""]",,voice-notes-holly-on-true-to,"Voice Notes: HOLLY on ""True 2 Me"""
2026-10-05,soundcloud:tracks:f50ca03522ee9bafcd35e53d0fd615db,2024-12-20 18:28:10 UTC,2024-12-20,2024-12-20 18:33:58 UTC,2024-12-20,public,"[""exclusive"",""holly"",""voicenotes""]",,voice-notes-holly-on-wise,"Voice Notes: HOLLY on ""Wise Heart"""
2026-10-05,soundcloud:tracks:d70899be91898663fad1eaac38d7bdf0,2024-12-20 17:45:52 UTC,2024-12-20,2024-12-20 17:45:52 UTC,2024-12-20,public,"[""exclusive"",""samfeldt"",""voicenotes""]",,voice-notes-sam-feldt-on-future-tropical-volume-2,"Voice Notes: Sam Feldt on ""Future Tropical (Volume 2)"""
2026-10-05,soundcloud:tracks:97dde2599edd693eb5d4bcd5d9bcc5c4,2024-12-18 20:16:39 UTC,2024-12-18,2024-12-18 20:21:30 UTC,2024-12-18,public,"[""exclusive"",""samfeldt"",""voicenotes""]",,voice-notes-sam-feldt-on,"Voice Notes: Sam Feldt on ""Future Tropical (Volume 1)"""
2026-10-05,soundcloud:tracks:ee368a12ea740ce6c345d58241382ac7,2024-12-13 13:58:51 UTC,2024-12-13,2024-12-13 15:57:18 UTC,2024-12-13,public,"[""exclusive"",""stellarose"",""voicenotes""]",,voice-notes-stella-rose-on-1,"Voice Notes: Stella Rose on ""Beautiful Twentysomethings"""
2026-10-05,soundcloud:tracks:f7e23f4c0bd5e653108c3a28602a8ea5,2024-12-13 13:58:49 UTC,2024-12-13,2024-12-13 15:57:25 UTC,2024-12-13,public,"[""exclusive"",""stellarose"",""voicenotes""]",,voice-notes-stella-rose-on,"Voice Notes:  Stella Rose on ""Drugstore Romeo"""
2026-10-05,soundcloud:tracks:07e11e1926a6d04f6928997771855b8d,2024-12-09 17:43:01 UTC,2024-12-09,2024-12-09 17:47:01 UTC,2024-12-09,public,"[""danielallan"",""exclusive"",""voicenote""]",Dance & EDM,voice-notes-daniel-allan-on-4,"Voice Notes: Daniel Allan on ""OUTTAHISMIND"""
2026-10-05,soundcloud:tracks:89e10693ef378bcb2803b22c933cc89f,2024-12-09 17:43:00 UTC,2024-12-09,2024-12-09 17:47:08 UTC,2024-12-09,public,"[""danielallan"",""exclusive"",""voicenote""]",Dance & EDM,voice-notes-daniel-allan-on-3,"Voice Notes: Daniel Allan on ""Sunny LA"""
2026-10-05,soundcloud:tracks:6d246023f64b0223f2aa8492f70fdbb0,2024-12-09 17:42:58 UTC,2024-12-09,2024-12-09 17:47:15 UTC,2024-12-09,public,"[""danielallan"",""exclusive"",""voicenote""]",Dance & EDM,voice-notes-daniel-allan-on-2,"Voice Notes: Daniel Allan on ""Can It Be Easy"""
2026-10-05,soundcloud:tracks:d55ea14be0a80bed7aba373763dc17f0,2024-12-09 17:42:57 UTC,2024-12-09,2024-12-09 17:47:22 UTC,2024-12-09,public,"[""danielallan"",""exclusive"",""voicenote""]",Dance & EDM,voice-notes-daniel-allan-on-1,"Voice Notes: Daniel Allan on ""Crying Out Loud"""
2026-10-05,soundcloud:tracks:9cad2a11d602cc221c71b477190f5e6f,2024-12-09 17:42:56 UTC,2024-12-09,2024-12-09 17:47:30 UTC,2024-12-09,public,"[""danielallan"",""exclusive"",""voicenote""]",Dance & EDM,voice-notes-daniel-allan-on,"Voice Notes: Daniel Allan on ""Wish Upon A Star"""
2026-10-05,soundcloud:tracks:831fcb970a952b13017bd8c4923b0a5f,2024-12-06 17:15:53 UTC,2024-12-06,2024-12-06 17:18:43 UTC,2024-12-06,public,"[""exclusive"",""voicenotes""]",,voice-notes-dot-cromwell-on-5,"Voice Notes: Dot Cromwell on ""4 My PPL"""
2026-10-05,soundcloud:tracks:264a2b177e53e8c31f6a5b64d0057fbb,2024-12-06 17:15:51 UTC,2024-12-06,2024-12-06 17:18:54 UTC,2024-12-06,public,"[""exclusive"",""voicenotes""]",,voice-notes-dot-cromwell-on-4,"Voice Notes: Dot Cromwell on ""Aura"""
2026-10-05,soundcloud:tracks:eb4c5c81964b0b1f26525f75bfbd930b,2024-12-06 17:15:50 UTC,2024-12-06,2024-12-06 17:19:02 UTC,2024-12-06,public,"[""exclusive"",""voicenotes""]",,voice-notes-dot-cromwell-on-3,"Voice Notes: Dot Cromwell on ""Goodbye Erykah"""
2026-10-05,soundcloud:tracks:8e2dfb8166fa870748be17a81e9e7e07,2024-12-06 17:15:48 UTC,2024-12-06,2024-12-06 17:19:15 UTC,2024-12-06,public,"[""exclusive"",""voicenotes""]",,voice-notes-dot-cromwell-on-2,"Voice Notes: Dot Cromwell on ""Sunshine BLVD"""
2026-10-05,soundcloud:tracks:b21a66a8164513d505ae48e098327797,2024-12-06 17:15:46 UTC,2024-12-06,2024-12-06 17:19:24 UTC,2024-12-06,public,"[""exclusive"",""voicenotes""]",,voice-notes-dot-cromwell-on-1,"Voice Notes: Dot Cromwell on ""Switch Seats"""
2026-10-05,soundcloud:tracks:a6e221309e2f57df4df1f1cad3f6ad5e,2024-12-06 17:15:45 UTC,2024-12-06,2024-12-06 17:19:31 UTC,2024-12-06,public,"[""exclusive"",""voicenotes""]",,voice-notes-dot-cromwell-on,"Voice Notes: Dot Cromwell on ""Ziplock"""
2026-10-05,soundcloud:tracks:2e2af110eb5d865ec7e59c2251fac93f,2024-12-02 18:22:38 UTC,2024-12-02,2024-12-02 18:28:58 UTC,2024-12-02,public,"[""auds."",""exclusive"",""voicenotes""]",,voice-notes-auds-on-drunk,"Voice Notes: Auds. on ""Drunk Dialing"""
2026-10-05,soundcloud:tracks:78344d8473dba0914f08914139a0a203,2024-12-02 18:22:37 UTC,2024-12-02,2024-12-02 18:28:47 UTC,2024-12-02,public,"[""auds."",""exclusive"",""voicenotes""]",,voice-notes-auds-on-junk,"Voice Notes: Auds. on ""Junk Drawer"""
2026-10-05,soundcloud:tracks:1f56295402cd55d47c95226b6f9170d7,2024-12-02 18:22:27 UTC,2024-12-02,2024-12-02 18:29:07 UTC,2024-12-02,public,"[""auds."",""exclusive"",""voicenotes""]",,voice-notes-auds-on-strangers,"Voice Notes: Auds. on ""Strangers"""
2026-10-05,soundcloud:tracks:aa9652eb7f8579dcc98abe3ea6d5ad5d,2024-11-25 18:11:54 UTC,2024-11-25,2024-11-25 18:11:54 UTC,2024-11-25,public,"[""exclusive"",""theheavyheavy"",""voicenotes""]",,voice-notes-the-heavy-heavy-on,"Voice Notes: The Heavy Heavy on ""One Of A Kind"""
2026-10-05,soundcloud:tracks:b169b656c02887b120b3c45a2682d1e9,2024-11-25 18:11:53 UTC,2024-11-25,2024-11-25 18:11:53 UTC,2024-11-25,public,"[""exclusive"",""theheavyheavy"",""voicenotes""]",,voice-notes-heavy-heavy-on-2,"Voice Notes: The Heavy Heavy on ""Feel"""
2026-10-05,soundcloud:tracks:9bc2b01e14e9066068ea3ff455abde3c,2024-11-25 18:11:51 UTC,2024-11-25,2024-11-25 18:11:51 UTC,2024-11-25,public,"[""exclusive"",""theheavyheavy"",""voicenotes""]",,voice-notes-heavy-heavy-on-1,"Voice Notes: The Heavy Heavy on ""Happiness"""
2026-10-05,soundcloud:tracks:2684b9f43d8fcdd383c158b809dbef3e,2024-11-25 18:11:50 UTC,2024-11-25,2024-11-25 18:11:50 UTC,2024-11-25,public,"[""exclusive"",""theheavyheavy"",""voicenotes""]",,voice-notes-heavy-heavy-on,"Voice Notes: The Heavy Heavy on ""Wild Emotion"""
2026-10-05,soundcloud:tracks:7aaddb8dd7c828f6c70962b658265b3f,2024-11-22 16:34:31 UTC,2024-11-22,2024-11-22 16:38:31 UTC,2024-11-22,public,"[""exclusive"",""halfalive"",""voicenotes""]",,voice-notes-half-alive-on-3,"Voice Notes: half·alive on ""Automatic"""
2026-10-05,soundcloud:tracks:343de46ee6d3762723bd6ec35e89581b,2024-11-22 16:34:30 UTC,2024-11-22,2024-11-22 16:41:46 UTC,2024-11-22,public,"[""exclusive"",""halfalive"",""voicenotes""]",,voice-notes-half-alive-on-2,"Voice Notes: half·alive on ""People"""
2026-10-05,soundcloud:tracks:848575b8f70d00d8c57fba9924e8bc70,2024-11-22 16:34:28 UTC,2024-11-22,2024-11-22 16:41:36 UTC,2024-11-22,public,"[""exclusive"",""halfalive"",""voicenotes""]",,voice-notes-half-alive-on-1,"Voice Notes: half·alive on ""Persona"""
2026-10-05,soundcloud:tracks:5ec3cdce6c7f22040c81418538f0fa98,2024-11-22 16:34:26 UTC,2024-11-22,2024-11-22 16:40:32 UTC,2024-11-22,public,"[""exclusive"",""halfalive"",""voicenotes""]",,voice-notes-half-alive-on,"Voice Notes: half·alive on ""Sophies House"""
2026-10-05,soundcloud:tracks:24323fcbe6186ef7405d0acc931cfcc7,2024-11-22 14:52:14 UTC,2024-11-22,2024-11-22 14:59:09 UTC,2024-11-22,public,"[""exclusive"",""lunarvacation"",""voicenotes""]",,voice-notes-lunar-vacation-3,"Voice Notes: Lunar Vacation on ""Erase All The B's"""
2026-10-05,soundcloud:tracks:879a15a7499faf2102fc8aaa70b1bfe8,2024-11-22 14:52:13 UTC,2024-11-22,2024-11-22 14:58:18 UTC,2024-11-22,public,"[""exclusive"",""lunarvacation"",""voicenotes""]",,voice-notes-lunar-vacation-2,"Voice Notes: Lunar Vacation on ""Fantasy"""
2026-10-05,soundcloud:tracks:77890b02446cdf3f0c13d8844fe884a6,2024-11-22 14:52:11 UTC,2024-11-22,2024-11-22 14:58:59 UTC,2024-11-22,public,"[""exclusive"",""lunarvacation"",""voicenotes""]",,voice-notes-lunar-vacation-1,"Voice Notes: Lunar Vacation on ""Set The Stage"""
2026-10-05,soundcloud:tracks:a2735b1d4161654a3d81f03a1cff2d14,2024-11-22 14:52:10 UTC,2024-11-22,2024-11-22 14:58:47 UTC,2024-11-22,public,"[""exclusive"",""lunarvacation"",""voicenotes""]",,voice-notes-lunar-vacation-on,"Voice Notes: Lunar Vacation on ""Sick"""
2026-10-05,soundcloud:tracks:5459c947d833cdd6442806426a7463cd,2024-11-20 19:48:56 UTC,2024-11-20,2024-11-20 20:03:26 UTC,2024-11-20,public,"[""exclusive"",""jaeskeese"",""voicenote""]",,voice-notes-jae-skeese-on-wic,"Voice Notes: Jae Skeese on ""Wic Coupons"""
2026-10-05,soundcloud:tracks:a87447ecd99afbffdbf89630d565c86f,2024-11-20 19:48:55 UTC,2024-11-20,2024-11-20 20:03:11 UTC,2024-11-20,public,"[""exclusive"",""jaeskeese"",""voicenote""]",,voice-notes-jae-skeese-fruits,"Voice Notes: Jae Skeese ""Fruits Of The Labor"""
2026-10-05,soundcloud:tracks:aed94c80344c969a98e3677522ccc4f9,2024-11-20 19:48:53 UTC,2024-11-20,2024-11-20 20:02:58 UTC,2024-11-20,public,"[""exclusive"",""jaeskeese"",""voicenote""]",,voice-notes-jae-skeese-on-ekin,"Voice Notes: Jae Skeese on ""EKIN 4"""
2026-10-05,soundcloud:tracks:08413ff744fdc48367f0b2ff281ba76f,2024-11-20 19:48:52 UTC,2024-11-20,2024-11-20 20:02:48 UTC,2024-11-20,public,"[""exclusive"",""jaeskeese"",""voicenote""]",,voice-notes-jae-skeese-on-1,"Voice Notes:Jae Skeese on ""Brick After Brick"""
2026-10-05,soundcloud:tracks:56b3e11dc7eafb00e36efb873df5eeab,2024-11-20 19:48:51 UTC,2024-11-20,2024-11-20 20:03:36 UTC,2024-11-20,public,"[""exclusive"",""jaeskeese"",""voicenote""]",,voice-notes-jae-skeese-on,"Voice Notes: Jae Skeese on ""Situated"""
2026-10-05,soundcloud:tracks:eec1919908c78335c9ce24f403212ebe,2024-11-19 18:12:57 UTC,2024-11-19,2024-11-19 18:16:57 UTC,2024-11-19,public,"[""exclusive"",""petefrancis"",""voicenotes""]",,voice-notes-pete-francis-on-3,"Voice Notes: Pete Francis on ""Baby I Was Wrong"""
2026-10-05,soundcloud:tracks:9498b82cfcb4137e678a486fc6f542ce,2024-11-19 18:12:56 UTC,2024-11-19,2024-11-19 18:17:05 UTC,2024-11-19,public,"[""exclusive"",""petefrancis"",""voicenotes""]",,voice-notes-pete-francis-on-2,"Voice Notes: Pete Francis on ""Just Believe"""
2026-10-05,soundcloud:tracks:7e41616a449d45452bc17ea0dcf65aa3,2024-11-19 18:12:54 UTC,2024-11-19,2024-11-19 18:17:12 UTC,2024-11-19,public,"[""exclusive"",""petefrancis"",""voicenotes""]",,voice-notes-pete-francis-on-1,"Voice Notes: Pete Francis on ""How Heavy"""
2026-10-05,soundcloud:tracks:aa849ef39f9fd1739ede99188ca93d46,2024-11-19 18:12:52 UTC,2024-11-19,2024-11-19 18:17:19 UTC,2024-11-19,public,"[""exclusive"",""petefrancis"",""voicenotes""]",,voice-notes-pete-francis-on,"Voice Notes: Pete Francis on ""Lost In My Head"""
2026-10-05,soundcloud:tracks:1637fabec1d0601d9775d759a2d719df,2024-11-15 15:25:01 UTC,2024-11-15,2024-11-15 16:33:13 UTC,2024-11-15,public,"[""exclusive"",""kashdoll"",""voicenotes""]",,voice-notes-kash-doll-on-baby,"Voice Notes: Kash Doll on ""Baby Boy"""
2026-10-05,soundcloud:tracks:28ba929f401db3f7df54f8aa38b8cc43,2024-11-15 15:24:59 UTC,2024-11-15,2024-11-15 16:33:38 UTC,2024-11-15,public,"[""exclusive"",""kashdoll"",""voicenotes""]",,voice-notes-kash-doll-on,"Voice Notes: Kash Doll on ""Klarity"""
2026-10-05,soundcloud:tracks:070559b6fe7a5cc064eb8e1c70180edd,2024-11-15 15:24:58 UTC,2024-11-15,2024-11-15 16:32:58 UTC,2024-11-15,public,"[""exclusive"",""kashdoll"",""voicenotes""]",,voice-notes-kash-doll-on-comfy,"Voice Notes: Kash Doll on ""Comfy"""
2026-10-05,soundcloud:tracks:e4b63788cd1f9e792266686491c69f07,2024-11-15 15:24:57 UTC,2024-11-15,2024-11-15 16:33:52 UTC,2024-11-15,public,"[""exclusive"",""kashdoll"",""voicenotes""]",,voice-notes-kash-doll-on-jump,"Voice Notes: Kash Doll on ""Jump"""
2026-10-05,soundcloud:tracks:63b1f3e447e85449c0a81f1d4e3845e9,2024-11-15 15:24:55 UTC,2024-11-15,2024-11-15 16:33:27 UTC,2024-11-15,public,"[""exclusive"",""kashdoll"",""voicenotes""]",,voice-notes-kash-doll-on-kash,"Voice Notes: Kash Doll on ""Kash Kommandments"""
2026-10-05,soundcloud:tracks:baa91adb2a423f6394e70e8f778fe502,2024-11-12 16:22:51 UTC,2024-11-12,2024-11-12 16:38:14 UTC,2024-11-12,public,"[""exclusive"",""sachi"",""voicenotes""]",,voice-notes-sachi-on-hand-of-1,"Voice Notes: SACHI on ""Hand Of God"""
2026-10-05,soundcloud:tracks:ce39814be5329d07d975d79fb53d7908,2024-11-12 16:22:50 UTC,2024-11-12,2024-11-12 16:38:23 UTC,2024-11-12,public,"[""exclusive"",""sachi"",""voicenotes""]",,voice-notes-sachi-on-405-1,"Voice Notes: SACHI on ""405"""
2026-10-05,soundcloud:tracks:8f25bc34e8814603923f7c0013d82d78,2024-11-12 16:22:49 UTC,2024-11-12,2024-11-12 16:38:32 UTC,2024-11-12,public,"[""exclusive"",""sachi"",""voicenotes""]",,voice-notes-sachi-on-light-1,"Voice Notes: SACHI on ""Light"""
2026-10-05,soundcloud:tracks:47ff9bb81729f98e7872133fd2767437,2024-11-12 16:22:48 UTC,2024-11-12,2024-11-12 16:38:41 UTC,2024-11-12,public,"[""exclusive"",""sachi"",""voicenotes""]",,voice-notes-sachi-on-1,"Voice Notes: SACHI on ""Wildfire"""
2026-10-05,soundcloud:tracks:65435071989f44a44bb3d2bc1744cb2d,2024-11-08 20:59:28 UTC,2024-11-08,2024-11-08 21:08:32 UTC,2024-11-08,public,"[""exclusive"",""voicenotes"",""vérité""]",,voice-notes-ve-rite-on,"Voice Notes: VÉRITÉ on ""Heartbeat"""
2026-10-05,soundcloud:tracks:b35b8a62bffd25b71f088f73aadf000d,2024-11-08 20:59:27 UTC,2024-11-08,2024-11-08 21:07:29 UTC,2024-11-08,public,"[""exclusive"",""voicenotes"",""vérité""]",,voice-notes-ve-rite-on-younger,"Voice Notes: VÉRITÉ on ""younger women"""
2026-10-05,soundcloud:tracks:9f9ee321d1ec82f39fad752f5397b5a0,2024-11-08 20:59:26 UTC,2024-11-08,2024-11-08 21:06:32 UTC,2024-11-08,public,"[""exclusive"",""voicenotes"",""vérité""]",,voice-notes-ve-rite-on-itiww,"Voice Notes: VÉRITÉ on ""i thought i was waiting"""
2026-10-05,soundcloud:tracks:fc1d0720bc0a85dfc4424813ab43905c,2024-11-08 20:59:24 UTC,2024-11-08,2024-11-08 21:06:06 UTC,2024-11-08,public,"[""exclusive"",""voicenotes"",""vérité""]",,voice-notes-ve-rite-on-strange,"Voice Notes: VÉRITÉ on ""Strange Enough"""
2026-10-05,soundcloud:tracks:c54e59513550e9fb352e39d2b24aa769,2024-11-08 20:59:23 UTC,2024-11-08,2024-11-08 21:05:49 UTC,2024-11-08,public,"[""exclusive"",""voicenotes"",""vérité""]",,voice-notes-ve-rite-on-1,"Voice Notes: VÉRITÉ on ""Weekend"""
2026-10-05,soundcloud:tracks:ad0f4061ada2dce45fd50a677316a350,2024-11-08 20:59:21 UTC,2024-11-08,2024-11-08 21:05:20 UTC,2024-11-08,public,"[""exclusive"",""voicenotes"",""vérité""]",,voice-notes-ve-rite-on-weekend,"Voice Notes: VÉRITÉ on ""weekend (reimagined)"""
2026-10-05,soundcloud:tracks:246ca00de73d115ee99a94a6971d4a83,2024-11-08 20:08:24 UTC,2024-11-08,2024-11-08 20:11:43 UTC,2024-11-08,public,"[""exclusive"",""olivercronin"",""voicenotes""]",,voice-notes-oliver-cronin-on-6,"Voice Notes: Oliver Cronin on ""Balance"""
2026-10-05,soundcloud:tracks:8818e9bf73d50f271e07519a08369efe,2024-11-08 20:08:22 UTC,2024-11-08,2024-11-08 20:11:54 UTC,2024-11-08,public,"[""exclusive"",""olivercronin"",""voicenotes""]",,voice-notes-oliver-cronin-on-5,"Voice Notes: Oliver Cronin on ""Burning House"""
2026-10-05,soundcloud:tracks:91ac1996b3d4b6b6a1c8136a0ea7116c,2024-11-08 20:08:20 UTC,2024-11-08,2024-11-08 20:12:07 UTC,2024-11-08,public,"[""exclusive"",""olivercronin"",""voicenotes""]",,voice-notes-oliver-cronin-on-4,"Voice Notes: Oliver Cronin on ""Girl Next Door"""
2026-10-05,soundcloud:tracks:8da41729caac67082784cb95f91a7737,2024-11-08 20:08:18 UTC,2024-11-08,2024-11-08 20:13:19 UTC,2024-11-08,public,"[""exclusive"",""olivercronin"",""voicenotes""]",,voice-notes-oliver-cronin-on-3,"Voice Notes: Oliver Cronin on ""Heartless"""
2026-10-05,soundcloud:tracks:5e41aefc6c35cabe83b2531e81180ea6,2024-11-08 20:08:17 UTC,2024-11-08,2024-11-08 20:13:41 UTC,2024-11-08,public,"[""exclusive"",""olivercronin"",""voicenotes""]",,voice-notes-oliver-cronin-on-2,"Voice Notes: Oliver Cronin on 'Hello Goodbye"""
2026-10-05,soundcloud:tracks:9c24f2c3ed9ed8313df6696d7df8e0ff,2024-11-08 20:08:16 UTC,2024-11-08,2024-11-08 20:13:51 UTC,2024-11-08,public,"[""exclusive"",""olivercronin"",""voicenotes""]",,voice-notes-oliver-cronin-on-1,"Voice Notes: Oliver Cronin on ""In The End"""
2026-10-05,soundcloud:tracks:0e678004321877f94da606e69315cb3b,2024-11-08 20:08:15 UTC,2024-11-08,2024-11-08 20:13:29 UTC,2024-11-08,public,"[""exclusive"",""olivercronin"",""voicenotes""]",,voice-notes-oliver-cronin-on,"Voice Notes: Oliver Cronin on ""More Than A Kiss"""
2026-10-05,soundcloud:tracks:44f90db66241f17166535a94f95badaa,2024-11-08 14:44:20 UTC,2024-11-08,2024-11-08 14:48:30 UTC,2024-11-08,public,"[""breezkennedy"",""exclusive"",""voicenotes""]",,voice-notes-breez-kennedy-on-3,"Voice Notes: Breez Kennedy on ""Love Language"""
2026-10-05,soundcloud:tracks:95de888df5efb45e9c2841b184543e7a,2024-11-08 14:44:19 UTC,2024-11-08,2024-11-08 14:48:17 UTC,2024-11-08,public,"[""breezkennedy"",""exclusive"",""voicenotes""]",,voice-notes-breez-kennedy-on-2,"Voice Notes: Breez Kennedy on ""Who's Been On Your Mind"""
2026-10-05,soundcloud:tracks:056f3d7e844e4b96856bb3f9d7e4b8b3,2024-11-08 14:44:17 UTC,2024-11-08,2024-11-08 14:48:03 UTC,2024-11-08,public,"[""breezkennedy"",""exclusive"",""voicenotes""]",,voice-notes-breez-kennedy-on-1,"Voice Notes: Breez Kennedy on ""No Luv"""
2026-10-05,soundcloud:tracks:2e8777c37961506eb2ca2632867cda08,2024-11-08 14:44:16 UTC,2024-11-08,2024-11-08 14:47:42 UTC,2024-11-08,public,"[""breezkennedy"",""exclusive"",""voicenotes""]",,voice-notes-breez-kennedy-on,"Voice Notes: Breez Kennedy on ""Need U Tonite"""
2026-10-05,soundcloud:tracks:207d85e47557a5bb74cc323996182d41,2024-11-08 14:44:12 UTC,2024-11-08,2024-11-08 14:47:09 UTC,2024-11-08,public,"[""breezkennedy"",""exclusive"",""voicenotes""]",,voice-notes-breez-kenedy-on-4u,"Voice Notes: Breez Kenedy on ""4U"""
2026-10-05,soundcloud:tracks:d3e01cbaff9f24e49b4725ce53171da8,2024-11-08 14:43:02 UTC,2024-11-08,2024-11-08 14:47:26 UTC,2024-11-08,public,"[""breezkennedy"",""exclusive"",""voicenotes""]",,voice-notes-breez-kenedy-on-5,"Voice Notes: Breez Kenedy on ""Wishing It Was Easy"""
2026-10-05,soundcloud:tracks:cfd02e65a21a17451984430203cbdeb7,2024-11-04 18:17:15 UTC,2024-11-04,2024-11-04 18:17:15 UTC,2024-11-04,public,"[""exclusive"",""voicenotes""]",,voice-notes-senses-fail-on-3,"Voice Notes: Senses Fail on ""Shoulder To The Wheel"""
2026-10-05,soundcloud:tracks:b84c270f68aefe9f401b278a30457b6f,2024-11-04 18:17:14 UTC,2024-11-04,2024-11-04 18:17:14 UTC,2024-11-04,public,"[""exclusive"",""voicenotes""]",,voice-notes-senses-fail-on-2,"Voice Notes: Senses Fail on ""Bite To Break Skin"""
2026-10-05,soundcloud:tracks:805d4428cd2ddbd0b0eb498c4b0ec6f7,2024-11-04 18:17:13 UTC,2024-11-04,2024-11-04 18:17:13 UTC,2024-11-04,public,"[""exclusive"",""voicenotes""]",,voice-notes-senses-fail-on-1,"Voice Notes: Senses Fail on ""Buried a Lie"""
2026-10-05,soundcloud:tracks:ab4ac08b110d86b8e049efdd52b154e9,2024-11-04 18:17:12 UTC,2024-11-04,2024-11-04 18:17:12 UTC,2024-11-04,public,"[""exclusive"",""voicenotes""]",,voice-notes-senses-fail-on,"Voice Notes: Senses Fail on ""Lady In A Blue Dress"""
2026-10-05,soundcloud:tracks:a25e0385af33bb47c670ce664eecca91,2024-11-04 18:17:11 UTC,2024-11-04,2024-11-04 18:17:11 UTC,2024-11-04,public,"[""exclusive"",""voicenotes""]",,voice-notes-senses-fail-on-rum,"Voice Notes: Senses Fail on ""Rum Is For Drinking"""
2026-10-05,soundcloud:tracks:b73c5c1e625dbc6d51e66a71f6f47809,2024-11-04 18:09:42 UTC,2024-11-04,2024-11-04 18:22:18 UTC,2024-11-04,public,"[""exclusive"",""savestheday"",""voicenotes""]",,voice-notes-saves-the-day-on-4,"Voice Notes: Saves The Day on ""Lady In A Blue Dress"""
2026-10-05,soundcloud:tracks:fdf99488f36c831bc474278ab8e6df6e,2024-11-04 18:09:41 UTC,2024-11-04,2024-11-04 18:22:30 UTC,2024-11-04,public,"[""exclusive"",""savestheday"",""voicenotes""]",,voice-notes-saves-the-day-on-3,"Voice Notes: Saves The Day on ""My Sweet Fracture"""
2026-10-05,soundcloud:tracks:1738f0c3d0d4d82aa5d6a77d85f96c03,2024-11-04 18:09:40 UTC,2024-11-04,2024-11-04 18:22:50 UTC,2024-11-04,public,"[""exclusive"",""savestheday"",""voicenotes""]",,voice-notes-saves-the-day-on-2,"Voice Notes: Saves The Day on ""Rocks Tonic Juice Magic"""
2026-10-05,soundcloud:tracks:3caa4a9669c37716ead788615ed441d0,2024-11-04 18:09:39 UTC,2024-11-04,2024-11-04 18:22:40 UTC,2024-11-04,public,"[""exclusive"",""savestheday"",""voicenotes""]",,voice-notes-saves-the-day-on-1,"Voice Notes: Saves The Day on ""Shoulder To The Wheel"""
2026-10-05,soundcloud:tracks:2813ae1042fd39f1c35ea7b0ddf14061,2024-11-04 18:09:37 UTC,2024-11-04,2024-11-04 18:22:58 UTC,2024-11-04,public,"[""exclusive"",""savestheday"",""voicenotes""]",,voice-notes-saves-the-day-on,"Voice Notes: Saves The Day on ""Through Being Cool"""
2026-10-05,soundcloud:tracks:2a5af1402c2f3d1efa77b4c99d39aee8,2024-11-01 16:56:56 UTC,2024-11-01,2024-11-01 17:04:47 UTC,2024-11-01,public,"[""exclusive"",""voicenotes"",""yunggravy""]",,voice-notes-hayla-on-dusk,"Voice Notes: HAYLA on ""DUSK"""
2026-10-05,soundcloud:tracks:44dc6c51af90c5e73d2aa1b68402051b,2024-11-01 16:56:54 UTC,2024-11-01,2024-11-01 17:04:56 UTC,2024-11-01,public,"[""exclusive"",""voicenotes"",""yunggravy""]",,voice-notes-hayla-on-fall,"Voice Notes: HAYLA on ""Fall Again"""
2026-10-05,soundcloud:tracks:b5059f010150f7ef6cc09b1f5072ff46,2024-11-01 16:56:53 UTC,2024-11-01,2024-11-01 17:05:03 UTC,2024-11-01,public,"[""exclusive"",""voicenotes"",""yunggravy""]",,voice-notes-hayla-on-freefall,"Voice Notes: HAYLA on ""Freefall"""
2026-10-05,soundcloud:tracks:55935d94d03669afcbe9e28784d3cbfd,2024-11-01 16:56:51 UTC,2024-11-01,2024-11-01 17:05:11 UTC,2024-11-01,public,"[""exclusive"",""voicenotes"",""yunggravy""]",,voice-notes-hayla-on-only-i,"Voice Notes: HAYLA on ""Only I"""
2026-10-05,soundcloud:tracks:00a825a78228bc78d62fd0a372668fdd,2024-11-01 16:56:49 UTC,2024-11-01,2024-11-01 17:05:19 UTC,2024-11-01,public,"[""exclusive"",""voicenotes"",""yunggravy""]",,voice-notes-hayla-on-treading,"Voice Notes: HAYLA on ""Treading Water"""
2026-10-05,soundcloud:tracks:f3780f84ab07749137d1b0ec9180381e,2024-11-01 16:56:47 UTC,2024-11-01,2024-11-01 17:05:28 UTC,2024-11-01,public,"[""exclusive"",""voicenotes"",""yunggravy""]",,voice-notes-hayla-on-visions,"Voice Notes: HAYLA on ""Visions Of You"""
2026-10-05,soundcloud:tracks:88dc5418df0a152f6acd53cbf54d9beb,2024-10-31 19:44:54 UTC,2024-10-31,2024-10-31 19:46:52 UTC,2024-10-31,public,"[""exclusive"",""kshmr"",""voicenotes""]",Dance & EDM,voice-notes-kshmr,Voice Notes: KSHMR
2026-10-05,soundcloud:tracks:77b1a676510a89d9954282c739822b50,2024-10-30 15:59:23 UTC,2024-10-30,2024-10-30 16:15:28 UTC,2024-10-30,public,"[""exclusive"",""rapsody"",""voicenotes""]",,voice-notes-rapsody-on-3am,"Voice Notes: Rapsody on ""3:AM"""
2026-10-05,soundcloud:tracks:0e46535ccb829e503ed4645aa835ce8c,2024-10-30 15:59:22 UTC,2024-10-30,2024-10-30 16:16:57 UTC,2024-10-30,public,"[""exclusive"",""rapsody"",""voicenotes""]",,voice-notes-rapsody-on-a,"Voice Notes: Rapsody on ""A Ballad For Homegirls"""
2026-10-05,soundcloud:tracks:3442db3712c26796c0ceef73b9aaf60a,2024-10-30 15:59:20 UTC,2024-10-30,2024-10-30 16:14:34 UTC,2024-10-30,public,"[""exclusive"",""rapsody"",""voicenotes""]",,voice-notes-rapsody-on-1,"Voice Notes: Rapsody on ""Asteroids"""
2026-10-05,soundcloud:tracks:920f166896f5aac730a46ff49e174e7f,2024-10-30 15:59:19 UTC,2024-10-30,2024-10-30 16:16:21 UTC,2024-10-30,public,"[""exclusive"",""rapsody"",""voicenotes""]",,voice-notes-rapsody-on-back-in,"Voice Notes: Rapsody on ""Back In My Bag"""
2026-10-05,soundcloud:tracks:442da3e3fabbb7cf4e333b4fe7f8e595,2024-10-30 15:59:18 UTC,2024-10-30,2024-10-30 16:15:00 UTC,2024-10-30,public,"[""exclusive"",""rapsody"",""voicenotes""]",,voice-notes-rapsody-on-black,"Voice Notes: Rapsody on ""Black Popstar"""
2026-10-05,soundcloud:tracks:88f385f99bc7269916270721a595b6b6,2024-10-30 15:59:17 UTC,2024-10-30,2024-10-30 16:14:51 UTC,2024-10-30,public,"[""exclusive"",""rapsody"",""voicenotes""]",,voice-notes-rapsody-on-dnd,"Voice Notes: Rapsody on ""DND"""
2026-10-05,soundcloud:tracks:e1ac1c38248f57b454bd2b80c60e5667,2024-10-30 15:59:16 UTC,2024-10-30,2024-10-30 16:15:48 UTC,2024-10-30,public,"[""exclusive"",""rapsody"",""voicenotes""]",,voice-notes-rapsody-on-diary,"Voice Notes: Rapsody on ""Diary Of A Mad Bitch"""
2026-10-05,soundcloud:tracks:bf23ecfef450ea881c6a7ea8a1f824c1,2024-10-30 15:59:15 UTC,2024-10-30,2024-10-30 16:17:14 UTC,2024-10-30,public,"[""exclusive"",""rapsody"",""voicenotes""]",,voice-notes-rapsody-on-faith,"Voice Notes: Rapsody on ""Faith"""
2026-10-05,soundcloud:tracks:ffde08526b6184a9acba2953b7e741f6,2024-10-30 15:59:13 UTC,2024-10-30,2024-10-30 16:17:23 UTC,2024-10-30,public,"[""exclusive"",""rapsody"",""voicenotes""]",,voice-notes-rapsody-on-forget,"Voice Notes: Rapsody on ""Forget Me Not"""
2026-10-05,soundcloud:tracks:a0fe7c201ec58e7dbf1dc6110e53dd46,2024-10-30 15:59:11 UTC,2024-10-30,2024-10-30 16:16:12 UTC,2024-10-30,public,"[""exclusive"",""rapsody"",""voicenotes""]",,voice-notes-rapsody-on-gods,"Voice Notes: Rapsody on ""Gods Light"""
2026-10-05,soundcloud:tracks:f5bfd7923847e94381d2742e13486a71,2024-10-30 15:59:10 UTC,2024-10-30,2024-10-30 16:16:05 UTC,2024-10-30,public,"[""exclusive"",""rapsody"",""voicenotes""]",,voice-notes-rapsody-on-he-shot,"Voice Notes: Rapsody on ""He Shot Me"""
2026-10-05,soundcloud:tracks:7a43a5475a286c9261935a698f64d941,2024-10-30 15:59:09 UTC,2024-10-30,2024-10-30 16:16:49 UTC,2024-10-30,public,"[""exclusive"",""rapsody"",""voicenotes""]",,voice-notes-rapsody-on-lonely,"Voice Notes: Rapsody on ""Lonely Women"""
2026-10-05,soundcloud:tracks:6b13dbd2384c92f97feea4e1b417a22d,2024-10-30 15:59:07 UTC,2024-10-30,2024-10-30 16:14:41 UTC,2024-10-30,public,"[""exclusive"",""rapsody"",""voicenotes""]",,voice-notes-rapsody-on-look,"Voice Notes: Rapsody on ""Look What You've Done"""
2026-10-05,soundcloud:tracks:35c122ae5c9fb746c2725ee738ea8de7,2024-10-30 15:59:06 UTC,2024-10-30,2024-10-30 16:15:41 UTC,2024-10-30,public,"[""exclusive"",""rapsody"",""voicenotes""]",,voice-notes-rapsody-on-loose,"Voice Notes: Rapsody on ""Loose Rocks"""
2026-10-05,soundcloud:tracks:9a55afb574f44ff35456bb8871f46e37,2024-10-30 15:59:05 UTC,2024-10-30,2024-10-30 16:14:26 UTC,2024-10-30,public,"[""exclusive"",""rapsody"",""voicenotes""]",,voice-notes-rapsody-on,"Voice Notes: Rapsody on ""Marlanna"""
2026-10-05,soundcloud:tracks:9f36999c30d96102a6e0001bace8ea2a,2024-10-30 15:59:04 UTC,2024-10-30,2024-10-30 16:15:55 UTC,2024-10-30,public,"[""exclusive"",""rapsody"",""voicenotes""]",,voice-notes-rapsody-on-never,"Voice Notes: Rapsody on ""Never Enough"""
2026-10-05,soundcloud:tracks:f93158c9f6ddac9d0b4a88df13b324e9,2024-10-30 15:59:02 UTC,2024-10-30,2024-10-30 16:16:29 UTC,2024-10-30,public,"[""exclusive"",""rapsody"",""voicenotes""]",,voice-notes-rapsody-on-nikos,"Voice Notes: Rapsody on ""Nikos Interlude"""
2026-10-05,soundcloud:tracks:de7d517ee163b696bc2aa579fede7bd4,2024-10-30 15:59:01 UTC,2024-10-30,2024-10-30 16:17:05 UTC,2024-10-30,public,"[""exclusive"",""rapsody"",""voicenotes""]",,voice-notes-rapsody-on-pdc,"Voice Notes: Rapsody on ""Please Don’t Cry Interlude"""
2026-10-05,soundcloud:tracks:50e06e7ffb9af778a23467ab89d8ef4c,2024-10-30 15:59:00 UTC,2024-10-30,2024-10-30 16:16:42 UTC,2024-10-30,public,"[""exclusive"",""rapsody"",""voicenotes""]",,voice-notes-rapsody-on-raw,"Voice Notes: Rapsody on ""Raw"""
2026-10-05,soundcloud:tracks:855b14ceb14d6969bd07f4bed2f3122b,2024-10-30 15:58:58 UTC,2024-10-30,2024-10-30 16:14:19 UTC,2024-10-30,public,"[""exclusive"",""rapsody"",""voicenotes""]",,voice-notes-rapsody-on-shes,"Voice Notes: Rapsody on ""She's Expecting You"""
2026-10-05,soundcloud:tracks:ef4e3387f68a2a6f71ad81eeff56dc3c,2024-10-30 15:58:57 UTC,2024-10-30,2024-10-30 16:15:08 UTC,2024-10-30,public,"[""exclusive"",""rapsody"",""voicenotes""]",,voice-notes-rapsody-on-stand,"Voice Notes: Rapsody on ""Stand Tall"""
2026-10-05,soundcloud:tracks:f58a43a6e417b27953c0218f0741c7c9,2024-10-30 15:58:55 UTC,2024-10-30,2024-10-30 16:15:18 UTC,2024-10-30,public,"[""exclusive"",""rapsody"",""voicenotes""]",,voice-notes-rapsody-on-that,"Voice Notes: Rapsody on ""That One Time"""
2026-10-05,soundcloud:tracks:00f7bba159d4f22e0377834af163a051,2024-10-25 14:07:49 UTC,2024-10-25,2024-10-25 14:11:58 UTC,2024-10-25,public,"[""exclusive"",""fievelisglauque"",""voicenotes""]",,voice-notes-fievel-is-3,"Voice Notes: Fievel Is Glauque on ""As Above So Below"""
2026-10-05,soundcloud:tracks:7893c1108d2328d882e20e61b4ec61d1,2024-10-25 14:07:47 UTC,2024-10-25,2024-10-25 14:10:55 UTC,2024-10-25,public,"[""exclusive"",""fievelisglauque"",""voicenotes""]",,voice-notes-fievel-is-2,"Voice Notes: Fievel Is Glauque on ""Haut Contre Bas"""
2026-10-05,soundcloud:tracks:994ad3d8c9f6b22808f67af15e515df3,2024-10-25 14:07:45 UTC,2024-10-25,2024-10-25 14:11:41 UTC,2024-10-25,public,"[""exclusive"",""fievelisglauque"",""voicenotes""]",,voice-notes-fievel-is-1,"Voice Notes: Fievel Is Glauque on ""Love Weapon"""
2026-10-05,soundcloud:tracks:1ba8de1f0f43baedfa3a40783ae22ba5,2024-10-25 14:07:43 UTC,2024-10-25,2024-10-25 14:11:15 UTC,2024-10-25,public,"[""exclusive"",""fievelisglauque"",""voicenotes""]",,voice-notes-fievel-is-glauque,"Voice Notes: Fievel Is Glauque on ""It's So Easy"""
2026-10-05,soundcloud:tracks:3c4ea30c5c083f4e6c7eb635a385d1c5,2024-10-23 17:08:28 UTC,2024-10-23,2024-10-23 17:36:29 UTC,2024-10-23,public,"[""exclusive"",""jamiemiller"",""voicenotes""]",,voice-notes-jamie-miller-on-long-way-home,"Voice Notes: Jamie Miller on ""Long Way Home"""
2026-10-05,soundcloud:tracks:3140ea888d7dbd4ce9f7d959d84141c7,2024-10-23 17:08:28 UTC,2024-10-23,2024-10-23 17:36:21 UTC,2024-10-23,public,"[""exclusive"",""jamiemiller"",""voicenotes""]",,voice-notes-jamie-miller-on-nothing-to-miss,"Voice Notes: Jamie Miller on ""Nothing To Miss"""
2026-10-05,soundcloud:tracks:8e41f656bafd3d46b2f550ccab7add3a,2024-10-23 17:08:28 UTC,2024-10-23,2024-10-23 17:37:06 UTC,2024-10-23,public,"[""exclusive"",""jamiemiller"",""voicenotes""]",,voice-notes-jamie-miller-on-every-lifetime,"Voice Notes: Jamie Miller on ""Every Lifetime"""
2026-10-05,soundcloud:tracks:27cca83c0bb0f59d2c148f4115e587d0,2024-10-23 17:08:28 UTC,2024-10-23,2024-10-23 17:36:41 UTC,2024-10-23,public,"[""exclusive"",""jamiemiller"",""voicenotes""]",,voice-notes-jamie-miller-on-better-by-myself,"Voice Notes: Jamie Miller on ""Better By Myself"""
2026-10-05,soundcloud:tracks:51e9795e0996f5717df31bf820099336,2024-10-23 17:08:28 UTC,2024-10-23,2024-10-23 17:36:59 UTC,2024-10-23,public,"[""exclusive"",""jamiemiller"",""voicenotes""]",,voice-notes-jamie-miller-on-in-the-cards,"Voice Notes: Jamie Miller on ""In The Cards"""
2026-10-05,soundcloud:tracks:fe52f535a3946437ee33aafb99ae42a5,2024-10-23 17:08:28 UTC,2024-10-23,2024-10-23 17:36:51 UTC,2024-10-23,public,"[""exclusive"",""jamiemiller"",""voicenotes""]",,voice-notes-jamie-miller-on-maybe-next-time,"Voice Notes: Jamie Miller on ""Maybe Next Time"""
2026-10-05,soundcloud:tracks:6a264c3580491b28bcc1d79d74a9838d,2024-10-18 15:06:27 UTC,2024-10-18,2024-10-18 15:15:17 UTC,2024-10-18,public,"[""exclusive"",""phantogram"",""voicenotes""]",,voice-notes-phantogram-on-5,"Voice Notes: Phantogram on ""Ashes"" (Exclusive Commentary)"
2026-10-05,soundcloud:tracks:8da1c07a42c009d1b4963dfc59bab14f,2024-10-18 15:06:26 UTC,2024-10-18,2024-10-18 15:15:34 UTC,2024-10-18,public,"[""exclusive"",""phantogram"",""voicenotes""]",,voice-notes-phantogram-on-4,"Voice Notes: Phantogram on ""Attaway"" (Exclusive Commentary)"
2026-10-05,soundcloud:tracks:6698b6b458aa4dd39ac69e623ee26fa8,2024-10-18 15:06:25 UTC,2024-10-18,2024-10-18 15:15:48 UTC,2024-10-18,public,"[""exclusive"",""phantogram"",""voicenotes""]",,voice-notes-phantogram-on-come,"Voice Notes: Phantogram on ""Come Alive"" (Exclusive Commentary)"
2026-10-05,soundcloud:tracks:87f33abda5514bec44e6c048ec50015f,2024-10-18 15:06:24 UTC,2024-10-18,2024-10-18 15:16:07 UTC,2024-10-18,public,"[""exclusive"",""phantogram"",""voicenotes""]",,voice-notes-phantogram-on-3,"Voice Notes: Phantogram on ""Feedback Invisible"" (Exclusive Commentary)"
2026-10-05,soundcloud:tracks:586e5204f79a678c20b370b9cccf429f,2024-10-18 15:06:22 UTC,2024-10-18,2024-10-18 15:16:25 UTC,2024-10-18,public,"[""exclusive"",""phantogram"",""voicenotes""]",,voice-notes-phantogram-on-i,"Voice Notes: Phantogram on ""I Wanna Know"" (Exclusive Commentary)"
2026-10-05,soundcloud:tracks:4149953b5d7b9ff9f2f78811695907a7,2024-10-18 15:06:21 UTC,2024-10-18,2024-10-18 15:16:41 UTC,2024-10-18,public,"[""exclusive"",""phantogram"",""voicenotes""]",,voice-notes-phantogram-on-it,"Voice Notes: Phantogram on ""It Wasn't Meant To Be"" (Exclusive Commentary)"
2026-10-05,soundcloud:tracks:ed8531094eb335e17750ace8629f6d96,2024-10-18 15:06:20 UTC,2024-10-18,2024-10-18 15:16:56 UTC,2024-10-18,public,"[""exclusive"",""phantogram"",""voicenotes""]",,voice-notes-phantogram-on-2,"Voice Notes: Phantogram on ""Jealousy"" (Exclusive Commentary)"
2026-10-05,soundcloud:tracks:b69be5c970ac7a209970f626ed122f3c,2024-10-18 15:06:19 UTC,2024-10-18,2024-10-18 15:15:01 UTC,2024-10-18,public,"[""exclusive"",""phantogram"",""voicenotes""]",,voice-notes-phantogram-on-1,"Voice Notes: Phantogram on ""Memory Of A Day"" (Exclusive Commentary)"
2026-10-05,soundcloud:tracks:cbc37751ba3b2e6240def677b2092db9,2024-10-18 15:06:17 UTC,2024-10-18,2024-10-18 15:17:12 UTC,2024-10-18,public,"[""exclusive"",""phantogram"",""voicenotes""]",,voice-notes-phantogram-on-move,"Voice Notes: Phantogram on ""Move In Silence"" (Exclusive Commentary)"
2026-10-05,soundcloud:tracks:7a985bb1113888f31e5aa3e525cf2699,2024-10-18 15:06:16 UTC,2024-10-18,2024-10-18 15:17:32 UTC,2024-10-18,public,"[""exclusive"",""phantogram"",""voicenotes""]",,voice-notes-phantogram-on,"Voice Notes: Phantogram on ""Running Through Colors"" (Exclusive Commentary)"
2026-10-05,soundcloud:tracks:4ac0fed9cde96ec2dff533206f2dfe0e,2024-10-18 13:46:49 UTC,2024-10-18,2024-10-18 14:13:41 UTC,2024-10-18,public,"[""exclusive"",""tors"",""voicenotes""]",,voice-notes-tors-on-never-give,"Voice Notes: Tors on ""Never Give Up"" (Exclusive Commentary)"
2026-10-05,soundcloud:tracks:702b2729e6aa7318c5fa403987931419,2024-10-18 13:46:47 UTC,2024-10-18,2024-10-18 14:13:50 UTC,2024-10-18,public,"[""exclusive"",""tors"",""voicenotes""]",,voice-notes-tors-on-if-it,"Voice Notes: Tors on ""If It Takes All Night"" (Exclusive Commentary)"
2026-10-05,soundcloud:tracks:f8031de738ebbe6f26332f61e30c3116,2024-10-18 13:46:46 UTC,2024-10-18,2024-10-18 14:13:30 UTC,2024-10-18,public,"[""exclusive"",""tors"",""voicenotes""]",,voice-notes-tors-on-happy,"Voice Notes: Tors on ""Happy Enough"" (Exclusive Commentary)"
2026-10-05,soundcloud:tracks:c489ed21a42bacf4d5cb69f4087d167a,2024-10-18 13:46:44 UTC,2024-10-18,2024-10-18 14:13:22 UTC,2024-10-18,public,"[""exclusive"",""tors"",""voicenotes""]",,voice-notes-tors-on-dying,"Voice Notes: Tors on ""Dying Stars"" (Exclusive Commentary)"
2026-10-05,soundcloud:tracks:19eb92f078b59fc04a56df65d580b1f6,2024-10-18 13:46:42 UTC,2024-10-18,2024-10-18 14:13:59 UTC,2024-10-18,public,"[""exclusive"",""tors"",""voicenotes""]",,voice-notes-tors-on-only-for,"Voice Notes: Tors on ""Only For You"" (Exclusive Commentary)"
2026-10-05,soundcloud:tracks:9df6cde15ceede12a08f985cb5f4ff47,2024-10-17 17:53:11 UTC,2024-10-17,2024-10-17 18:33:52 UTC,2024-10-17,public,"[""exclusive"",""voicenotes"",""zomboy""]",,voice-notes-zomboy-on-dead,"Voice Notes: Zomboy on ""D.E.A.D"""
2026-10-05,soundcloud:tracks:c00b1d4af01d5bfd2c6a51b8451a0338,2024-10-11 21:23:47 UTC,2024-10-11,2024-10-11 21:23:47 UTC,2024-10-11,public,,,voice-notes-missio-on-fall,"Voice Notes: Missio on ""Fall Into A Black Hole"""
2026-10-05,soundcloud:tracks:ede4a2635acf4d011d7a3e9f2ca65910,2024-10-11 21:23:46 UTC,2024-10-11,2024-10-11 21:23:46 UTC,2024-10-11,public,,,voice-notes-missio-on-easy,"Voice Notes: Missio on ""Easy"""
2026-10-05,soundcloud:tracks:50c645d46d8ff7a098d346202a699763,2024-10-11 21:23:44 UTC,2024-10-11,2024-10-11 21:23:44 UTC,2024-10-11,public,,,voice-notes-missio-on-good,"Voice Notes: Missio on ""Good Vibrations"""
2026-10-05,soundcloud:tracks:ad72c47aa977c6cc6bcbaedd9f62df48,2024-10-11 21:23:43 UTC,2024-10-11,2024-10-11 21:23:43 UTC,2024-10-11,public,,,voice-notes-missio-on-fuck-it,"Voice Notes: Missio on ""Fuck It"""
2026-10-05,soundcloud:tracks:c79a4eb76a609ca932fd8c4dc11610f9,2024-10-11 21:23:41 UTC,2024-10-11,2024-10-11 21:23:41 UTC,2024-10-11,public,,,voice-notes-missio-on-big,"Voice Notes: Missio on ""Big Stacks"""
2026-10-05,soundcloud:tracks:a316cc2f0ddee3a6fbf65f63620bb61b,2024-10-11 17:06:43 UTC,2024-10-11,2024-10-11 17:13:46 UTC,2024-10-11,public,"[""voicenotes""]",,voice-notes-jelly-roll-hey,Voice Notes - Jelly Roll - Hey Mama
2026-10-05,soundcloud:tracks:00609c60c1c4074fd806af5cb77b7ba6,2024-10-11 17:06:42 UTC,2024-10-11,2024-10-11 17:13:53 UTC,2024-10-11,public,"[""voicenotes""]",,voice-notes-jelly-roll-on-when,"Voice Notes: Jelly Roll on ""When The Drugs Don't Work"""
2026-10-05,soundcloud:tracks:aa71bc18656e00cd8b28a5be9c5bc798,2024-10-11 17:06:40 UTC,2024-10-11,2024-10-11 17:14:00 UTC,2024-10-11,public,"[""voicenotes""]",,voice-notes-jelly-roll-on-time,"Voice Notes: Jelly Roll on ""Time Of Day"""
2026-10-05,soundcloud:tracks:e86ce9adb2dfcae22c43288e8b49fdad,2024-10-11 17:06:39 UTC,2024-10-11,2024-10-11 17:13:21 UTC,2024-10-11,public,"[""voicenotes""]",,voice-notes-jelly-roll-on,"Voice Notes: Jelly Roll on ""Winning Streak"""
2026-10-05,soundcloud:tracks:ba29046f286ee91e9b884d2c5bee2602,2024-10-11 17:06:37 UTC,2024-10-11,2024-10-11 17:14:08 UTC,2024-10-11,public,"[""voicenotes""]",,voice-notes-jelly-roll-on-get,"Voice Notes: Jelly Roll on ""Get By"""
2026-10-05,soundcloud:tracks:aef94c001cbd7d6e8c35ed5c13c494bc,2024-10-04 16:54:05 UTC,2024-10-04,2024-10-04 17:00:48 UTC,2024-10-04,public,"[""exclusive"",""temples"",""voicenotes""]",,voice-notes-temples-on-ankh,"Voice Notes: Temples on ""Ankh"""
2026-10-05,soundcloud:tracks:070bc2bd4c1159377937eaec61d6c4b3,2024-10-04 16:54:03 UTC,2024-10-04,2024-10-04 17:00:58 UTC,2024-10-04,public,"[""exclusive"",""temples"",""voicenotes""]",,voice-notes-temples-on-day-of,"Voice Notes: Temples on ""Day Of Conquest"""
2026-10-05,soundcloud:tracks:f59b7c0c9c0a2e540dbed478414ffad1,2024-10-04 16:54:02 UTC,2024-10-04,2024-10-04 17:01:39 UTC,2024-10-04,public,"[""exclusive"",""temples"",""voicenotes""]",,voice-notes-temples-on-1,"Voice Notes: Temples on ""Shelter Song (Robert Been Remix)"""
2026-10-05,soundcloud:tracks:2f7a26d1e03bcc12159a0af3c1aeb47d,2024-10-04 16:54:01 UTC,2024-10-04,2024-10-04 17:01:24 UTC,2024-10-04,public,"[""exclusive"",""temples"",""voicenotes""]",,voice-notes-temples-on-shelter,"Voice Notes: Temples on ""Shelter Song (SLP Remix)"""
2026-10-05,soundcloud:tracks:8593c670ae54295743c65ef00b1386d4,2024-10-04 16:54:00 UTC,2024-10-04,2024-10-04 17:01:07 UTC,2024-10-04,public,"[""exclusive"",""temples"",""voicenotes""]",,voice-notes-temples-on-prisms,"Voice Notes: Temples on ""Prisms"""
2026-10-05,soundcloud:tracks:e7816aa7023754c5bfafa4fcdb970ed5,2024-10-04 16:53:59 UTC,2024-10-04,2024-10-04 17:01:18 UTC,2024-10-04,public,"[""exclusive"",""temples"",""voicenotes""]",,voice-notes-temples-on-jewel,"Voice Notes: Temples on ""Jewel Of Mine Eye"""
2026-10-05,soundcloud:tracks:461cf064f70e79c33c69968280b13893,2024-10-04 15:34:16 UTC,2024-10-04,2024-10-04 17:07:18 UTC,2024-10-04,public,"[""chromeo"",""exclusive"",""voicenotes""]",,voice-notes-chromeo-on,"Voice Notes: Chromeo on ""Replacements"""
2026-10-05,soundcloud:tracks:14e430dbf8a7cabb30e71dfeef350a4e,2024-10-04 15:34:15 UTC,2024-10-04,2024-10-04 17:07:08 UTC,2024-10-04,public,"[""chromeo"",""exclusive"",""voicenotes""]",,voice-notes-chromeo-on-justify,"Voice Notes: Chromeo on ""Justify"""
2026-10-05,soundcloud:tracks:b9d3a721c2478f8478182f45f54ad97e,2024-10-04 15:34:14 UTC,2024-10-04,2024-10-04 17:07:28 UTC,2024-10-04,public,"[""chromeo"",""exclusive"",""voicenotes""]",,voice-notes-chromeo-on-on-the,"Voice Notes: Chromeo on ""On The Move"""
2026-10-05,soundcloud:tracks:5a69b20f4fc6c792a80d2bb3c37caf36,2024-10-04 15:34:12 UTC,2024-10-04,2024-10-04 17:07:38 UTC,2024-10-04,public,"[""chromeo"",""exclusive"",""voicenotes""]",,voice-notes-chromeo-on-lost,"Voice Notes: Chromeo on ""Lost And Found"""
2026-10-05,soundcloud:tracks:5c47fb5097e41274f5f10d26d0a51095,2024-10-04 15:34:11 UTC,2024-10-04,2024-10-04 17:07:46 UTC,2024-10-04,public,"[""chromeo"",""exclusive"",""voicenotes""]",,voice-notes-chromeo-on-real,"Voice Notes: Chromeo on ""Real Breezy"""
2026-10-05,soundcloud:tracks:2a3996d180c32a0cee8fca9559dcf6b0,2024-10-04 14:24:17 UTC,2024-10-04,2024-10-04 16:15:35 UTC,2024-10-04,public,"[""akon"",""exclusive"",""voicenotes""]",Hip-hop & Rap,voice-notes-akon-on-akons,"Voice Notes: Akon on ""Akon's Beautiful Day"""
2026-10-05,soundcloud:tracks:791afbb42ba7757612cea2fdc229742f,2024-10-04 14:24:16 UTC,2024-10-04,2024-10-04 16:16:08 UTC,2024-10-04,public,"[""akon"",""exclusive"",""voicenotes""]",Hip-hop & Rap,voice-notes-akon-on-locked-up,"Voice Notes: Akon on ""Locked Up (Styles P Remix)"""
2026-10-05,soundcloud:tracks:c8aac6111ac986a0a3723ced128aab7a,2024-10-04 14:24:14 UTC,2024-10-04,2024-10-04 16:15:57 UTC,2024-10-04,public,"[""akon"",""exclusive"",""voicenotes""]",Hip-hop & Rap,voice-notes-akon-on-dont,"Voice Notes: Akon on ""Don't Matter"""
2026-10-05,soundcloud:tracks:e23eb822921ac60ac7471fc6ce46a04e,2024-10-04 14:24:13 UTC,2024-10-04,2024-10-04 16:15:47 UTC,2024-10-04,public,"[""akon"",""exclusive"",""voicenotes""]",Hip-hop & Rap,voice-notes-akon-on-lonely,"Voice Notes: Akon on ""Lonely"""
2026-10-05,soundcloud:tracks:c81c8e4a30036f43545833f6a4acf292,2024-10-02 18:38:21 UTC,2024-10-02,2024-10-03 19:36:20 UTC,2024-10-03,public,"[""exclusive"",""sanholo"",""voicenotes""]",Dance & EDM,voice-notes-san-holo-on-2,"Voice Notes: San Holo on ""disappear"""
2026-10-05,soundcloud:tracks:eac4f41cc2067a195f04599750748ba8,2024-10-02 18:38:19 UTC,2024-10-02,2024-10-03 19:36:12 UTC,2024-10-03,public,"[""exclusive"",""sanholo"",""voicenotes""]",Dance & EDM,voice-notes-san-holo-on-dont-1,"Voice Notes: San Holo on ""DON'T LOOK DOWN"""
2026-10-05,soundcloud:tracks:2f890dae4f538737dac990928b6626de,2024-10-02 18:38:18 UTC,2024-10-02,2024-10-03 19:36:58 UTC,2024-10-03,public,"[""exclusive"",""sanholo"",""voicenotes""]",Dance & EDM,voice-notes-san-holo-on-glow-1,"Voice Notes: San Holo on ""GLOW"""
2026-10-05,soundcloud:tracks:14ff7cec591c8c0b1acddd0f7d0b1adf,2024-10-02 18:38:17 UTC,2024-10-02,2024-10-03 19:36:03 UTC,2024-10-03,public,"[""exclusive"",""sanholo"",""voicenotes""]",Dance & EDM,voice-notes-san-holo-on-1,"Voice Notes: San Holo on ""Light"""
2026-10-05,soundcloud:tracks:8d3b795cb5bfae8f93aa5a7b4f74e81a,2024-10-02 18:38:14 UTC,2024-10-02,2024-10-03 19:36:51 UTC,2024-10-03,public,"[""exclusive"",""sanholo"",""voicenotes""]",Dance & EDM,voice-notes-san-holo-on-what-1,"Voice Notes: San Holo on ""what is life?"""
2026-10-05,soundcloud:tracks:5c1e82aac4bef7620c350840bea72cb5,2024-10-01 19:51:38 UTC,2024-10-01,2024-10-01 20:11:09 UTC,2024-10-01,public,"[""asteria"",""voicenotes""]",Dance & EDM,voice-notes-asteria-on-eyes-on,"Voice Notes: asteria on ""EYES ON ME"""
2026-10-05,soundcloud:tracks:99ea4c6cb01f35863ef8a996eb448000,2024-10-01 19:51:37 UTC,2024-10-01,2024-10-01 20:11:18 UTC,2024-10-01,public,"[""asteria"",""voicenotes""]",Dance & EDM,voice-notes-asteria-on-tell-me,"Voice Notes: asteria on ""TELL ME LIES"""
2026-10-05,soundcloud:tracks:86647db646247dab3e9bd4f662a1e1fd,2024-10-01 19:51:36 UTC,2024-10-01,2024-10-01 20:10:58 UTC,2024-10-01,public,"[""asteria"",""voicenotes""]",Dance & EDM,voice-notes-asteria-on-what,"Voice Notes: asteria on ""WHAT YOU WANT!"""
2026-10-05,soundcloud:tracks:6bcadf6cbed2a08bb46d156630f8e7b5,2024-09-27 21:13:33 UTC,2024-09-27,2024-09-27 22:00:06 UTC,2024-09-27,public,"[""dance"",""eli&fur"",""exclusive"",""voicenotes""]",Dance & EDM,voice-notes-eli-and-fur-on-3,"Voice Notes: Eli And Fur on ""Golden Eyes And Tears"""
2026-10-05,soundcloud:tracks:a1453d1f028ab29e884c71eb9c1d7e79,2024-09-27 21:13:31 UTC,2024-09-27,2024-09-27 22:00:21 UTC,2024-09-27,public,"[""dance"",""eli&fur"",""exclusive"",""voicenotes""]",Dance & EDM,voice-notes-eli-and-fur-on-2,"Voice Notes: Eli And Fur on ""Missing You"""
2026-10-05,soundcloud:tracks:57658185e14f6904842a3135a5a075db,2024-09-27 21:13:30 UTC,2024-09-27,2024-09-27 22:00:32 UTC,2024-09-27,public,"[""dance"",""eli&fur"",""exclusive"",""voicenotes""]",Dance & EDM,voice-notes-eli-and-fur-on-my,"Voice Notes: Eli And Fur on ""My Reflection"""
2026-10-05,soundcloud:tracks:495eab68e7f270f141eea43f5f2071c1,2024-09-27 21:13:29 UTC,2024-09-27,2024-09-27 22:00:47 UTC,2024-09-27,public,"[""dance"",""eli&fur"",""exclusive"",""voicenotes""]",Dance & EDM,voice-notes-eli-and-fur-on-1,"Voice Notes: Eli And Fur on ""Monsters"""
2026-10-05,soundcloud:tracks:e34d5f0979c9a537efc66e9337192530,2024-09-27 21:13:27 UTC,2024-09-27,2024-09-27 22:01:01 UTC,2024-09-27,public,"[""dance"",""eli&fur"",""exclusive"",""voicenotes""]",Dance & EDM,voice-notes-eli-and-fur-on,"Voice Notes: Eli And Fur on ""Insomnia"""
2026-10-05,soundcloud:tracks:7b9e55a43bbe3d5c550ccef98d22d966,2024-09-25 19:08:34 UTC,2024-09-25,2024-09-25 23:15:21 UTC,2024-09-25,public,"[""exclusive"",""rm47"",""voicenotes""]",Storytelling,voice-notes-rm47-on-buss-it,"Voice Notes: RM47 on ""Buss It"""
2026-10-05,soundcloud:tracks:eee998ea993cff94632177934302780b,2024-09-25 19:08:32 UTC,2024-09-25,2024-09-25 23:15:38 UTC,2024-09-25,public,"[""exclusive"",""rm47"",""voicenotes""]",Storytelling,voice-notes-rm47-on-gimme-dat,"Voice Notes: RM47 on ""Gimme Dat"""
2026-10-05,soundcloud:tracks:e18f7a95811f6950056c8dff15a88af3,2024-09-25 19:08:31 UTC,2024-09-25,2024-09-25 23:15:48 UTC,2024-09-25,public,"[""exclusive"",""rm47"",""voicenotes""]",Storytelling,voice-notes-rm47-on-hotline,"Voice Notes: RM47 on ""Hotline"""
2026-10-05,soundcloud:tracks:9880fa0a0f6f63efe6e8db2c035ca908,2024-09-25 19:08:29 UTC,2024-09-25,2024-09-25 23:15:29 UTC,2024-09-25,public,"[""exclusive"",""rm47"",""voicenotes""]",Storytelling,voice-notes-rm47-on-le-fix,"Voice Notes: RM47 on ""LE FIX"""
2026-10-05,soundcloud:tracks:85a9be8197d22b8ec01a622aaa8db506,2024-09-25 19:08:27 UTC,2024-09-25,2024-09-25 23:15:56 UTC,2024-09-25,public,"[""exclusive"",""rm47"",""voicenotes""]",Storytelling,voice-notes-rm47-on-needed-u,"Voice Notes: RM47 on ""Needed U"""
2026-10-05,soundcloud:tracks:3708e0edd6499d64e85bc51fa4b95418,2024-09-18 18:07:37 UTC,2024-09-18,2024-09-20 14:42:28 UTC,2024-09-20,public,"[""commentary"",""jazz"",""nubyagarcia"",""voicenotes""]",,voice-notes-nubya-garcia-on-we,"Voice Notes: Nubya Garcia on ""We Walk In Gold"""
2026-10-05,soundcloud:tracks:ef6057e61ca83fdbbec408f9b32ad0cd,2024-09-18 18:07:36 UTC,2024-09-18,2024-09-20 14:42:38 UTC,2024-09-20,public,"[""commentary"",""jazz"",""nubyagarcia"",""voicenotes""]",,voice-notes-nubya-garcia-on-2,"Voice Notes: Nubya Garcia on ""Odyssey"""
2026-10-05,soundcloud:tracks:374aa0e21550c1059816098bd6b23ae7,2024-09-18 18:07:34 UTC,2024-09-18,2024-09-20 14:42:55 UTC,2024-09-20,public,"[""commentary"",""jazz"",""nubyagarcia"",""voicenotes""]",,voice-notes-nubya-garcia-on-1,"Voice Notes: Nubya Garcia on ""Solstice"""
2026-10-05,soundcloud:tracks:2a48d38b2bf7748b22a0ad0d4d685a50,2024-09-18 18:07:32 UTC,2024-09-18,2024-09-20 14:43:16 UTC,2024-09-20,public,"[""commentary"",""jazz"",""nubyagarcia"",""voicenotes""]",,voice-notes-nubya-garcia-on,"Voice Notes: Nubya Garcia on ""Dawn"""
2026-10-05,soundcloud:tracks:04e3a8708c77528eae037e81c76388b7,2024-09-18 18:07:30 UTC,2024-09-18,2024-09-20 14:43:22 UTC,2024-09-20,public,"[""commentary"",""jazz"",""nubyagarcia"",""voicenotes""]",,voice-notes-nubya-garcia-on-in,"Voice Notes: Nubya Garcia on ""In Other Words, Living"""
2026-10-05,soundcloud:tracks:35cc7fd94a6364b22d4b5bf25b51b29e,2024-09-16 17:54:36 UTC,2024-09-16,2024-09-16 19:25:14 UTC,2024-09-16,public,"[""commentary"",""electronic"",""voicenotes""]",Dance & EDM,voice-notes-hayden-james-on-2,"Voice Notes: Hayden James on ""Patience"""
2026-10-05,soundcloud:tracks:cc4005f808e1f8aff9be5f13c2f36335,2024-09-16 17:54:34 UTC,2024-09-16,2024-09-16 19:24:58 UTC,2024-09-16,public,"[""commentary"",""electronic"",""voicenotes""]",Dance & EDM,voice-notes-hayden-james-on-1,"Voice Notes: Hayden James on ""Medicine"""
2026-10-05,soundcloud:tracks:e218605577cbc2c7fa60be2333adeea4,2024-09-16 17:54:33 UTC,2024-09-16,2024-09-16 19:25:22 UTC,2024-09-16,public,"[""commentary"",""electronic"",""voicenotes""]",Dance & EDM,voice-notes-hayden-james-on,"Voice Notes: Hayden James on ""All In"""
2026-10-05,soundcloud:tracks:60af44be5a3df79ea581b561d133d787,2024-09-16 17:54:32 UTC,2024-09-16,2024-09-16 19:25:06 UTC,2024-09-16,public,"[""commentary"",""electronic"",""voicenotes""]",Dance & EDM,voice-notes-hayden-james-on-we,"Voice Notes: Hayden James on ""We Could Be Love"""
2026-10-05,soundcloud:tracks:1c347641dc2840ae1f21a257ce66192a,2024-09-16 17:37:26 UTC,2024-09-16,2024-09-16 17:37:26 UTC,2024-09-16,public,"[""commentary"",""indie"",""joep"",""voicenotes""]",,voice-notes-joe-p-on-guilt-hole1,"Voice Notes: Joe P on ""guilt. hole."""
2026-10-05,soundcloud:tracks:705a17debf980d5a9447b26d1bb9ee96,2024-09-13 17:36:36 UTC,2024-09-13,2024-09-13 19:33:30 UTC,2024-09-13,public,"[""alternative"",""cursive"",""indie"",""voicenotes""]",Alternative Rock,voice-notes-cursive-on-dark,"Voice Notes: Cursive on ""Dark Star"""
2026-10-05,soundcloud:tracks:2a5e63634a20749feb9b7dd6c506014a,2024-09-13 17:36:36 UTC,2024-09-13,2024-09-13 19:33:45 UTC,2024-09-13,public,"[""alternative"",""cursive"",""indie"",""voicenotes""]",Alternative Rock,voice-notes-cursive-on-art-is,"Voice Notes: Cursive on ""Art Is Hard"""
2026-10-05,soundcloud:tracks:34f24e97f86f44a80cef6db8aa7bc031,2024-09-13 17:36:36 UTC,2024-09-13,2024-09-13 19:33:37 UTC,2024-09-13,public,"[""alternative"",""cursive"",""indie"",""voicenotes""]",Alternative Rock,voice-notes-cursive-on-what,"Voice Notes: Cursive on ""What The Fuck"""
2026-10-05,soundcloud:tracks:e092b05eb040ce45572af3d8588992af,2024-09-13 17:36:35 UTC,2024-09-13,2024-09-13 19:34:28 UTC,2024-09-13,public,"[""alternative"",""cursive"",""indie"",""voicenotes""]",Alternative Rock,voice-notes-cursive-on-retreat,"Voice Notes: Cursive on ""Retreat!"""
2026-10-05,soundcloud:tracks:4822d2fc928415d15c61f62e44cf232a,2024-09-13 17:36:35 UTC,2024-09-13,2024-09-13 19:33:52 UTC,2024-09-13,public,"[""alternative"",""cursive"",""indie"",""voicenotes""]",Alternative Rock,voice-notes-cursive-on-the,"Voice Notes: Cursive on ""The Night I Lost The Will To Fight"""
2026-10-05,soundcloud:tracks:016aa35568f85e726af2d120564866af,2024-09-13 17:36:35 UTC,2024-09-13,2024-09-13 19:34:01 UTC,2024-09-13,public,"[""alternative"",""cursive"",""indie"",""voicenotes""]",Alternative Rock,voice-notes-cursive-on-rookie,"Voice Notes: Cursive on ""Rookie"""
2026-10-05,soundcloud:tracks:df1fef628cb34efc35570b1b4e465163,2024-09-13 15:24:46 UTC,2024-09-13,2024-09-13 20:47:40 UTC,2024-09-13,public,"[""alternative"",""indiepop"",""mermaidchunky"",""voicenotes""]",,voice-notes-mermaid-chunky-3,"Voice Notes: Mermaid Chunky on ""chaperone"""
2026-10-05,soundcloud:tracks:b62256d906c1e842e0ad911c52ddff25,2024-09-13 15:24:45 UTC,2024-09-13,2024-09-13 20:47:25 UTC,2024-09-13,public,"[""alternative"",""indiepop"",""mermaidchunky"",""voicenotes""]",,voice-notes-mermaid-chunky-2,"Voice Notes: Mermaid Chunky on ""nature girl"""
2026-10-05,soundcloud:tracks:b87d231c74c8fea32752bbf93cba04b2,2024-09-13 15:24:43 UTC,2024-09-13,2024-09-13 20:47:32 UTC,2024-09-13,public,"[""alternative"",""indiepop"",""mermaidchunky"",""voicenotes""]",,voice-notes-mermaid-chunky-1,"Voice Notes: Mermaid Chunky on ""Céilí"""
2026-10-05,soundcloud:tracks:c622f523849c25f05f1c2986795e9f59,2024-09-13 15:24:41 UTC,2024-09-13,2024-09-13 20:47:10 UTC,2024-09-13,public,"[""alternative"",""indiepop"",""mermaidchunky"",""voicenotes""]",,voice-notes-mermaid-chunky-on,"Voice Notes: Mermaid Chunky on ""tiny gymnast"""
2026-10-05,soundcloud:tracks:af382fa582753a4fd6e361c8a489e712,2024-09-11 13:03:39 UTC,2024-09-11,2024-09-11 18:20:59 UTC,2024-09-11,public,,,voice-notes-michigander-on-superglue,"Voice Notes: Michigander on ""Superglue"""
2026-10-05,soundcloud:tracks:0fe5f296f0e8f7b84c96b3984416f0f3,2024-09-10 18:57:29 UTC,2024-09-10,2024-09-11 18:21:06 UTC,2024-09-11,public,,,voice-notes-michigander-on-3,"Voice Notes: Michigander on ""Breaker Box"""
2026-10-05,soundcloud:tracks:3bb88d70d6d54552462cb763934c714a,2024-09-10 18:57:29 UTC,2024-09-10,2025-02-10 17:08:45 UTC,2025-02-10,public,,,voice-notes-michigander-on-4,"Voice Notes: Michigander on ""Letterman"""
2026-10-05,soundcloud:tracks:b8e78cbe99e7c7db3e07873cc99cf79a,2024-09-10 18:57:28 UTC,2024-09-10,2024-10-10 14:28:16 UTC,2024-10-10,public,,,voice-notes-michigander-on-2,"Voice Notes: Michigander on ""Emotional"""
2026-10-05,soundcloud:tracks:0331c3527010f8547275163ffb79d2f0,2024-09-10 18:57:28 UTC,2024-09-10,2024-09-11 18:21:13 UTC,2024-09-11,public,,,voice-notes-michigander-on-1,"Voice Notes: Michigander on ""East Chicago, IN"""
2026-10-05,soundcloud:tracks:1d0143f69b3d9aa2e0b30e65618e957b,2024-09-10 18:57:28 UTC,2024-09-10,2024-09-11 18:21:18 UTC,2024-09-11,public,,,voice-notes-michigander-on,"Voice Notes: Michigander on ""Giving Up"""
2026-10-05,soundcloud:tracks:0af58773b3da6832a7c4b6ab626fa8ac,2024-09-10 18:57:28 UTC,2024-09-10,2025-02-10 17:08:13 UTC,2025-02-10,public,,,voice-notes-michigander-on-ill,"Voice Notes: Michigander on  ""I'll Be OK"""
2026-10-05,soundcloud:tracks:7177f40e6e502ec62404a972d35ad088,2024-09-09 19:02:07 UTC,2024-09-09,2024-09-13 14:25:09 UTC,2024-09-13,public,"[""coin"",""indierock"",""voicenotes""]",,voice-notes-coin-222,"Voice Notes: COIN on ""222"""
2026-10-05,soundcloud:tracks:4c3003732213977d1b58e5b251746c3a,2024-09-09 19:02:06 UTC,2024-09-09,2024-09-13 14:25:17 UTC,2024-09-13,public,"[""coin"",""indierock"",""voicenotes""]",,voice-notes-coin-singalong,"Voice Notes: COIN on ""Sing Along"""
2026-10-05,soundcloud:tracks:46d12004b585ed664bead51ea92961d5,2024-09-09 19:02:04 UTC,2024-09-09,2024-09-13 14:25:25 UTC,2024-09-13,public,"[""coin"",""indierock"",""voicenotes""]",,voice-notes-coin-problem,"Voice Notes: COIN on ""Problem"""
2026-10-05,soundcloud:tracks:b840bce5fbdb7e7ce9aa458d6b5d8578,2024-09-09 19:02:03 UTC,2024-09-09,2024-09-13 14:24:50 UTC,2024-09-13,public,"[""coin"",""indierock"",""voicenotes""]",,voice-notes-coin-slack,"Voice Notes: COIN on ""Slack"""
2026-10-05,soundcloud:tracks:ec74be11e3a11d6c1b8e1c61fd4c0c57,2024-09-09 19:02:01 UTC,2024-09-09,2024-09-13 14:25:43 UTC,2024-09-13,public,"[""coin"",""indierock"",""voicenotes""]",,voice-notes-coin-leaving-a,"Voice Notes: COIN on ""Leaving A Light On"""
2026-10-05,soundcloud:tracks:777e1544b317fec30cd9decbb416645c,2024-09-09 19:02:00 UTC,2024-09-09,2024-09-13 14:24:59 UTC,2024-09-13,public,"[""coin"",""indierock"",""voicenotes""]",,voice-notes-coin-strawberry,"Voice Notes: COIN on ""Strawberry Jam"""
2026-10-05,soundcloud:tracks:4bf9ceda63d433d1230699037c06c22f,2024-09-06 15:02:12 UTC,2024-09-06,2024-09-06 19:54:59 UTC,2024-09-06,public,"[""bcee"",""commentary"",""drum&bass"",""exclusive"",""voicenotes""]",Dance & EDM,voice-notes-bcee-on-gamble,"Voice Notes: BCee on ""Gamble"""
2026-10-05,soundcloud:tracks:aaaf83a9fa62964f563cb977bac69798,2024-09-06 15:02:08 UTC,2024-09-06,2024-09-06 19:55:04 UTC,2024-09-06,public,"[""bcee"",""commentary"",""drum&bass"",""exclusive"",""voicenotes""]",Dance & EDM,voice-notes-bcee-on-let-go-of,"Voice Notes: BCee on ""Let Go Of Love"""
2026-10-05,soundcloud:tracks:1ae1d5e7a224902c2b1f75331ad1b3ae,2024-09-06 15:02:06 UTC,2024-09-06,2024-09-06 19:55:09 UTC,2024-09-06,public,"[""bcee"",""commentary"",""drum&bass"",""exclusive"",""voicenotes""]",Dance & EDM,voice-notes-bcee-on-back-to,"Voice Notes: BCee on ""Back To The Street"""
2026-10-05,soundcloud:tracks:6dc0aff4ffa45b6ae63909743237bbdf,2024-09-06 15:02:04 UTC,2024-09-06,2024-09-06 19:55:14 UTC,2024-09-06,public,"[""bcee"",""commentary"",""drum&bass"",""exclusive"",""voicenotes""]",Dance & EDM,voice-notes-bcee-on-the-hills,"Voice Notes: BCee on ""The Hills"""
2026-10-05,soundcloud:tracks:55b4048d5c6e5a7e6c3c1cbd57cdfcf6,2024-09-06 15:02:02 UTC,2024-09-06,2024-09-06 19:55:23 UTC,2024-09-06,public,"[""bcee"",""commentary"",""drum&bass"",""exclusive"",""voicenotes""]",Dance & EDM,voice-notes-bcee-on-lies,"Voice Notes: BCee on ""Lies"""
2026-10-05,soundcloud:tracks:2d6ab7df4e88176af1e1d80360b668a5,2024-09-06 15:02:01 UTC,2024-09-06,2024-09-06 19:55:28 UTC,2024-09-06,public,"[""bcee"",""commentary"",""drum&bass"",""exclusive"",""voicenotes""]",Dance & EDM,voice-notes-bcee-on-is-anybody,"Voice Notes: BCee on ""Is Anybody Out There"""
2026-10-05,soundcloud:tracks:ced153822e8825969d80d1af7939f4d8,2024-09-05 15:19:01 UTC,2024-09-05,2024-09-05 20:57:12 UTC,2024-09-05,public,"[""1111"",""commentary"",""electronic"",""exclusive"",""voicenotes""]",Dance & EDM,voice-notes-1111-on-together,"Voice Notes: 1111 on ""Together"""
2026-10-05,soundcloud:tracks:855bc555e41fbb6b5f41f9de9fe4cdd9,2024-09-05 15:18:59 UTC,2024-09-05,2024-09-05 20:57:02 UTC,2024-09-05,public,"[""1111"",""commentary"",""electronic"",""exclusive"",""voicenotes""]",Dance & EDM,voice-notes-1111-on-shiny,"Voice Notes: 1111 on ""Shiny Bright Lights"""
2026-10-05,soundcloud:tracks:1b0f9681c5348c1fedcb75322e55e1dd,2024-09-05 15:18:58 UTC,2024-09-05,2024-09-05 20:56:38 UTC,2024-09-05,public,"[""1111"",""commentary"",""electronic"",""exclusive"",""voicenotes""]",Dance & EDM,voice-notes-1111-on-joy,"Voice Notes: 1111 on ""Joy"""
2026-10-05,soundcloud:tracks:e972d3d5d719c9246c4bf5949b52c999,2024-09-05 15:18:56 UTC,2024-09-05,2024-09-05 20:57:25 UTC,2024-09-05,public,"[""1111"",""commentary"",""electronic"",""exclusive"",""voicenotes""]",Dance & EDM,voice-notes-1111-on-feel,"Voice Notes: 1111 on ""Feel"""
2026-10-05,soundcloud:tracks:0f2dba8e38006e1c24119e73d9ca3c42,2024-09-05 15:18:54 UTC,2024-09-05,2024-09-05 20:56:50 UTC,2024-09-05,public,"[""1111"",""commentary"",""electronic"",""exclusive"",""voicenotes""]",Dance & EDM,voice-notes-1111-on-care-about,"Voice Notes: 1111 on ""Care About Us"""
2026-10-05,soundcloud:tracks:51837e7e2267a6eee34fd4cb8575b777,2024-09-05 15:18:53 UTC,2024-09-05,2024-09-05 20:56:28 UTC,2024-09-05,public,"[""1111"",""commentary"",""electronic"",""exclusive"",""voicenotes""]",Dance & EDM,voice-notes-1111-on-better,"Voice Notes: 1111 on ""Better Days"""
2026-10-05,soundcloud:tracks:34096dd86453d0529bf1132833ac6cdc,2024-08-30 15:57:53 UTC,2024-08-30,2024-08-30 16:13:38 UTC,2024-08-30,public,,,voice-notes-the-ting-tings-on-danced-on-the-wire-exclusive-commentary,"Voice Notes: The Ting Tings on ""Danced On The Wire"" (Exclusive Commentary)"
2026-10-05,soundcloud:tracks:c93efdc64c792e9ab15231b3fd363c3a,2024-08-28 15:35:28 UTC,2024-08-28,2024-08-28 15:50:04 UTC,2024-08-28,public,,,voice-notes-joe-p-on-violet,"Voice Notes: Joe P on ""Violet"" (Exclusive Commentary)"
2026-10-05,soundcloud:tracks:54f69017edb249a38be5119705f22ecd,2024-08-24 18:56:57 UTC,2024-08-24,2024-08-26 19:28:55 UTC,2024-08-26,public,,Country,voice-notes-thomas-rhett-on-2,"Voice Notes: Thomas Rhett on ""Fool"""
2026-10-05,soundcloud:tracks:15839ffd44eae640878d5d49a61637e4,2024-08-24 18:56:56 UTC,2024-08-24,2024-08-26 19:29:25 UTC,2024-08-26,public,,Country,voice-notes-thomas-rhett-on-1,"Voice Notes: Thomas Rhett on ""Somethin' 'Bout A Woman"""
2026-10-05,soundcloud:tracks:0c2131754690d361326a6c29b9761b03,2024-08-24 18:56:55 UTC,2024-08-24,2024-08-26 19:29:11 UTC,2024-08-26,public,,Country,voice-notes-thomas-rhett-on,"Voice Notes: Thomas Rhett on ""Beautiful As You"""
2026-10-05,soundcloud:tracks:acb2d7b90133c9fb52aff12b779a94a7,2024-08-24 18:56:53 UTC,2024-08-24,2024-08-26 19:29:36 UTC,2024-08-26,public,,Country,voice-notes-thomas-rhett-on-i,"Voice Notes: Thomas Rhett on ""I Could Spend Forever Loving You"""
2026-10-05,soundcloud:tracks:8335eea70d00d0c0e3d47b82df1c0d19,2024-08-22 17:53:39 UTC,2024-08-22,2024-08-23 20:11:08 UTC,2024-08-23,public,"[""amandareifer"",""commentary"",""exclusive"",""reggae"",""voicenotes""]",Reggae,voice-notes-amanda-reifer-1,"Voice Notes: Amanda Reifer on ""Sweat"""
2026-10-05,soundcloud:tracks:02fbf03bd4f06b62fbdcc58d2411f03f,2024-08-22 17:53:39 UTC,2024-08-22,2024-08-23 20:12:04 UTC,2024-08-23,public,"[""amandareifer"",""commentary"",""exclusive"",""reggae"",""voicenotes""]",Reggae,voice-notes-amanda-reifer-slyh,"Voice Notes: Amanda Reifer on ""Someone Loves You Honey"""
2026-10-05,soundcloud:tracks:3688a438c81355c90252001d6320c7d2,2024-08-22 17:53:39 UTC,2024-08-22,2024-08-23 20:11:27 UTC,2024-08-23,public,"[""amandareifer"",""commentary"",""exclusive"",""reggae"",""voicenotes""]",Reggae,voice-notes-amanda-reifer-no,"Voice Notes: Amanda Reifer on ""No Man"""
2026-10-05,soundcloud:tracks:e991183425b6624bd98974e2a2e85c52,2024-08-22 17:53:38 UTC,2024-08-22,2024-08-23 20:12:41 UTC,2024-08-23,public,"[""amandareifer"",""commentary"",""exclusive"",""reggae"",""voicenotes""]",Reggae,voice-notes-amanda-reifer-give,"Voice Notes: Amanda Reifer on ""Give Way"""
2026-10-05,soundcloud:tracks:209d0e76e62604b6012887560d5cf1ef,2024-08-22 17:53:38 UTC,2024-08-22,2024-08-23 20:10:53 UTC,2024-08-23,public,"[""commentary"",""exclusive"",""reggae"",""voicenotes""]",Reggae,voice-notes-amanda-reifer,Voice Notes: Amanda Reifer's 'Island Files' Introduction
2026-10-05,soundcloud:tracks:a652111eee231e504b5cc12ae8865e73,2024-08-22 17:53:37 UTC,2024-08-22,2024-08-23 20:11:50 UTC,2024-08-23,public,"[""amandareifer"",""commentary"",""exclusive"",""reggae"",""voicenotes""]",Reggae,voice-notes-amanda-reifer-dry,"Voice Notes: Amanda Reifer on ""Dry Cry"""
2026-10-05,soundcloud:tracks:c932b092111ed3e0a2b1c7d422b9038c,2024-08-14 20:44:06 UTC,2024-08-14,2024-08-21 21:25:05 UTC,2024-08-21,public,"[""cashcobain"",""commentary"",""exclusive"",""hip-hop"",""voicenotes""]",Hip-hop & Rap,voice-notes-cash-cobain-rump,"Voice Notes: Cash Cobain on ""Rump Punch"""
2026-10-05,soundcloud:tracks:7a3167dfc538f55928f32bba539b11dd,2024-08-14 20:44:04 UTC,2024-08-14,2024-08-21 21:25:58 UTC,2024-08-21,public,"[""cashcobain"",""commentary"",""exclusive"",""hip-hop"",""voicenotes""]",Hip-hop & Rap,voice-notes-cash-cobain-act,"Voice Notes: Cash Cobain on ""Act Like"""
2026-10-05,soundcloud:tracks:2c19923c3280a8ee4a207d4a48b8d83c,2024-08-12 20:58:25 UTC,2024-08-12,2024-08-13 16:26:46 UTC,2024-08-13,public,"[""commentary"",""songwriting"",""tonymcguinness"",""voicenotes""]",Rock,voice-notes-tony-mcguiness-2,"Voice Notes: Tony McGuinness on ""Biker Babe"""
2026-10-05,soundcloud:tracks:10680768f8ba3ff67e59eaf9d0bb02d3,2024-08-12 20:58:23 UTC,2024-08-12,2024-08-13 16:27:51 UTC,2024-08-13,public,"[""aboveandbeyond"",""commentary"",""songwriting"",""tonymcguinness"",""voicenotes""]",Rock,voice-notes-tony-mcguiness-1,"Voice Notes: Tony McGuinness  on ""Babydoll White"""
2026-10-05,soundcloud:tracks:3bad6b950b40ec437d75f5f153d988f7,2024-08-12 20:58:22 UTC,2024-08-12,2024-08-13 16:28:42 UTC,2024-08-13,public,"[""aboveandbeyond"",""commentary"",""songwriting"",""tonymcguinness"",""voicenotes""]",Rock,voice-notes-tony-mcguiness-on,"Voice Notes: Tony McGuinness on ""Crying"""
2026-10-05,soundcloud:tracks:5f4d4ba13bcb9d4826398e9638bf6dce,2024-08-12 20:58:21 UTC,2024-08-12,2024-08-13 16:29:32 UTC,2024-08-13,public,"[""aboveandbeyond"",""commentary"",""tonymcguinness"",""voicenotes""]",Rock,voice-notes-tony-mcguiness-on-carry-me-home,"Voice Notes: Tony McGuinness on ""Carry Me Home"""
2026-10-05,soundcloud:tracks:97c275418990aa9041bc7af315be8024,2024-08-09 15:46:01 UTC,2024-08-09,2024-08-09 19:17:00 UTC,2024-08-09,public,"[""commentary"",""exclusive"",""gavinturek"",""voicenotes""]",Disco,voice-notes-gavin-turek-on-1,"Voice Notes: Gavin Turek on ""Outta My Mind"""
2026-10-05,soundcloud:tracks:b4c147a61fa4b65232759f42f8357626,2024-08-09 15:46:00 UTC,2024-08-09,2024-08-09 19:17:24 UTC,2024-08-09,public,"[""commentary"",""exclusive"",""gavinturek"",""voicenotes""]",Disco,voice-notes-gavin-turek-on-off,"Voice Notes: Gavin Turek on ""Off The Wheel"""
2026-10-05,soundcloud:tracks:71728f77dffd62feb018277a82ab071b,2024-08-09 15:45:59 UTC,2024-08-09,2024-08-10 04:41:34 UTC,2024-08-10,public,"[""commentary"",""exclusive"",""gavinturek"",""voicenotes""]",Disco,voice-notes-gavin-turek-on-iou,"Voice Notes: Gavin Turek on ""IOU"""
2026-10-05,soundcloud:tracks:dbca4c8fb6db297aa3ee694779bfcbc4,2024-08-09 15:45:57 UTC,2024-08-09,2024-08-09 19:17:57 UTC,2024-08-09,public,"[""commentary"",""exclusive"",""gavinturek"",""voicenotes""]",Disco,voice-notes-gavin-turek-on,"Voice Notes: Gavin Turek on ""Disco Boots"""
2026-10-05,soundcloud:tracks:c88873ef063d2bcdf8004159c4b07008,2024-08-08 21:16:15 UTC,2024-08-08,2024-08-09 13:13:01 UTC,2024-08-09,public,"[""alternative"",""commentary"",""indie"",""phantogram"",""voicenotes""]",Alternative Rock,voice-note-phantogram-on-happy-again,"Voice Notes: Phantogram on ""Happy Again"" (Exclusive Commentary)"
2026-10-05,soundcloud:tracks:bf68091a57ca8469e0fbc87219e26a6b,2024-08-08 20:31:04 UTC,2024-08-08,2024-08-09 13:15:53 UTC,2024-08-09,public,"[""commentary"",""dance"",""exclusive"",""marlo"",""trance"",""voicenotes""]",Trance,voice-notes-marlo-on-rapture,"Voice Notes: MaRLo on ""Rapture"""
2026-10-05,soundcloud:tracks:2ffd338feb95a53bda5dc880fd102698,2024-08-07 17:46:31 UTC,2024-08-07,2024-08-08 14:47:20 UTC,2024-08-08,public,"[""commentary"",""electronic"",""exclusive"",""jaspertygner"",""voicenotes""]",Electronic,voice-notes-jasper-tygner-when,"Voice Notes: Jasper Tygner on ""When Ur Near"""
2026-10-05,soundcloud:tracks:e7651d0dae2d91879f9670a8bf26a28b,2024-08-07 17:46:29 UTC,2024-08-07,2024-08-08 14:47:32 UTC,2024-08-08,public,"[""commentary"",""electronic"",""exclusive"",""jaspertygner"",""voicenotes""]",Electronic,voice-notes-jasper-tygner-1,"Voice Notes: Jasper Tygner on ""Ready"" (feat. Art School Girlfriend)"
2026-10-05,soundcloud:tracks:fd3efda504f0102efa06f43e408ae011,2024-08-07 17:46:28 UTC,2024-08-07,2024-08-08 14:47:49 UTC,2024-08-08,public,"[""commentary"",""electronic"",""exclusive"",""jaspertygner"",""voicenotes""]",Electronic,voice-notes-jasper-tygner-deny,"Voice Notes: Jasper Tygner on ""Deny It"""
2026-10-05,soundcloud:tracks:e3c833a75910dd10a85de3a1d0a46737,2024-08-07 17:46:27 UTC,2024-08-07,2024-08-08 14:48:22 UTC,2024-08-08,public,"[""commentary"",""electronic"",""exclusive"",""jaspertygner"",""voicenotes""]",Electronic,voice-notes-jasper-tygner,"Voice Notes: Jasper Tygner on ""Before Me"""
2026-10-05,soundcloud:tracks:11a1083eb6487ecadf567d144d76f3e5,2024-08-07 17:46:25 UTC,2024-08-07,2024-08-08 14:48:37 UTC,2024-08-08,public,"[""commentary"",""electronic"",""exclusive"",""jaspertygner"",""voicenotes""]",Electronic,voice-notes-jasper-tygner-all,"Voice Notes: Jasper Tygner on ""All I Need"""
2026-10-05,soundcloud:tracks:ebe25be74249f218cfc7ad1d8cbba945,2024-08-07 16:39:27 UTC,2024-08-07,2024-08-08 14:23:20 UTC,2024-08-08,public,"[""49th&main"",""commentary"",""electronic"",""exclusive"",""house"",""voicenotes""]",Electronic,voice-notes-49th-main-catching,"Voice Notes: 49th & Main on ""Catching Eyes"""
2026-10-05,soundcloud:tracks:7573536315c35ac161718d53bbab8917,2024-08-07 16:39:25 UTC,2024-08-07,2024-08-07 20:05:17 UTC,2024-08-07,public,"[""49th&main"",""commentary"",""electronic"",""exclusive"",""house"",""voicenotes""]",Electronic,voice-notes-49th-main-up-to,"Voice Notes: 49th & Main on ""Up To Something"""
2026-10-05,soundcloud:tracks:96b0a9222de74dd2f7816fc496abc278,2024-08-07 16:39:24 UTC,2024-08-07,2024-08-07 20:04:28 UTC,2024-08-07,public,"[""49th&main"",""commentary"",""electronic"",""exclusive"",""house"",""voicenotes""]",Electronic,voice-notes-49th-main-never,"Voice Notes: 49th & Main on ""Never Gonna Stop"""
2026-10-05,soundcloud:tracks:ca3cf1aa69100260b1577301c236962d,2024-08-07 16:39:23 UTC,2024-08-07,2024-08-07 20:04:12 UTC,2024-08-07,public,"[""49th&main"",""commentary"",""electronic"",""exclusive"",""house"",""voicenotes""]",Electronic,voice-notes-49th-main-self,"Voice Notes: 49th & Main on ""Self Sabotage"""
2026-10-05,soundcloud:tracks:29a639b662f9099ec9cab083b3618f3b,2024-08-07 16:39:21 UTC,2024-08-07,2024-08-07 20:04:04 UTC,2024-08-07,public,"[""49th&main"",""commentary"",""electronic"",""exclusive"",""house"",""voicenotes""]",Electronic,voice-notes-49th-main-can-t,"Voice Notes: 49th & Main on ""Can't Walk Away"""
2026-10-05,soundcloud:tracks:6ca3ffb7940209681c5815a88c64ba9b,2024-07-31 19:59:24 UTC,2024-07-31,2024-08-01 19:49:13 UTC,2024-08-01,public,"[""commentary"",""electronic"",""gilliganmoss"",""house"",""voicenotes""]",House,voice-notes-gilligan-moss-2,"Voice Notes: Gilligan Moss on ""Still Wonder"""
2026-10-05,soundcloud:tracks:12f95fc89f74083f48abeb722b386bb0,2024-07-31 19:59:23 UTC,2024-07-31,2024-08-01 19:49:24 UTC,2024-08-01,public,"[""commentary"",""electronic"",""gilliganmoss"",""house"",""voicenotes""]",House,voice-notes-gilligan-moss-1,"Voice Notes: Gilligan Moss on ""You've Made It"""
2026-10-05,soundcloud:tracks:dff6f9918adc2e6403ca6bd15928bbd5,2024-07-31 19:59:23 UTC,2024-07-31,2024-08-01 19:51:02 UTC,2024-08-01,public,"[""commentary"",""electronic"",""gilliganmoss"",""house"",""voicenotes""]",House,voice-notes-gilligan-moss-turn,"Voice Notes: Gilligan Moss on ""Turn Back Time"""
2026-10-05,soundcloud:tracks:9d515ec56ceca6e836415231381a0edc,2024-07-31 19:59:23 UTC,2024-07-31,2024-08-01 19:51:12 UTC,2024-08-01,public,"[""commentary"",""electronic"",""gilliganmoss"",""house"",""voicenotes""]",House,voice-notes-gilligan-moss,"Voice Notes: Gilligan Moss on ""Upstate Miracle"""
2026-10-05,soundcloud:tracks:2a53feafe7bc16c6bce3642698efcd34,2024-07-31 19:49:14 UTC,2024-07-31,2024-07-31 19:51:20 UTC,2024-07-31,public,"[""commentary"",""indie"",""voicenotes""]",Indie,voice-notes-joe-p-on-lily,"Voice Notes: Joe P on ""Lily"" (Exclusive Commentary)"
2026-10-05,soundcloud:tracks:5d5c8f155b9094d22ca9dfc1a0cd33d9,2024-07-30 21:25:09 UTC,2024-07-30,2024-08-02 15:53:51 UTC,2024-08-02,public,"[""commentary"",""electronic"",""indie"",""teendaze"",""voicenotes""]",Electronic,voice-notes-teen-daze-in-the,"Voice Notes: Teen Daze on ""In the rain"""
2026-10-05,soundcloud:tracks:69c646d79a18744039161ef8b76699b8,2024-07-30 21:25:08 UTC,2024-07-30,2024-08-02 15:54:01 UTC,2024-08-02,public,"[""commentary"",""electronic"",""indie"",""teendaze"",""voicenotes""]",Electronic,voice-notes-teen-daze-hst,"Voice Notes: Teen Daze on ""HST underwater"""
2026-10-05,soundcloud:tracks:7cf4c4839319aae5344b53ce08bad160,2024-07-30 21:25:07 UTC,2024-07-30,2024-08-02 16:10:17 UTC,2024-08-02,public,"[""commentary"",""electronic"",""indie"",""teendaze"",""voicenotes""]",Electronic,voice-notes-teen-daze-fall,"Voice Notes: Teen Daze on ""Fall ahead"""
2026-10-05,soundcloud:tracks:15415ad17d9a0f226c31a0ee4a4a5593,2024-07-30 21:25:05 UTC,2024-07-30,2024-08-02 15:54:20 UTC,2024-08-02,public,"[""commentary"",""electronic"",""indie"",""teendaze"",""voicenotes""]",Electronic,voice-notes-teen-daze-fade,"Voice Notes: Teen Daze on ""Fade away"""
2026-10-05,soundcloud:tracks:e810a7df5a2eda8a72002cbef509b8df,2024-07-30 21:25:04 UTC,2024-07-30,2024-08-02 15:54:48 UTC,2024-08-02,public,"[""commentary"",""electronic"",""indie"",""teendaze"",""voicenotes""]",Electronic,voice-notes-teen-daze-1,"Voice Notes: Teen Daze on ""Neighbourhood"" (feat. Sam Wilkes)"
2026-10-05,soundcloud:tracks:b8cf6919e57704a721925e8415b24f43,2024-07-30 21:25:01 UTC,2024-07-30,2024-08-02 15:55:00 UTC,2024-08-02,public,"[""commentary"",""electronic"",""indie"",""teendaze"",""voicenotes""]",Electronic,voice-notes-teen-daze,"Voice Notes: Teen Daze on ""Nothing's gonna change my love"""
2026-10-05,soundcloud:tracks:00b0273e7620ee4302edd1334c48e549,2024-07-30 21:25:00 UTC,2024-07-30,2024-08-02 16:10:24 UTC,2024-08-02,public,"[""commentary"",""electronic"",""indie"",""teendaze"",""voicenotes""]",Electronic,voice-notes-teen-daze-were-out,"Voice Notes: Teen Daze on ""We're out of phase again"""
2026-10-05,soundcloud:tracks:11463ca7fa3bc004ffaacb5e6f5c12fb,2024-07-30 21:24:58 UTC,2024-07-30,2024-08-02 16:10:31 UTC,2024-08-02,public,"[""commentary"",""electronic"",""indie"",""teendaze"",""voicenotes""]",Electronic,voice-notes-teen-daze-back,"Voice Notes, Teen Daze on ""Back yard"" (feat. Sam Wilkes)"
2026-10-05,soundcloud:tracks:99e3b495aaad318e2c7ff092b1d6d25e,2024-07-29 23:52:55 UTC,2024-07-29,2024-07-30 16:19:27 UTC,2024-07-30,public,"[""bass"",""commentary"",""electronic"",""experimental"",""voicenotes""]",Electronic,voice-notes-saka-on-phantasm,"Voice Notes: Saka on ""Phantasm"""
2026-10-05,soundcloud:tracks:e12a2e3a210d89623dd4a51174b09d25,2024-07-29 23:52:54 UTC,2024-07-29,2024-07-30 16:21:26 UTC,2024-07-30,public,"[""bass"",""commentary"",""electronic"",""experimental"",""saka"",""voicenotes""]",Electronic,voice-notes-saka-on-ichiban,"Voice Notes: Saka on ""Ichiban"""
2026-10-05,soundcloud:tracks:6ad0d2e193f46cac0a59b6b33cbd7130,2024-07-29 23:52:53 UTC,2024-07-29,2024-07-30 16:22:24 UTC,2024-07-30,public,"[""bass"",""commentary"",""electronic"",""experimental"",""saka"",""voicenotes""]",Electronic,voice-notes-saka-on-shenlong,"Voice Notes: Saka on ""Shenlong"""
2026-10-05,soundcloud:tracks:7fc2d3c16ec7d534ed62688b520e9a25,2024-07-29 23:52:51 UTC,2024-07-29,2024-07-30 16:23:27 UTC,2024-07-30,public,"[""bass"",""commentary"",""electronic"",""experimental"",""saka"",""voicenotes""]",Electronic,voice-notes-saka-on-soul-ties,"Voice Notes: Saka on ""Soul Ties"""
2026-10-05,soundcloud:tracks:6bcef194af52d3c45632bedd31f76e44,2024-07-29 23:52:49 UTC,2024-07-29,2024-07-30 16:24:34 UTC,2024-07-30,public,"[""bass"",""commentary"",""electronic"",""experimental"",""saka"",""voicenotes""]",Electronic,voice-notes-saka-on-ghoul,"Voice Notes: Saka on ""Ghoul"""
2026-10-05,soundcloud:tracks:6b36f9247f7299dda8cbd61d8a1109ed,2024-07-29 23:52:48 UTC,2024-07-29,2024-07-30 16:25:23 UTC,2024-07-30,public,"[""bass"",""commentary"",""electronic"",""experimental"",""saka"",""voicenotes""]",Electronic,voice-notes-saka-on-ifrit,"Voice Notes: Saka on ""Ifrit"""
2026-10-05,soundcloud:tracks:09cde6fce5c46d15a78f882091b71801,2024-07-25 20:39:09 UTC,2024-07-25,2024-07-26 14:59:55 UTC,2024-07-26,public,"[""commentary"",""parishilton"",""voicenotes""]",Pop,voice-notes-paris-hilton,"Voice Notes: Paris Hilton on ""Chasin'"" with Meghan Trainor"
2026-10-05,soundcloud:tracks:092df056ac241556ce986bd6e569f43c,2024-07-24 21:29:27 UTC,2024-07-24,2024-07-25 19:47:28 UTC,2024-07-25,public,"[""bossa"",""commentary"",""voicenotes""]",Hip-hop & Rap,voice-notes-bossa-too-much,"Voice Notes - Bossa on ""Too Much"""
2026-10-05,soundcloud:tracks:10fb857d27daea352c2c6ded7b0aa2a0,2024-07-24 21:29:24 UTC,2024-07-24,2024-07-25 19:47:42 UTC,2024-07-25,public,"[""bossa"",""commentary"",""voicenotes""]",Hip-hop & Rap,voice-notes-bossa-go-crazy,"Voice Notes - Bossa on ""Go Crazy"""
2026-10-05,soundcloud:tracks:7b23f42267ef2b5fe87d66e4113b8fcc,2024-07-24 21:29:22 UTC,2024-07-24,2024-07-25 20:54:01 UTC,2024-07-25,public,"[""bossa"",""commentary"",""voicenotes""]",Hip-hop & Rap,voice-notes-bossa-fatigued,"Voice Notes - Bossa on ""Fatigued"""
2026-10-05,soundcloud:tracks:a1e475af5dcacf598c0134fa0e7d8aca,2024-07-24 21:29:21 UTC,2024-07-24,2024-07-25 20:54:07 UTC,2024-07-25,public,"[""bossa"",""commentary"",""voicenotes""]",Hip-hop & Rap,voice-notes-bossa-move-yo-body,"Voice Notes - Bossa on ""Move Yo Body"""
2026-10-05,soundcloud:tracks:3e9a356ca46cb4594b95eeca4ec91ace,2024-07-12 15:59:56 UTC,2024-07-12,2024-07-12 18:31:46 UTC,2024-07-12,public,"[""ar/co"",""commentary"",""dance"",""dancepop"",""tiesto"",""voicenotes""]",Storytelling,voice-notes-ar-co-back-around,"Voice Notes: AR/CO  on ""Back Around"" by Tiësto & AR/CO (Exclusive Commentary)"
2026-10-05,soundcloud:tracks:32c0afa64ba10e4f64ec268bf86f7101,2024-07-12 15:59:55 UTC,2024-07-12,2024-07-12 18:31:58 UTC,2024-07-12,public,"[""ar/co"",""commentary"",""dance"",""dancepop"",""voicenotes""]",Storytelling,voice-notes-ar-co-night-feels,"Voice Notes: AR/CO on ""Night Feels"" (Exclusive Commentary)"
2026-10-05,soundcloud:tracks:27f0fc0ca6aa30009da1847b33a0ca8c,2024-07-12 15:59:55 UTC,2024-07-12,2024-07-12 18:32:31 UTC,2024-07-12,public,"[""ar/co"",""commentary"",""dance"",""dancepop"",""voicenotes""]",Storytelling,voice-notes-ar-co-boys-like,"Voice Notes: AR/CO on ""Boys Like Girls” (Exclusive Commentary)"
2026-10-05,soundcloud:tracks:a18809f8061c9a026bfed9caf1ad2e17,2024-07-12 15:59:55 UTC,2024-07-12,2024-07-12 18:32:14 UTC,2024-07-12,public,"[""ar/co"",""commentary"",""dance"",""dancepop"",""deadmau5"",""kaskade"",""kx5"",""voicenotes""]",Storytelling,voice-notes-ar-co-bright,"Voice Notes: AR/CO on ""Bright Lights"" (Exclusive Commentary) by Kx5 feat. AR/CO"
2026-10-05,soundcloud:tracks:fdb6b9dfe147db07f0a61a97035f5091,2024-07-12 15:59:55 UTC,2024-07-12,2024-07-12 18:32:05 UTC,2024-07-12,public,"[""ar/co"",""commentary"",""dance"",""dancepop"",""voicenotes""]",Storytelling,voice-notes-ar-co-all-over-the,"Voice Notes: AR/CO on ""All Over The World"" (Exclusive Commentary)"
2026-10-05,soundcloud:tracks:622976ff43707558ff7e6905ecb4f9bd,2024-07-12 15:59:54 UTC,2024-07-12,2024-07-12 18:32:38 UTC,2024-07-12,public,"[""ar/co"",""commentary"",""dance"",""dnb"",""jungle"",""subfocus"",""voicenotes""]",Storytelling,voice-notes-ar-co-vibration-1,"Voice Notes: AR/CO on ""Vibration (One More Time)” by Sub Focus feat. AR/CO (Exclusive Commentary)"
2026-10-05,soundcloud:tracks:765b1175aec3aae94003e012fb0c583e,2024-07-12 15:59:54 UTC,2024-07-12,2024-07-12 18:32:59 UTC,2024-07-12,public,"[""ar/co"",""commentary"",""dance"",""dancepop"",""voicenotes""]",Storytelling,voice-notes-ar-co-cherry-lips,Voice Notes: AR/CO on “Cherry Lips” (Exclusive Commentary)
2026-10-05,soundcloud:tracks:bc15619ff92b1d827fda34dbf6385033,2024-07-08 21:32:44 UTC,2024-07-08,2024-07-10 13:16:04 UTC,2024-07-10,public,"[""commentary"",""voicenotes""]",Rock,voice-notes-joe-p-on-she-got,"Voice Notes: Joe P on ""She Got Me"" (Exclusive Commentary)"
2026-10-05,soundcloud:tracks:e7b12da7d39aa50e228c71c95ac69883,2024-07-08 21:32:44 UTC,2024-07-08,2024-07-10 13:16:14 UTC,2024-07-10,public,"[""commentary"",""voicenotes""]",Rock,voice-notes-joe-p-on-birthday,"Voice Notes: Joe P on ""Birthday Baby (The Girl with No Smile)"" (Exclusive Commentary)"
2026-10-05,soundcloud:tracks:6038f960502b2575f821ce33c62e67ce,2024-07-02 17:14:05 UTC,2024-07-02,2024-07-03 15:00:15 UTC,2024-07-03,public,"[""commentary"",""ellaisaacson"",""pop"",""voicenotes""]",Pop,voice-notes-ella-isaacson-5,"Voice Notes - Ella Isaacson on ""Armageddon"""
2026-10-05,soundcloud:tracks:87c6892afc7e63c73eed6982a0d8e4e5,2024-07-02 17:14:03 UTC,2024-07-02,2024-07-03 15:01:58 UTC,2024-07-03,public,"[""commentary"",""dance&edm"",""ellaisaacson"",""pop"",""r3hab"",""storytelling"",""voicenotes""]",Dance & EDM,voice-notes-ella-isaacson-4,"Voice Notes - Ella Isaacson on ""Expectations"" (R3HAB Remix)"
2026-10-05,soundcloud:tracks:5b63b30f90b990b18a9385a39bd712c8,2024-07-02 17:14:01 UTC,2024-07-02,2024-07-03 15:00:55 UTC,2024-07-03,public,"[""commentary"",""ellaisaacson"",""gallant"",""pop"",""storytelling"",""voicenotes""]",Pop,voice-notes-ella-isaacson-3,"Voice Notes - Ella Isaacson on ""Expectations"" feat Gallant"
2026-10-05,soundcloud:tracks:ffcc74163bc822d705fb5e958f1ea9d9,2024-07-02 17:13:59 UTC,2024-07-02,2024-07-03 15:01:20 UTC,2024-07-03,public,"[""commentary"",""ellaisaacson"",""pop"",""storytelling"",""voicenotes""]",Pop,voice-notes-ella-isaacson-2,"Voice Notes - Ella Isaacson on ""FMLYLM"""
2026-10-05,soundcloud:tracks:5e21123c2a7f7c052bc893e741f1fb37,2024-07-02 17:13:57 UTC,2024-07-02,2024-07-03 15:01:46 UTC,2024-07-03,public,"[""commentary"",""ellaisaacson"",""pop"",""storytelling"",""voicenotes""]",Pop,voice-notes-ella-isaacson-man,"Voice Notes - Ella Isaacson on ""Man On The Moon"""
2026-10-05,soundcloud:tracks:dd1d65f16a0491441cc6dee87e226f8a,2024-07-02 17:13:56 UTC,2024-07-02,2024-07-03 15:02:32 UTC,2024-07-03,public,"[""commentary"",""ellaisaacson"",""storytelling"",""voicenotes""]",Indie,voice-notes-ella-isaacson-1,"Voice Notes - Ella Isaacson on ""Nirvana"""
2026-10-05,soundcloud:tracks:8d9e3b7017458f8c826a06af7f0eea0a,2024-07-02 17:13:54 UTC,2024-07-02,2024-07-03 15:02:50 UTC,2024-07-03,public,"[""commentary"",""ellaisaacson"",""pop"",""storytelling"",""voicenotes""]",Pop,voice-notes-ella-isaacson,"Voice Notes - Ella Isaacson on ""Pretty Little Gangster"""
2026-10-05,soundcloud:tracks:6d8d3d68b27b46c2071aa1e38cb9e3cc,2024-06-27 18:06:00 UTC,2024-06-27,2024-06-27 20:37:16 UTC,2024-06-27,public,"[""commentary"",""deadmau5"",""voicenotes""]",Storytelling,voice-notes-deadmau5-introduction-to-retro5pective,Voice Notes - deadmau5 Introduction to retro5pective
2026-10-05,soundcloud:tracks:66c41d4eb6a8f15e9a4e3319dce23767,2024-06-27 17:37:54 UTC,2024-06-27,2024-06-28 15:56:06 UTC,2024-06-28,public,"[""commentary"",""dance"",""voicenotes""]",Storytelling,voice-notes-steve-aoki-on-heavenly-hell-feat-ne-yo,"Voice Notes: Steve Aoki on ""Heavenly Hell"" feat Ne-Yo"
2026-10-05,soundcloud:tracks:49267e74207c212ddeaf5c881d66ac81,2024-06-27 17:35:24 UTC,2024-06-27,2024-06-28 15:56:19 UTC,2024-06-28,public,"[""commentary"",""voicenotes""]",Storytelling,voice-notes-steve-aoki-on-azukita-by-steve-aoki-daddy-yankee-elvis-crespo-play-n-skillz,"Voice Notes: Steve Aoki on ""Azukita"" by Steve Aoki, Daddy Yankee, Elvis Crespo, Play-N-Skillz"
2026-10-05,soundcloud:tracks:995b08ee1dea673d6714e6228f0be756,2024-06-27 17:32:35 UTC,2024-06-27,2024-06-28 15:56:33 UTC,2024-06-28,public,"[""commentary"",""voicenotes""]",Storytelling,voice-notes-steve-aoki-on-a-light-that-never-comes-by-linkin-park-steve-aoki,"Voice Notes: Steve Aoki on ""A Light That Never Comes"" by Linkin Park & Steve Aoki"
2026-10-05,soundcloud:tracks:877ad94e03cc65ab5b751aeed3ddc094,2024-06-27 17:28:05 UTC,2024-06-27,2024-06-28 15:56:43 UTC,2024-06-28,public,"[""commentary"",""dance"",""voicenotes""]",Storytelling,voice-notes-steve-aoki-on-turbulence-by-steve-aoki-laidback-luke-feat-lil-jon,"Voice Notes: Steve Aoki on ""Turbulence"" by Steve Aoki & Laidback Luke feat Lil Jon"
2026-10-05,soundcloud:tracks:2afba1f3e08e716bbf23a19925f8d2b1,2024-06-27 14:14:17 UTC,2024-06-27,2024-06-28 15:56:55 UTC,2024-06-28,public,"[""commentary"",""voicenotes""]",Storytelling,voice-notes-steve-aoki-on-kong-20-by-steve-aoki-natanael-cano,"Voice Notes: Steve Aoki on ""Kong 2.0"" by Steve Aoki & Natanael Cano"
2026-10-05,soundcloud:tracks:38be75c63ec1fe0a8c6a011ba72ff9c2,2024-06-27 14:11:57 UTC,2024-06-27,2024-06-28 15:57:14 UTC,2024-06-28,public,"[""commentary"",""voicenotes""]",Storytelling,voice-notes-steve-aoki-on-ultimate-by-steve-aoki-feat-snow-tha-product,"Voice Notes: Steve Aoki on ""Ultimate"" by Steve Aoki feat. Snow Tha Product"
2026-10-05,soundcloud:tracks:2858a0e3e2a18a320aefe7901a2131d8,2024-06-27 14:09:49 UTC,2024-06-27,2024-06-28 15:57:32 UTC,2024-06-28,public,"[""commentary"",""voicenotes""]",Storytelling,voice-notes-steve-aoki-on-let-it-be-me-by-steve-aoki-backstreet-boys,"Voice Notes: Steve Aoki on ""Let It Be Me"" by Steve Aoki & Backstreet Boys"
2026-10-05,soundcloud:tracks:611fb33c2332171d03a554ff5bd6f672,2024-06-27 14:05:48 UTC,2024-06-27,2024-06-28 15:57:41 UTC,2024-06-28,public,"[""commentary"",""voicenotes""]",Storytelling,voice-notes-steve-aoki-on-im-in-the-house-by-steve-aoki-feat-zuper-blahq,"Voice Notes: Steve Aoki on ""I'm In The House"" by Steve Aoki feat. [[[zuper blahq]]]"
2026-10-05,soundcloud:tracks:67cace9b68271af700b2389c31f5f3b7,2024-06-27 14:04:30 UTC,2024-06-27,2024-06-28 15:57:58 UTC,2024-06-28,public,"[""commentary"",""voicenotes""]",Storytelling,voice-notes-steve-aoki-on-back-to-earth-by-steve-aoki-feat-fall-out-boy,"Voice Notes: Steve Aoki on ""Back To Earth"" by Steve Aoki feat. Fall Out Boy"
2026-10-05,soundcloud:tracks:212d2647dbbc7968cb09318f9c12d147,2024-06-27 14:03:00 UTC,2024-06-27,2024-06-28 15:58:12 UTC,2024-06-28,public,"[""voicenotes""]",Storytelling,voice-notes-steve-aoki-on-why-are-we-so-broken-by-steve-aoki-feat-blink-182,"Voice Notes: Steve Aoki on ""Why Are We So Broken"" by Steve Aoki Feat Blink 182"
2026-10-05,soundcloud:tracks:d562d6e9937b4e6d5cbd72ef3a52f3df,2024-06-27 14:00:11 UTC,2024-06-27,2024-06-28 15:58:20 UTC,2024-06-28,public,"[""commentary"",""voicenotes""]",Storytelling,voice-notes-steve-aoki-on-just-hold-on-by-steve-aoki-louis-tomlinson,"Voice Notes: Steve Aoki on ""Just Hold On"" by Steve Aoki & Louis Tomlinson"
2026-10-05,soundcloud:tracks:f5d36c334e570aaa87bb00c6d177b92b,2024-06-27 13:58:43 UTC,2024-06-27,2024-06-28 15:58:28 UTC,2024-06-28,public,,Storytelling,voice-notes-steve-aoki-on-pursuit-of-happiness-by-kid-cudi-steve-aoki-remix-2,"Voice Notes - Steve Aoki on ""Pursuit Of Happiness"" by Kid Cudi (Steve Aoki Remix)"
2026-10-05,soundcloud:tracks:5e93fc9efca3e74acb162ab1af350894,2024-06-25 14:23:53 UTC,2024-06-25,2024-06-27 20:37:25 UTC,2024-06-27,public,,Dance & EDM,voice-notes-wolfgang-gartner-on-animal-rights-by-deadmau5-and-wolfgang-gartner,"Voice Notes - Wolfgang Gartner on ""Animal Rights"" by deadmau5 and Wolfgang Gartner"
2026-10-05,soundcloud:tracks:c04b0451a0451eefdc3fea62d7c450cf,2024-06-25 14:21:14 UTC,2024-06-25,2024-06-27 20:37:32 UTC,2024-06-27,public,,,voice-notes-hayla-on-escape-feat-hayla-by-kx5,"Voice Notes - ""Hayla"" on Escape (feat. Hayla) by Kx5"
2026-10-05,soundcloud:tracks:5f095228e7ecd344726db9a2ee27982c,2024-06-25 14:20:04 UTC,2024-06-25,2024-06-27 20:37:58 UTC,2024-06-27,public,,,voice-notes-sofi-on-sofi-needs-a-ladder-by-deadmau5,"Voice Notes - Sofi on ""SOFI Needs A Ladder"" by deadmau5"
2026-10-05,soundcloud:tracks:bca1aeb974aeb34de2e45f0fcfc6c6c0,2024-06-25 14:16:27 UTC,2024-06-25,2024-06-27 20:38:50 UTC,2024-06-27,public,,,voice-notes-jauz-on-ghosts-n-stuff-jauz-remix-feat-rob-swire-by-deadmau5,"Voice Notes - Jauz on ""Ghosts 'n' Stuff"" (Jauz Remix) feat. Rob Swire by deadmau5"
2026-10-05,soundcloud:tracks:17eb95391e77bfc05c899f647a30778e,2024-06-25 14:14:55 UTC,2024-06-25,2024-06-27 20:38:38 UTC,2024-06-27,public,,Dance & EDM,voice-notes-rebuke-onnot-exactly-rebuke-remix-by-deadmau5,"Voice Notes - Rebūke on ""Not Exactly"" (Rebūke Remix) by deadmau5"
2026-10-05,soundcloud:tracks:3617597868b314df8fdd9a59e770daa8,2024-06-25 14:10:51 UTC,2024-06-25,2024-06-27 20:38:22 UTC,2024-06-27,public,,Dance & EDM,voice-notes-kiesza-on-bridged-by-a-lightwave-by-deadmau5,"Voice Notes - Kiesza on ""Bridged By A Lightwave"" by deadmau5"
2026-10-05,soundcloud:tracks:31d93a78d1ec9939e6ae4a1b94381404,2024-06-25 14:09:36 UTC,2024-06-25,2024-06-27 20:38:14 UTC,2024-06-27,public,,Dance & EDM,voice-notes-grabbitz-on-let-go-by-deadmau5,"Voice Notes - Grabbitz on ""Let Go"" by deadmau5"
2026-10-05,soundcloud:tracks:4af2718de3869e527d6e228ee5da5487,2024-06-24 16:43:30 UTC,2024-06-24,2024-06-24 20:28:01 UTC,2024-06-24,public,"[""club"",""dance"",""dancepop"",""voicenotes""]",Storytelling,voice-notes-tove-lo-sg-lewis-on-desire-exclusive-commentary,"Voice Notes - Tove Lo & SG Lewis on ""Desire"" (Exclusive Commentary)"
2026-10-05,soundcloud:tracks:fd7ac8cf2a049126c36f376e3f750cfa,2024-06-24 16:42:04 UTC,2024-06-24,2024-06-24 20:28:07 UTC,2024-06-24,public,"[""club"",""dance"",""dancepop"",""voicenotes""]",Storytelling,voice-notes-tove-lo-sg-lewis-on-let-me-go-oh-oh-exclusive-commentary,"Voice Notes - Tove Lo & SG Lewis on ""Let me go OH OH"" (Exclusive Commentary)"
2026-10-05,soundcloud:tracks:87f30ac5cde1945448295406ab859684,2024-06-24 16:38:48 UTC,2024-06-24,2024-06-24 20:28:17 UTC,2024-06-24,public,"[""club"",""dance"",""dancepop"",""trance"",""voicenotes""]",Storytelling,voice-notes-tove-lo-sg-lewis-on-heat-exclusive-commentary,"Voice Notes - Tove Lo & SG Lewis on ""Heat"" (Exclusive Commentary)"
2026-10-05,soundcloud:tracks:cc0dd8c7a39ff4311512276d43c0e18f,2024-06-24 16:36:35 UTC,2024-06-24,2024-06-24 20:28:26 UTC,2024-06-24,public,"[""dance"",""dancepop"",""voicenotes""]",Storytelling,voice-notes-tove-lo-sg-lewis-on-busy-girl-exclusive-commentary,"Voice Notes - Tove Lo & SG Lewis on ""Busy Girl"" (Exclusive Commentary)"
2026-10-05,soundcloud:tracks:0993590f6d7b0b7fb704503c1e6731c0,2024-06-20 19:39:20 UTC,2024-06-20,2024-06-21 12:47:09 UTC,2024-06-21,public,"[""commentary"",""trance""]",Storytelling,voice-notes-marlo-on-oceans-exclusive-commentary,"Voice Notes: MaRLo on ""Oceans"" (Exclusive Commentary)"
2026-10-05,soundcloud:tracks:ec1d2d06c5de28944f44ae73d47a457e,2024-06-14 18:13:33 UTC,2024-06-14,2024-06-14 18:15:11 UTC,2024-06-14,public,"[""commentary"",""exclusive"",""indie""]",Storytelling,voice-notes-phantogram-on-all-a-mystery-exclusive-commentary,"Voice Notes: Phantogram on ""All A Mystery"" (Exclusive Commentary)"
2026-10-05,soundcloud:tracks:4c8e76e56e9823d2c6fad630a7df077a,2024-05-23 18:05:31 UTC,2024-05-23,2024-05-24 13:15:04 UTC,2024-05-24,public,"[""commentary"",""exclusive"",""indie"",""thetingtings"",""tingtings""]",Storytelling,voice-notes-the-ting-tings-on-down-exclusive-commentary,"Voice Notes: The Ting Tings on ""Down"" (Exclusive Commentary)"
2026-10-05,soundcloud:tracks:ff486a7e76172d13713b80343613bb13,2024-05-08 13:42:33 UTC,2024-05-08,2024-05-08 15:22:36 UTC,2024-05-08,public,"[""alternative"",""storytelling"",""voicenotes""]",Storytelling,voice-notes-coheed-and-cambrias-claudio-sanchez-on-the-joke,"Voice Notes: Coheed and Cambria's Claudio Sanchez on ""The Joke"""
